model,seed,fold,target,sample_id,y_true,y_pred
Mean,42,0,glass_adhesion_kpa,hg0274,101.34465789794922,93.30076599121094
Mean,42,0,glass_adhesion_kpa,hg0275,229.6956787109375,93.30076599121094
Mean,42,0,glass_adhesion_kpa,hg0276,160.2830810546875,93.30076599121094
Mean,42,0,glass_adhesion_kpa,hg0277,100.89171600341797,93.30076599121094
Mean,42,0,glass_adhesion_kpa,hg0278,91.04033660888672,93.30076599121094
Mean,42,0,glass_adhesion_kpa,hg0279,127.67162322998047,93.30076599121094
Mean,42,0,glass_adhesion_kpa,hg0280,117.31068420410156,93.30076599121094
Mean,42,0,glass_adhesion_kpa,hg0281,155.07431030273438,93.30076599121094
Mean,42,0,glass_adhesion_kpa,hg0282,74.50814056396484,93.30076599121094
Mean,42,0,glass_adhesion_kpa,hg0283,101.62773895263672,93.30076599121094
Mean,42,0,glass_adhesion_kpa,hg0284,75.13092803955078,93.30076599121094
Mean,42,0,glass_adhesion_kpa,hg0285,245.0955352783203,93.30076599121094
Mean,42,0,glass_adhesion_kpa,hg0286,109.9504623413086,93.30076599121094
Mean,42,0,glass_adhesion_kpa,hg0287,200.08493041992188,93.30076599121094
Mean,42,0,glass_adhesion_kpa,hg0288,250.9837188720703,93.30076599121094
Mean,42,0,glass_adhesion_kpa,hg0289,81.07572174072266,93.30076599121094
Mean,42,0,glass_adhesion_kpa,hg0290,235.4706268310547,93.30076599121094
Mean,42,0,glass_adhesion_kpa,hg0291,225.3927764892578,93.30076599121094
Mean,42,0,glass_adhesion_kpa,hg0334,206.6525115966797,93.30076599121094
Mean,42,0,glass_adhesion_kpa,hg0335,193.57395935058594,93.30076599121094
Mean,42,0,glass_adhesion_kpa,hg0336,62.22222137451172,93.30076599121094
Mean,42,0,glass_adhesion_kpa,hg0337,147.99716186523438,93.30076599121094
Mean,42,0,glass_adhesion_kpa,hg0338,229.75230407714844,93.30076599121094
Mean,42,0,glass_adhesion_kpa,hg0339,232.0736083984375,93.30076599121094
Mean,42,0,glass_adhesion_kpa,hg0340,199.1224365234375,93.30076599121094
Ridge,42,0,glass_adhesion_kpa,hg0274,101.34465789794922,170.58023071289062
Ridge,42,0,glass_adhesion_kpa,hg0275,229.6956787109375,228.34866333007812
Ridge,42,0,glass_adhesion_kpa,hg0276,160.2830810546875,134.75357055664062
Ridge,42,0,glass_adhesion_kpa,hg0277,100.89171600341797,88.91790008544922
Ridge,42,0,glass_adhesion_kpa,hg0278,91.04033660888672,55.117122650146484
Ridge,42,0,glass_adhesion_kpa,hg0279,127.67162322998047,151.45150756835938
Ridge,42,0,glass_adhesion_kpa,hg0280,117.31068420410156,205.56100463867188
Ridge,42,0,glass_adhesion_kpa,hg0281,155.07431030273438,150.8625030517578
Ridge,42,0,glass_adhesion_kpa,hg0282,74.50814056396484,119.60430908203125
Ridge,42,0,glass_adhesion_kpa,hg0283,101.62773895263672,173.29689025878906
Ridge,42,0,glass_adhesion_kpa,hg0284,75.13092803955078,76.25223541259766
Ridge,42,0,glass_adhesion_kpa,hg0285,245.0955352783203,229.31739807128906
Ridge,42,0,glass_adhesion_kpa,hg0286,109.9504623413086,117.9360580444336
Ridge,42,0,glass_adhesion_kpa,hg0287,200.08493041992188,226.71910095214844
Ridge,42,0,glass_adhesion_kpa,hg0288,250.9837188720703,229.53436279296875
Ridge,42,0,glass_adhesion_kpa,hg0289,81.07572174072266,140.72679138183594
Ridge,42,0,glass_adhesion_kpa,hg0290,235.4706268310547,228.69171142578125
Ridge,42,0,glass_adhesion_kpa,hg0291,225.3927764892578,227.4755096435547
Ridge,42,0,glass_adhesion_kpa,hg0334,206.6525115966797,227.67869567871094
Ridge,42,0,glass_adhesion_kpa,hg0335,193.57395935058594,177.57411193847656
Ridge,42,0,glass_adhesion_kpa,hg0336,62.22222137451172,139.00772094726562
Ridge,42,0,glass_adhesion_kpa,hg0337,147.99716186523438,138.75047302246094
Ridge,42,0,glass_adhesion_kpa,hg0338,229.75230407714844,228.28372192382812
Ridge,42,0,glass_adhesion_kpa,hg0339,232.0736083984375,229.60830688476562
Ridge,42,0,glass_adhesion_kpa,hg0340,199.1224365234375,220.59371948242188
ElasticNet,42,0,glass_adhesion_kpa,hg0274,101.34465789794922,170.50234985351562
ElasticNet,42,0,glass_adhesion_kpa,hg0275,229.6956787109375,228.24298095703125
ElasticNet,42,0,glass_adhesion_kpa,hg0276,160.2830810546875,134.31552124023438
ElasticNet,42,0,glass_adhesion_kpa,hg0277,100.89171600341797,88.53102111816406
ElasticNet,42,0,glass_adhesion_kpa,hg0278,91.04033660888672,54.84864044189453
ElasticNet,42,0,glass_adhesion_kpa,hg0279,127.67162322998047,151.59127807617188
ElasticNet,42,0,glass_adhesion_kpa,hg0280,117.31068420410156,205.2069091796875
ElasticNet,42,0,glass_adhesion_kpa,hg0281,155.07431030273438,150.26345825195312
ElasticNet,42,0,glass_adhesion_kpa,hg0282,74.50814056396484,119.30897521972656
ElasticNet,42,0,glass_adhesion_kpa,hg0283,101.62773895263672,173.21661376953125
ElasticNet,42,0,glass_adhesion_kpa,hg0284,75.13092803955078,76.60000610351562
ElasticNet,42,0,glass_adhesion_kpa,hg0285,245.0955352783203,229.1292266845703
ElasticNet,42,0,glass_adhesion_kpa,hg0286,109.9504623413086,117.63796997070312
ElasticNet,42,0,glass_adhesion_kpa,hg0287,200.08493041992188,226.9110107421875
ElasticNet,42,0,glass_adhesion_kpa,hg0288,250.9837188720703,229.3771209716797
ElasticNet,42,0,glass_adhesion_kpa,hg0289,81.07572174072266,140.77040100097656
ElasticNet,42,0,glass_adhesion_kpa,hg0290,235.4706268310547,228.60951232910156
ElasticNet,42,0,glass_adhesion_kpa,hg0291,225.3927764892578,227.51295471191406
ElasticNet,42,0,glass_adhesion_kpa,hg0334,206.6525115966797,227.4724578857422
ElasticNet,42,0,glass_adhesion_kpa,hg0335,193.57395935058594,176.9140625
ElasticNet,42,0,glass_adhesion_kpa,hg0336,62.22222137451172,140.77029418945312
ElasticNet,42,0,glass_adhesion_kpa,hg0337,147.99716186523438,138.92539978027344
ElasticNet,42,0,glass_adhesion_kpa,hg0338,229.75230407714844,228.17861938476562
ElasticNet,42,0,glass_adhesion_kpa,hg0339,232.0736083984375,229.3961181640625
ElasticNet,42,0,glass_adhesion_kpa,hg0340,199.1224365234375,221.43434143066406
KNN,42,0,glass_adhesion_kpa,hg0274,101.34465789794922,162.88675667864902
KNN,42,0,glass_adhesion_kpa,hg0275,229.6956787109375,295.4445527278779
KNN,42,0,glass_adhesion_kpa,hg0276,160.2830810546875,97.6904915507944
KNN,42,0,glass_adhesion_kpa,hg0277,100.89171600341797,89.02992790068852
KNN,42,0,glass_adhesion_kpa,hg0278,91.04033660888672,84.28362518144867
KNN,42,0,glass_adhesion_kpa,hg0279,127.67162322998047,122.08289641314983
KNN,42,0,glass_adhesion_kpa,hg0280,117.31068420410156,184.30430531921465
KNN,42,0,glass_adhesion_kpa,hg0281,155.07431030273438,137.65366605934406
KNN,42,0,glass_adhesion_kpa,hg0282,74.50814056396484,88.91998285403149
KNN,42,0,glass_adhesion_kpa,hg0283,101.62773895263672,173.89332516179485
KNN,42,0,glass_adhesion_kpa,hg0284,75.13092803955078,80.0208808828477
KNN,42,0,glass_adhesion_kpa,hg0285,245.0955352783203,281.31821384558117
KNN,42,0,glass_adhesion_kpa,hg0286,109.9504623413086,95.62529902837018
KNN,42,0,glass_adhesion_kpa,hg0287,200.08493041992188,248.9091020115946
KNN,42,0,glass_adhesion_kpa,hg0288,250.9837188720703,273.47488233744076
KNN,42,0,glass_adhesion_kpa,hg0289,81.07572174072266,97.89647395779365
KNN,42,0,glass_adhesion_kpa,hg0290,235.4706268310547,279.13489754187026
KNN,42,0,glass_adhesion_kpa,hg0291,225.3927764892578,275.49170062461013
KNN,42,0,glass_adhesion_kpa,hg0334,206.6525115966797,282.39871200486056
KNN,42,0,glass_adhesion_kpa,hg0335,193.57395935058594,149.23478666983445
KNN,42,0,glass_adhesion_kpa,hg0336,62.22222137451172,170.83380010448562
KNN,42,0,glass_adhesion_kpa,hg0337,147.99716186523438,153.737240124312
KNN,42,0,glass_adhesion_kpa,hg0338,229.75230407714844,284.86499518572384
KNN,42,0,glass_adhesion_kpa,hg0339,232.0736083984375,265.2709889279718
KNN,42,0,glass_adhesion_kpa,hg0340,199.1224365234375,249.17548681456142
SVR-RBF,42,0,glass_adhesion_kpa,hg0274,101.34465789794922,157.48850036002432
SVR-RBF,42,0,glass_adhesion_kpa,hg0275,229.6956787109375,281.773485121027
SVR-RBF,42,0,glass_adhesion_kpa,hg0276,160.2830810546875,93.25206342713885
SVR-RBF,42,0,glass_adhesion_kpa,hg0277,100.89171600341797,82.24818367530237
SVR-RBF,42,0,glass_adhesion_kpa,hg0278,91.04033660888672,79.56224598376903
SVR-RBF,42,0,glass_adhesion_kpa,hg0279,127.67162322998047,81.29364876229498
SVR-RBF,42,0,glass_adhesion_kpa,hg0280,117.31068420410156,167.6594270431224
SVR-RBF,42,0,glass_adhesion_kpa,hg0281,155.07431030273438,87.48858646205633
SVR-RBF,42,0,glass_adhesion_kpa,hg0282,74.50814056396484,99.56561194131177
SVR-RBF,42,0,glass_adhesion_kpa,hg0283,101.62773895263672,158.44191477551186
SVR-RBF,42,0,glass_adhesion_kpa,hg0284,75.13092803955078,43.0158647786882
SVR-RBF,42,0,glass_adhesion_kpa,hg0285,245.0955352783203,303.91284229275
SVR-RBF,42,0,glass_adhesion_kpa,hg0286,109.9504623413086,83.1335015643356
SVR-RBF,42,0,glass_adhesion_kpa,hg0287,200.08493041992188,260.27845770240447
SVR-RBF,42,0,glass_adhesion_kpa,hg0288,250.9837188720703,315.15383200152513
SVR-RBF,42,0,glass_adhesion_kpa,hg0289,81.07572174072266,81.09239924012033
SVR-RBF,42,0,glass_adhesion_kpa,hg0290,235.4706268310547,298.49172342732487
SVR-RBF,42,0,glass_adhesion_kpa,hg0291,225.3927764892578,268.6279507092915
SVR-RBF,42,0,glass_adhesion_kpa,hg0334,206.6525115966797,250.15768402316246
SVR-RBF,42,0,glass_adhesion_kpa,hg0335,193.57395935058594,136.51838398731473
SVR-RBF,42,0,glass_adhesion_kpa,hg0336,62.22222137451172,149.0360298396937
SVR-RBF,42,0,glass_adhesion_kpa,hg0337,147.99716186523438,112.83410532206847
SVR-RBF,42,0,glass_adhesion_kpa,hg0338,229.75230407714844,279.49378917507585
SVR-RBF,42,0,glass_adhesion_kpa,hg0339,232.0736083984375,308.2879430654032
SVR-RBF,42,0,glass_adhesion_kpa,hg0340,199.1224365234375,154.58060483340205
RandomForest,42,0,glass_adhesion_kpa,hg0274,101.34465789794922,174.87695212586138
RandomForest,42,0,glass_adhesion_kpa,hg0275,229.6956787109375,280.33872622942874
RandomForest,42,0,glass_adhesion_kpa,hg0276,160.2830810546875,122.3689030512638
RandomForest,42,0,glass_adhesion_kpa,hg0277,100.89171600341797,96.70900653169801
RandomForest,42,0,glass_adhesion_kpa,hg0278,91.04033660888672,84.81264762031482
RandomForest,42,0,glass_adhesion_kpa,hg0279,127.67162322998047,135.12236977301998
RandomForest,42,0,glass_adhesion_kpa,hg0280,117.31068420410156,178.81980164226908
RandomForest,42,0,glass_adhesion_kpa,hg0281,155.07431030273438,127.70129778300175
RandomForest,42,0,glass_adhesion_kpa,hg0282,74.50814056396484,107.56957955345987
RandomForest,42,0,glass_adhesion_kpa,hg0283,101.62773895263672,176.07000715127515
RandomForest,42,0,glass_adhesion_kpa,hg0284,75.13092803955078,80.23881314210121
RandomForest,42,0,glass_adhesion_kpa,hg0285,245.0955352783203,270.50301296907026
RandomForest,42,0,glass_adhesion_kpa,hg0286,109.9504623413086,99.40146465447276
RandomForest,42,0,glass_adhesion_kpa,hg0287,200.08493041992188,250.4767579593592
RandomForest,42,0,glass_adhesion_kpa,hg0288,250.9837188720703,271.36175452055215
RandomForest,42,0,glass_adhesion_kpa,hg0289,81.07572174072266,133.03822027718522
RandomForest,42,0,glass_adhesion_kpa,hg0290,235.4706268310547,277.9451737047865
RandomForest,42,0,glass_adhesion_kpa,hg0291,225.3927764892578,271.51654513634793
RandomForest,42,0,glass_adhesion_kpa,hg0334,206.6525115966797,270.79537140397156
RandomForest,42,0,glass_adhesion_kpa,hg0335,193.57395935058594,145.3142301306372
RandomForest,42,0,glass_adhesion_kpa,hg0336,62.22222137451172,136.82139395845857
RandomForest,42,0,glass_adhesion_kpa,hg0337,147.99716186523438,149.57949685260678
RandomForest,42,0,glass_adhesion_kpa,hg0338,229.75230407714844,279.14224548138804
RandomForest,42,0,glass_adhesion_kpa,hg0339,232.0736083984375,271.8122744799977
RandomForest,42,0,glass_adhesion_kpa,hg0340,199.1224365234375,216.30632506286824
HistGB,42,0,glass_adhesion_kpa,hg0274,101.34465789794922,168.0616322265215
HistGB,42,0,glass_adhesion_kpa,hg0275,229.6956787109375,257.2618945049954
HistGB,42,0,glass_adhesion_kpa,hg0276,160.2830810546875,118.36372576955137
HistGB,42,0,glass_adhesion_kpa,hg0277,100.89171600341797,75.29794180429161
HistGB,42,0,glass_adhesion_kpa,hg0278,91.04033660888672,92.94375551526207
HistGB,42,0,glass_adhesion_kpa,hg0279,127.67162322998047,123.16367807123565
HistGB,42,0,glass_adhesion_kpa,hg0280,117.31068420410156,183.34633064680716
HistGB,42,0,glass_adhesion_kpa,hg0281,155.07431030273438,105.36446423116448
HistGB,42,0,glass_adhesion_kpa,hg0282,74.50814056396484,111.23888252602447
HistGB,42,0,glass_adhesion_kpa,hg0283,101.62773895263672,171.168263519905
HistGB,42,0,glass_adhesion_kpa,hg0284,75.13092803955078,62.28307963814992
HistGB,42,0,glass_adhesion_kpa,hg0285,245.0955352783203,260.16794659149
HistGB,42,0,glass_adhesion_kpa,hg0286,109.9504623413086,103.738337075869
HistGB,42,0,glass_adhesion_kpa,hg0287,200.08493041992188,245.39747567347206
HistGB,42,0,glass_adhesion_kpa,hg0288,250.9837188720703,259.4734705677082
HistGB,42,0,glass_adhesion_kpa,hg0289,81.07572174072266,120.50543381033152
HistGB,42,0,glass_adhesion_kpa,hg0290,235.4706268310547,259.4734705677082
HistGB,42,0,glass_adhesion_kpa,hg0291,225.3927764892578,248.96238125601042
HistGB,42,0,glass_adhesion_kpa,hg0334,206.6525115966797,245.7507870978974
HistGB,42,0,glass_adhesion_kpa,hg0335,193.57395935058594,139.2423468172657
HistGB,42,0,glass_adhesion_kpa,hg0336,62.22222137451172,153.62363951225194
HistGB,42,0,glass_adhesion_kpa,hg0337,147.99716186523438,145.45369456998037
HistGB,42,0,glass_adhesion_kpa,hg0338,229.75230407714844,257.2618945049954
HistGB,42,0,glass_adhesion_kpa,hg0339,232.0736083984375,260.49131484073666
HistGB,42,0,glass_adhesion_kpa,hg0340,199.1224365234375,201.50968752762216
MLP,42,0,glass_adhesion_kpa,hg0274,101.34465789794922,174.42161560058594
MLP,42,0,glass_adhesion_kpa,hg0275,229.6956787109375,227.8370361328125
MLP,42,0,glass_adhesion_kpa,hg0276,160.2830810546875,148.01199340820312
MLP,42,0,glass_adhesion_kpa,hg0277,100.89171600341797,80.11470031738281
MLP,42,0,glass_adhesion_kpa,hg0278,91.04033660888672,42.901710510253906
MLP,42,0,glass_adhesion_kpa,hg0279,127.67162322998047,138.52719116210938
MLP,42,0,glass_adhesion_kpa,hg0280,117.31068420410156,214.9578857421875
MLP,42,0,glass_adhesion_kpa,hg0281,155.07431030273438,157.47998046875
MLP,42,0,glass_adhesion_kpa,hg0282,74.50814056396484,102.99441528320312
MLP,42,0,glass_adhesion_kpa,hg0283,101.62773895263672,176.63780212402344
MLP,42,0,glass_adhesion_kpa,hg0284,75.13092803955078,138.83888244628906
MLP,42,0,glass_adhesion_kpa,hg0285,245.0955352783203,223.9901885986328
MLP,42,0,glass_adhesion_kpa,hg0286,109.9504623413086,141.986083984375
MLP,42,0,glass_adhesion_kpa,hg0287,200.08493041992188,223.78115844726562
MLP,42,0,glass_adhesion_kpa,hg0288,250.9837188720703,219.97427368164062
MLP,42,0,glass_adhesion_kpa,hg0289,81.07572174072266,124.9905776977539
MLP,42,0,glass_adhesion_kpa,hg0290,235.4706268310547,224.37924194335938
MLP,42,0,glass_adhesion_kpa,hg0291,225.3927764892578,227.9290771484375
MLP,42,0,glass_adhesion_kpa,hg0334,206.6525115966797,232.1342010498047
MLP,42,0,glass_adhesion_kpa,hg0335,193.57395935058594,192.1395263671875
MLP,42,0,glass_adhesion_kpa,hg0336,62.22222137451172,151.88348388671875
MLP,42,0,glass_adhesion_kpa,hg0337,147.99716186523438,129.59352111816406
MLP,42,0,glass_adhesion_kpa,hg0338,229.75230407714844,228.18051147460938
MLP,42,0,glass_adhesion_kpa,hg0339,232.0736083984375,222.2447509765625
MLP,42,0,glass_adhesion_kpa,hg0340,199.1224365234375,232.54867553710938
Mean,42,1,glass_adhesion_kpa,hg0274,101.34465789794922,91.58269500732422
Mean,42,1,glass_adhesion_kpa,hg0275,229.6956787109375,91.58269500732422
Mean,42,1,glass_adhesion_kpa,hg0276,160.2830810546875,91.58269500732422
Mean,42,1,glass_adhesion_kpa,hg0277,100.89171600341797,91.58269500732422
Mean,42,1,glass_adhesion_kpa,hg0278,91.04033660888672,91.58269500732422
Mean,42,1,glass_adhesion_kpa,hg0279,127.67162322998047,91.58269500732422
Mean,42,1,glass_adhesion_kpa,hg0280,117.31068420410156,91.58269500732422
Mean,42,1,glass_adhesion_kpa,hg0281,155.07431030273438,91.58269500732422
Mean,42,1,glass_adhesion_kpa,hg0282,74.50814056396484,91.58269500732422
Mean,42,1,glass_adhesion_kpa,hg0283,101.62773895263672,91.58269500732422
Mean,42,1,glass_adhesion_kpa,hg0284,75.13092803955078,91.58269500732422
Mean,42,1,glass_adhesion_kpa,hg0285,245.0955352783203,91.58269500732422
Mean,42,1,glass_adhesion_kpa,hg0286,109.9504623413086,91.58269500732422
Mean,42,1,glass_adhesion_kpa,hg0287,200.08493041992188,91.58269500732422
Mean,42,1,glass_adhesion_kpa,hg0288,250.9837188720703,91.58269500732422
Mean,42,1,glass_adhesion_kpa,hg0289,81.07572174072266,91.58269500732422
Mean,42,1,glass_adhesion_kpa,hg0290,235.4706268310547,91.58269500732422
Mean,42,1,glass_adhesion_kpa,hg0291,225.3927764892578,91.58269500732422
Mean,42,1,glass_adhesion_kpa,hg0334,206.6525115966797,91.58269500732422
Mean,42,1,glass_adhesion_kpa,hg0335,193.57395935058594,91.58269500732422
Mean,42,1,glass_adhesion_kpa,hg0336,62.22222137451172,91.58269500732422
Mean,42,1,glass_adhesion_kpa,hg0337,147.99716186523438,91.58269500732422
Mean,42,1,glass_adhesion_kpa,hg0338,229.75230407714844,91.58269500732422
Mean,42,1,glass_adhesion_kpa,hg0339,232.0736083984375,91.58269500732422
Mean,42,1,glass_adhesion_kpa,hg0340,199.1224365234375,91.58269500732422
Ridge,42,1,glass_adhesion_kpa,hg0274,101.34465789794922,175.93763732910156
Ridge,42,1,glass_adhesion_kpa,hg0275,229.6956787109375,220.82550048828125
Ridge,42,1,glass_adhesion_kpa,hg0276,160.2830810546875,134.93199157714844
Ridge,42,1,glass_adhesion_kpa,hg0277,100.89171600341797,92.41737365722656
Ridge,42,1,glass_adhesion_kpa,hg0278,91.04033660888672,59.67073059082031
Ridge,42,1,glass_adhesion_kpa,hg0279,127.67162322998047,151.79800415039062
Ridge,42,1,glass_adhesion_kpa,hg0280,117.31068420410156,201.60467529296875
Ridge,42,1,glass_adhesion_kpa,hg0281,155.07431030273438,149.8999481201172
Ridge,42,1,glass_adhesion_kpa,hg0282,74.50814056396484,121.43914794921875
Ridge,42,1,glass_adhesion_kpa,hg0283,101.62773895263672,178.1793670654297
Ridge,42,1,glass_adhesion_kpa,hg0284,75.13092803955078,84.97372436523438
Ridge,42,1,glass_adhesion_kpa,hg0285,245.0955352783203,221.4925537109375
Ridge,42,1,glass_adhesion_kpa,hg0286,109.9504623413086,117.1660385131836
Ridge,42,1,glass_adhesion_kpa,hg0287,200.08493041992188,218.8388671875
Ridge,42,1,glass_adhesion_kpa,hg0288,250.9837188720703,221.33282470703125
Ridge,42,1,glass_adhesion_kpa,hg0289,81.07572174072266,142.7919464111328
Ridge,42,1,glass_adhesion_kpa,hg0290,235.4706268310547,221.02655029296875
Ridge,42,1,glass_adhesion_kpa,hg0291,225.3927764892578,219.73233032226562
Ridge,42,1,glass_adhesion_kpa,hg0334,206.6525115966797,220.4010009765625
Ridge,42,1,glass_adhesion_kpa,hg0335,193.57395935058594,176.92245483398438
Ridge,42,1,glass_adhesion_kpa,hg0336,62.22222137451172,139.548583984375
Ridge,42,1,glass_adhesion_kpa,hg0337,147.99716186523438,136.5924835205078
Ridge,42,1,glass_adhesion_kpa,hg0338,229.75230407714844,220.76812744140625
Ridge,42,1,glass_adhesion_kpa,hg0339,232.0736083984375,221.47183227539062
Ridge,42,1,glass_adhesion_kpa,hg0340,199.1224365234375,208.338134765625
ElasticNet,42,1,glass_adhesion_kpa,hg0274,101.34465789794922,175.83892822265625
ElasticNet,42,1,glass_adhesion_kpa,hg0275,229.6956787109375,220.7747802734375
ElasticNet,42,1,glass_adhesion_kpa,hg0276,160.2830810546875,134.0652618408203
ElasticNet,42,1,glass_adhesion_kpa,hg0277,100.89171600341797,91.84688568115234
ElasticNet,42,1,glass_adhesion_kpa,hg0278,91.04033660888672,59.673805236816406
ElasticNet,42,1,glass_adhesion_kpa,hg0279,127.67162322998047,151.6747589111328
ElasticNet,42,1,glass_adhesion_kpa,hg0280,117.31068420410156,201.24813842773438
ElasticNet,42,1,glass_adhesion_kpa,hg0281,155.07431030273438,148.8756866455078
ElasticNet,42,1,glass_adhesion_kpa,hg0282,74.50814056396484,120.77037048339844
ElasticNet,42,1,glass_adhesion_kpa,hg0283,101.62773895263672,178.08023071289062
ElasticNet,42,1,glass_adhesion_kpa,hg0284,75.13092803955078,85.23941802978516
ElasticNet,42,1,glass_adhesion_kpa,hg0285,245.0955352783203,221.35086059570312
ElasticNet,42,1,glass_adhesion_kpa,hg0286,109.9504623413086,116.3719482421875
ElasticNet,42,1,glass_adhesion_kpa,hg0287,200.08493041992188,219.01641845703125
ElasticNet,42,1,glass_adhesion_kpa,hg0288,250.9837188720703,221.19094848632812
ElasticNet,42,1,glass_adhesion_kpa,hg0289,81.07572174072266,142.66595458984375
ElasticNet,42,1,glass_adhesion_kpa,hg0290,235.4706268310547,220.97805786132812
ElasticNet,42,1,glass_adhesion_kpa,hg0291,225.3927764892578,219.80023193359375
ElasticNet,42,1,glass_adhesion_kpa,hg0334,206.6525115966797,220.28250122070312
ElasticNet,42,1,glass_adhesion_kpa,hg0335,193.57395935058594,176.2685546875
ElasticNet,42,1,glass_adhesion_kpa,hg0336,62.22222137451172,140.97952270507812
ElasticNet,42,1,glass_adhesion_kpa,hg0337,147.99716186523438,136.76882934570312
ElasticNet,42,1,glass_adhesion_kpa,hg0338,229.75230407714844,220.7193603515625
ElasticNet,42,1,glass_adhesion_kpa,hg0339,232.0736083984375,221.29718017578125
ElasticNet,42,1,glass_adhesion_kpa,hg0340,199.1224365234375,209.03517150878906
KNN,42,1,glass_adhesion_kpa,hg0274,101.34465789794922,183.70482766994647
KNN,42,1,glass_adhesion_kpa,hg0275,229.6956787109375,282.39135902993013
KNN,42,1,glass_adhesion_kpa,hg0276,160.2830810546875,108.11695512615515
KNN,42,1,glass_adhesion_kpa,hg0277,100.89171600341797,66.25780120972824
KNN,42,1,glass_adhesion_kpa,hg0278,91.04033660888672,103.06460102916917
KNN,42,1,glass_adhesion_kpa,hg0279,127.67162322998047,113.91346080188639
KNN,42,1,glass_adhesion_kpa,hg0280,117.31068420410156,184.38422344140238
KNN,42,1,glass_adhesion_kpa,hg0281,155.07431030273438,138.0553730891585
KNN,42,1,glass_adhesion_kpa,hg0282,74.50814056396484,105.41835576371517
KNN,42,1,glass_adhesion_kpa,hg0283,101.62773895263672,184.3001183403099
KNN,42,1,glass_adhesion_kpa,hg0284,75.13092803955078,64.40970925042348
KNN,42,1,glass_adhesion_kpa,hg0285,245.0955352783203,255.17666311548282
KNN,42,1,glass_adhesion_kpa,hg0286,109.9504623413086,106.10535198577743
KNN,42,1,glass_adhesion_kpa,hg0287,200.08493041992188,241.5129189810255
KNN,42,1,glass_adhesion_kpa,hg0288,250.9837188720703,235.391510687648
KNN,42,1,glass_adhesion_kpa,hg0289,81.07572174072266,94.94833120367379
KNN,42,1,glass_adhesion_kpa,hg0290,235.4706268310547,271.83361071742837
KNN,42,1,glass_adhesion_kpa,hg0291,225.3927764892578,286.9785433411118
KNN,42,1,glass_adhesion_kpa,hg0334,206.6525115966797,283.7398182107985
KNN,42,1,glass_adhesion_kpa,hg0335,193.57395935058594,157.89423350435638
KNN,42,1,glass_adhesion_kpa,hg0336,62.22222137451172,180.40550830611227
KNN,42,1,glass_adhesion_kpa,hg0337,147.99716186523438,178.34953708786563
KNN,42,1,glass_adhesion_kpa,hg0338,229.75230407714844,284.5060475047372
KNN,42,1,glass_adhesion_kpa,hg0339,232.0736083984375,249.4003563085377
KNN,42,1,glass_adhesion_kpa,hg0340,199.1224365234375,238.32475553005568
SVR-RBF,42,1,glass_adhesion_kpa,hg0274,101.34465789794922,165.06752426728056
SVR-RBF,42,1,glass_adhesion_kpa,hg0275,229.6956787109375,203.47762895917745
SVR-RBF,42,1,glass_adhesion_kpa,hg0276,160.2830810546875,120.58017814315556
SVR-RBF,42,1,glass_adhesion_kpa,hg0277,100.89171600341797,77.72531058556106
SVR-RBF,42,1,glass_adhesion_kpa,hg0278,91.04033660888672,60.88113098398597
SVR-RBF,42,1,glass_adhesion_kpa,hg0279,127.67162322998047,150.66677781359502
SVR-RBF,42,1,glass_adhesion_kpa,hg0280,117.31068420410156,187.8477208391129
SVR-RBF,42,1,glass_adhesion_kpa,hg0281,155.07431030273438,134.26339267362837
SVR-RBF,42,1,glass_adhesion_kpa,hg0282,74.50814056396484,110.35512077339948
SVR-RBF,42,1,glass_adhesion_kpa,hg0283,101.62773895263672,166.97914002036842
SVR-RBF,42,1,glass_adhesion_kpa,hg0284,75.13092803955078,93.88769304191354
SVR-RBF,42,1,glass_adhesion_kpa,hg0285,245.0955352783203,202.1225230537706
SVR-RBF,42,1,glass_adhesion_kpa,hg0286,109.9504623413086,104.72517645053907
SVR-RBF,42,1,glass_adhesion_kpa,hg0287,200.08493041992188,202.48211087396353
SVR-RBF,42,1,glass_adhesion_kpa,hg0288,250.9837188720703,200.61644095396915
SVR-RBF,42,1,glass_adhesion_kpa,hg0289,81.07572174072266,144.17056030169252
SVR-RBF,42,1,glass_adhesion_kpa,hg0290,235.4706268310547,202.49931403887572
SVR-RBF,42,1,glass_adhesion_kpa,hg0291,225.3927764892578,203.62011525040626
SVR-RBF,42,1,glass_adhesion_kpa,hg0334,206.6525115966797,203.9957755141585
SVR-RBF,42,1,glass_adhesion_kpa,hg0335,193.57395935058594,166.9496823475054
SVR-RBF,42,1,glass_adhesion_kpa,hg0336,62.22222137451172,154.55855973268106
SVR-RBF,42,1,glass_adhesion_kpa,hg0337,147.99716186523438,130.75133800396512
SVR-RBF,42,1,glass_adhesion_kpa,hg0338,229.75230407714844,203.55855090732533
SVR-RBF,42,1,glass_adhesion_kpa,hg0339,232.0736083984375,201.35558897814397
SVR-RBF,42,1,glass_adhesion_kpa,hg0340,199.1224365234375,202.55346521127265
RandomForest,42,1,glass_adhesion_kpa,hg0274,101.34465789794922,198.19735300735948
RandomForest,42,1,glass_adhesion_kpa,hg0275,229.6956787109375,263.84231132701143
RandomForest,42,1,glass_adhesion_kpa,hg0276,160.2830810546875,138.71463393973605
RandomForest,42,1,glass_adhesion_kpa,hg0277,100.89171600341797,90.17254466074412
RandomForest,42,1,glass_adhesion_kpa,hg0278,91.04033660888672,94.85057034224754
RandomForest,42,1,glass_adhesion_kpa,hg0279,127.67162322998047,124.45429928346572
RandomForest,42,1,glass_adhesion_kpa,hg0280,117.31068420410156,180.87438433130754
RandomForest,42,1,glass_adhesion_kpa,hg0281,155.07431030273438,143.46913303641702
RandomForest,42,1,glass_adhesion_kpa,hg0282,74.50814056396484,111.68327175852077
RandomForest,42,1,glass_adhesion_kpa,hg0283,101.62773895263672,198.59880939458336
RandomForest,42,1,glass_adhesion_kpa,hg0284,75.13092803955078,81.37663595619408
RandomForest,42,1,glass_adhesion_kpa,hg0285,245.0955352783203,235.65961545877323
RandomForest,42,1,glass_adhesion_kpa,hg0286,109.9504623413086,106.25321315674184
RandomForest,42,1,glass_adhesion_kpa,hg0287,200.08493041992188,246.37516072789194
RandomForest,42,1,glass_adhesion_kpa,hg0288,250.9837188720703,233.28545527131325
RandomForest,42,1,glass_adhesion_kpa,hg0289,81.07572174072266,123.42557090719487
RandomForest,42,1,glass_adhesion_kpa,hg0290,235.4706268310547,252.59057393327654
RandomForest,42,1,glass_adhesion_kpa,hg0291,225.3927764892578,260.98049084731554
RandomForest,42,1,glass_adhesion_kpa,hg0334,206.6525115966797,255.1159705051441
RandomForest,42,1,glass_adhesion_kpa,hg0335,193.57395935058594,144.32298102853673
RandomForest,42,1,glass_adhesion_kpa,hg0336,62.22222137451172,138.86413891913372
RandomForest,42,1,glass_adhesion_kpa,hg0337,147.99716186523438,157.53573313430383
RandomForest,42,1,glass_adhesion_kpa,hg0338,229.75230407714844,262.4514668132946
RandomForest,42,1,glass_adhesion_kpa,hg0339,232.0736083984375,232.31828720536018
RandomForest,42,1,glass_adhesion_kpa,hg0340,199.1224365234375,211.14602513770174
HistGB,42,1,glass_adhesion_kpa,hg0274,101.34465789794922,173.61957756740497
HistGB,42,1,glass_adhesion_kpa,hg0275,229.6956787109375,297.2113948371241
HistGB,42,1,glass_adhesion_kpa,hg0276,160.2830810546875,141.07182488928106
HistGB,42,1,glass_adhesion_kpa,hg0277,100.89171600341797,85.43466790769124
HistGB,42,1,glass_adhesion_kpa,hg0278,91.04033660888672,110.52769436692998
HistGB,42,1,glass_adhesion_kpa,hg0279,127.67162322998047,114.08408024540226
HistGB,42,1,glass_adhesion_kpa,hg0280,117.31068420410156,185.06636824247067
HistGB,42,1,glass_adhesion_kpa,hg0281,155.07431030273438,128.82366071754328
HistGB,42,1,glass_adhesion_kpa,hg0282,74.50814056396484,96.6980300536358
HistGB,42,1,glass_adhesion_kpa,hg0283,101.62773895263672,168.46398994045023
HistGB,42,1,glass_adhesion_kpa,hg0284,75.13092803955078,69.54567001451169
HistGB,42,1,glass_adhesion_kpa,hg0285,245.0955352783203,205.35181022287614
HistGB,42,1,glass_adhesion_kpa,hg0286,109.9504623413086,69.9566385695977
HistGB,42,1,glass_adhesion_kpa,hg0287,200.08493041992188,251.65555646041628
HistGB,42,1,glass_adhesion_kpa,hg0288,250.9837188720703,191.33805920025392
HistGB,42,1,glass_adhesion_kpa,hg0289,81.07572174072266,96.96697602112131
HistGB,42,1,glass_adhesion_kpa,hg0290,235.4706268310547,254.52017334390675
HistGB,42,1,glass_adhesion_kpa,hg0291,225.3927764892578,275.29927304361087
HistGB,42,1,glass_adhesion_kpa,hg0334,206.6525115966797,310.9121290535871
HistGB,42,1,glass_adhesion_kpa,hg0335,193.57395935058594,138.19905580725893
HistGB,42,1,glass_adhesion_kpa,hg0336,62.22222137451172,167.82385795982313
HistGB,42,1,glass_adhesion_kpa,hg0337,147.99716186523438,160.0776417003732
HistGB,42,1,glass_adhesion_kpa,hg0338,229.75230407714844,299.93476362083794
HistGB,42,1,glass_adhesion_kpa,hg0339,232.0736083984375,196.52352216829917
HistGB,42,1,glass_adhesion_kpa,hg0340,199.1224365234375,197.81420342879156
MLP,42,1,glass_adhesion_kpa,hg0274,101.34465789794922,177.7670135498047
MLP,42,1,glass_adhesion_kpa,hg0275,229.6956787109375,224.4848175048828
MLP,42,1,glass_adhesion_kpa,hg0276,160.2830810546875,119.93510437011719
MLP,42,1,glass_adhesion_kpa,hg0277,100.89171600341797,97.2508773803711
MLP,42,1,glass_adhesion_kpa,hg0278,91.04033660888672,59.1063117980957
MLP,42,1,glass_adhesion_kpa,hg0279,127.67162322998047,145.01622009277344
MLP,42,1,glass_adhesion_kpa,hg0280,117.31068420410156,194.77989196777344
MLP,42,1,glass_adhesion_kpa,hg0281,155.07431030273438,126.5256118774414
MLP,42,1,glass_adhesion_kpa,hg0282,74.50814056396484,101.94916534423828
MLP,42,1,glass_adhesion_kpa,hg0283,101.62773895263672,180.01947021484375
MLP,42,1,glass_adhesion_kpa,hg0284,75.13092803955078,102.03274536132812
MLP,42,1,glass_adhesion_kpa,hg0285,245.0955352783203,224.65798950195312
MLP,42,1,glass_adhesion_kpa,hg0286,109.9504623413086,108.36173248291016
MLP,42,1,glass_adhesion_kpa,hg0287,200.08493041992188,222.4431610107422
MLP,42,1,glass_adhesion_kpa,hg0288,250.9837188720703,225.16622924804688
MLP,42,1,glass_adhesion_kpa,hg0289,81.07572174072266,133.14173889160156
MLP,42,1,glass_adhesion_kpa,hg0290,235.4706268310547,225.6631317138672
MLP,42,1,glass_adhesion_kpa,hg0291,225.3927764892578,224.9157257080078
MLP,42,1,glass_adhesion_kpa,hg0334,206.6525115966797,221.25526428222656
MLP,42,1,glass_adhesion_kpa,hg0335,193.57395935058594,159.71461486816406
MLP,42,1,glass_adhesion_kpa,hg0336,62.22222137451172,168.4942626953125
MLP,42,1,glass_adhesion_kpa,hg0337,147.99716186523438,141.8599395751953
MLP,42,1,glass_adhesion_kpa,hg0338,229.75230407714844,224.34310913085938
MLP,42,1,glass_adhesion_kpa,hg0339,232.0736083984375,224.3919677734375
MLP,42,1,glass_adhesion_kpa,hg0340,199.1224365234375,219.0517120361328
Mean,42,2,glass_adhesion_kpa,hg0274,101.34465789794922,93.79667663574219
Mean,42,2,glass_adhesion_kpa,hg0275,229.6956787109375,93.79667663574219
Mean,42,2,glass_adhesion_kpa,hg0276,160.2830810546875,93.79667663574219
Mean,42,2,glass_adhesion_kpa,hg0277,100.89171600341797,93.79667663574219
Mean,42,2,glass_adhesion_kpa,hg0278,91.04033660888672,93.79667663574219
Mean,42,2,glass_adhesion_kpa,hg0279,127.67162322998047,93.79667663574219
Mean,42,2,glass_adhesion_kpa,hg0280,117.31068420410156,93.79667663574219
Mean,42,2,glass_adhesion_kpa,hg0281,155.07431030273438,93.79667663574219
Mean,42,2,glass_adhesion_kpa,hg0282,74.50814056396484,93.79667663574219
Mean,42,2,glass_adhesion_kpa,hg0283,101.62773895263672,93.79667663574219
Mean,42,2,glass_adhesion_kpa,hg0284,75.13092803955078,93.79667663574219
Mean,42,2,glass_adhesion_kpa,hg0285,245.0955352783203,93.79667663574219
Mean,42,2,glass_adhesion_kpa,hg0286,109.9504623413086,93.79667663574219
Mean,42,2,glass_adhesion_kpa,hg0287,200.08493041992188,93.79667663574219
Mean,42,2,glass_adhesion_kpa,hg0288,250.9837188720703,93.79667663574219
Mean,42,2,glass_adhesion_kpa,hg0289,81.07572174072266,93.79667663574219
Mean,42,2,glass_adhesion_kpa,hg0290,235.4706268310547,93.79667663574219
Mean,42,2,glass_adhesion_kpa,hg0291,225.3927764892578,93.79667663574219
Mean,42,2,glass_adhesion_kpa,hg0334,206.6525115966797,93.79667663574219
Mean,42,2,glass_adhesion_kpa,hg0335,193.57395935058594,93.79667663574219
Mean,42,2,glass_adhesion_kpa,hg0336,62.22222137451172,93.79667663574219
Mean,42,2,glass_adhesion_kpa,hg0337,147.99716186523438,93.79667663574219
Mean,42,2,glass_adhesion_kpa,hg0338,229.75230407714844,93.79667663574219
Mean,42,2,glass_adhesion_kpa,hg0339,232.0736083984375,93.79667663574219
Mean,42,2,glass_adhesion_kpa,hg0340,199.1224365234375,93.79667663574219
Ridge,42,2,glass_adhesion_kpa,hg0274,101.34465789794922,176.4686279296875
Ridge,42,2,glass_adhesion_kpa,hg0275,229.6956787109375,234.41925048828125
Ridge,42,2,glass_adhesion_kpa,hg0276,160.2830810546875,134.05239868164062
Ridge,42,2,glass_adhesion_kpa,hg0277,100.89171600341797,81.14669036865234
Ridge,42,2,glass_adhesion_kpa,hg0278,91.04033660888672,59.35190963745117
Ridge,42,2,glass_adhesion_kpa,hg0279,127.67162322998047,135.08570861816406
Ridge,42,2,glass_adhesion_kpa,hg0280,117.31068420410156,205.504638671875
Ridge,42,2,glass_adhesion_kpa,hg0281,155.07431030273438,146.5723876953125
Ridge,42,2,glass_adhesion_kpa,hg0282,74.50814056396484,114.79571533203125
Ridge,42,2,glass_adhesion_kpa,hg0283,101.62773895263672,179.17507934570312
Ridge,42,2,glass_adhesion_kpa,hg0284,75.13092803955078,89.00968170166016
Ridge,42,2,glass_adhesion_kpa,hg0285,245.0955352783203,234.58401489257812
Ridge,42,2,glass_adhesion_kpa,hg0286,109.9504623413086,119.56387329101562
Ridge,42,2,glass_adhesion_kpa,hg0287,200.08493041992188,236.23486328125
Ridge,42,2,glass_adhesion_kpa,hg0288,250.9837188720703,235.2646484375
Ridge,42,2,glass_adhesion_kpa,hg0289,81.07572174072266,129.22821044921875
Ridge,42,2,glass_adhesion_kpa,hg0290,235.4706268310547,235.52835083007812
Ridge,42,2,glass_adhesion_kpa,hg0291,225.3927764892578,234.738525390625
Ridge,42,2,glass_adhesion_kpa,hg0334,206.6525115966797,231.86581420898438
Ridge,42,2,glass_adhesion_kpa,hg0335,193.57395935058594,171.5958251953125
Ridge,42,2,glass_adhesion_kpa,hg0336,62.22222137451172,150.00347900390625
Ridge,42,2,glass_adhesion_kpa,hg0337,147.99716186523438,143.64059448242188
Ridge,42,2,glass_adhesion_kpa,hg0338,229.75230407714844,234.29629516601562
Ridge,42,2,glass_adhesion_kpa,hg0339,232.0736083984375,234.26553344726562
Ridge,42,2,glass_adhesion_kpa,hg0340,199.1224365234375,225.88015747070312
ElasticNet,42,2,glass_adhesion_kpa,hg0274,101.34465789794922,176.54165649414062
ElasticNet,42,2,glass_adhesion_kpa,hg0275,229.6956787109375,234.36721801757812
ElasticNet,42,2,glass_adhesion_kpa,hg0276,160.2830810546875,133.2653045654297
ElasticNet,42,2,glass_adhesion_kpa,hg0277,100.89171600341797,80.6413803100586
ElasticNet,42,2,glass_adhesion_kpa,hg0278,91.04033660888672,59.21397399902344
ElasticNet,42,2,glass_adhesion_kpa,hg0279,127.67162322998047,134.95884704589844
ElasticNet,42,2,glass_adhesion_kpa,hg0280,117.31068420410156,205.06582641601562
ElasticNet,42,2,glass_adhesion_kpa,hg0281,155.07431030273438,145.6275634765625
ElasticNet,42,2,glass_adhesion_kpa,hg0282,74.50814056396484,114.34921264648438
ElasticNet,42,2,glass_adhesion_kpa,hg0283,101.62773895263672,179.24620056152344
ElasticNet,42,2,glass_adhesion_kpa,hg0284,75.13092803955078,89.12418365478516
ElasticNet,42,2,glass_adhesion_kpa,hg0285,245.0955352783203,234.43289184570312
ElasticNet,42,2,glass_adhesion_kpa,hg0286,109.9504623413086,118.82807159423828
ElasticNet,42,2,glass_adhesion_kpa,hg0287,200.08493041992188,236.5623779296875
ElasticNet,42,2,glass_adhesion_kpa,hg0288,250.9837188720703,235.15524291992188
ElasticNet,42,2,glass_adhesion_kpa,hg0289,81.07572174072266,129.0113525390625
ElasticNet,42,2,glass_adhesion_kpa,hg0290,235.4706268310547,235.51776123046875
ElasticNet,42,2,glass_adhesion_kpa,hg0291,225.3927764892578,234.85797119140625
ElasticNet,42,2,glass_adhesion_kpa,hg0334,206.6525115966797,231.66864013671875
ElasticNet,42,2,glass_adhesion_kpa,hg0335,193.57395935058594,170.77438354492188
ElasticNet,42,2,glass_adhesion_kpa,hg0336,62.22222137451172,152.10617065429688
ElasticNet,42,2,glass_adhesion_kpa,hg0337,147.99716186523438,143.93174743652344
ElasticNet,42,2,glass_adhesion_kpa,hg0338,229.75230407714844,234.24349975585938
ElasticNet,42,2,glass_adhesion_kpa,hg0339,232.0736083984375,234.07794189453125
ElasticNet,42,2,glass_adhesion_kpa,hg0340,199.1224365234375,226.77886962890625
KNN,42,2,glass_adhesion_kpa,hg0274,101.34465789794922,154.27389889069354
KNN,42,2,glass_adhesion_kpa,hg0275,229.6956787109375,282.5691738306659
KNN,42,2,glass_adhesion_kpa,hg0276,160.2830810546875,124.65445359601736
KNN,42,2,glass_adhesion_kpa,hg0277,100.89171600341797,81.5850667342275
KNN,42,2,glass_adhesion_kpa,hg0278,91.04033660888672,68.48505750158702
KNN,42,2,glass_adhesion_kpa,hg0279,127.67162322998047,102.82615129152961
KNN,42,2,glass_adhesion_kpa,hg0280,117.31068420410156,208.35001382747706
KNN,42,2,glass_adhesion_kpa,hg0281,155.07431030273438,129.03893015077443
KNN,42,2,glass_adhesion_kpa,hg0282,74.50814056396484,104.07180768574118
KNN,42,2,glass_adhesion_kpa,hg0283,101.62773895263672,156.1663094391316
KNN,42,2,glass_adhesion_kpa,hg0284,75.13092803955078,97.13002024066724
KNN,42,2,glass_adhesion_kpa,hg0285,245.0955352783203,273.9979231106114
KNN,42,2,glass_adhesion_kpa,hg0286,109.9504623413086,112.03322250830097
KNN,42,2,glass_adhesion_kpa,hg0287,200.08493041992188,248.17016307495555
KNN,42,2,glass_adhesion_kpa,hg0288,250.9837188720703,275.37991471354724
KNN,42,2,glass_adhesion_kpa,hg0289,81.07572174072266,94.84451125975805
KNN,42,2,glass_adhesion_kpa,hg0290,235.4706268310547,280.50978369233
KNN,42,2,glass_adhesion_kpa,hg0291,225.3927764892578,276.9626133235405
KNN,42,2,glass_adhesion_kpa,hg0334,206.6525115966797,285.45784886521744
KNN,42,2,glass_adhesion_kpa,hg0335,193.57395935058594,157.22122421965966
KNN,42,2,glass_adhesion_kpa,hg0336,62.22222137451172,155.9792720798364
KNN,42,2,glass_adhesion_kpa,hg0337,147.99716186523438,141.9328288462874
KNN,42,2,glass_adhesion_kpa,hg0338,229.75230407714844,283.18763839254876
KNN,42,2,glass_adhesion_kpa,hg0339,232.0736083984375,275.07279318016026
KNN,42,2,glass_adhesion_kpa,hg0340,199.1224365234375,240.07435043932364
SVR-RBF,42,2,glass_adhesion_kpa,hg0274,101.34465789794922,165.24939041777725
SVR-RBF,42,2,glass_adhesion_kpa,hg0275,229.6956787109375,214.34781629904103
SVR-RBF,42,2,glass_adhesion_kpa,hg0276,160.2830810546875,124.97989607387116
SVR-RBF,42,2,glass_adhesion_kpa,hg0277,100.89171600341797,70.73592920968271
SVR-RBF,42,2,glass_adhesion_kpa,hg0278,91.04033660888672,56.35656279750357
SVR-RBF,42,2,glass_adhesion_kpa,hg0279,127.67162322998047,136.77168677611405
SVR-RBF,42,2,glass_adhesion_kpa,hg0280,117.31068420410156,190.04637299184196
SVR-RBF,42,2,glass_adhesion_kpa,hg0281,155.07431030273438,137.5700345981902
SVR-RBF,42,2,glass_adhesion_kpa,hg0282,74.50814056396484,107.8147332235417
SVR-RBF,42,2,glass_adhesion_kpa,hg0283,101.62773895263672,167.5887084946594
SVR-RBF,42,2,glass_adhesion_kpa,hg0284,75.13092803955078,87.60745322509787
SVR-RBF,42,2,glass_adhesion_kpa,hg0285,245.0955352783203,213.39392607986338
SVR-RBF,42,2,glass_adhesion_kpa,hg0286,109.9504623413086,110.91626376505623
SVR-RBF,42,2,glass_adhesion_kpa,hg0287,200.08493041992188,215.78255277262838
SVR-RBF,42,2,glass_adhesion_kpa,hg0288,250.9837188720703,212.73895028255072
SVR-RBF,42,2,glass_adhesion_kpa,hg0289,81.07572174072266,133.5288087777543
SVR-RBF,42,2,glass_adhesion_kpa,hg0290,235.4706268310547,214.34021706390547
SVR-RBF,42,2,glass_adhesion_kpa,hg0291,225.3927764892578,215.10191867133915
SVR-RBF,42,2,glass_adhesion_kpa,hg0334,206.6525115966797,212.9759402905496
SVR-RBF,42,2,glass_adhesion_kpa,hg0335,193.57395935058594,162.30461988472678
SVR-RBF,42,2,glass_adhesion_kpa,hg0336,62.22222137451172,157.99827088552252
SVR-RBF,42,2,glass_adhesion_kpa,hg0337,147.99716186523438,139.511444420394
SVR-RBF,42,2,glass_adhesion_kpa,hg0338,229.75230407714844,214.33456079754762
SVR-RBF,42,2,glass_adhesion_kpa,hg0339,232.0736083984375,212.72963495722013
SVR-RBF,42,2,glass_adhesion_kpa,hg0340,199.1224365234375,213.44222666072517
RandomForest,42,2,glass_adhesion_kpa,hg0274,101.34465789794922,186.25383809821344
RandomForest,42,2,glass_adhesion_kpa,hg0275,229.6956787109375,275.7792300208015
RandomForest,42,2,glass_adhesion_kpa,hg0276,160.2830810546875,140.4066861672828
RandomForest,42,2,glass_adhesion_kpa,hg0277,100.89171600341797,94.47146816233035
RandomForest,42,2,glass_adhesion_kpa,hg0278,91.04033660888672,94.03956272010609
RandomForest,42,2,glass_adhesion_kpa,hg0279,127.67162322998047,120.48871491237622
RandomForest,42,2,glass_adhesion_kpa,hg0280,117.31068420410156,187.63316911162457
RandomForest,42,2,glass_adhesion_kpa,hg0281,155.07431030273438,142.2625670474183
RandomForest,42,2,glass_adhesion_kpa,hg0282,74.50814056396484,109.5012591581548
RandomForest,42,2,glass_adhesion_kpa,hg0283,101.62773895263672,187.82110793495602
RandomForest,42,2,glass_adhesion_kpa,hg0284,75.13092803955078,111.56212797597408
RandomForest,42,2,glass_adhesion_kpa,hg0285,245.0955352783203,265.0154087220057
RandomForest,42,2,glass_adhesion_kpa,hg0286,109.9504623413086,126.65755069904701
RandomForest,42,2,glass_adhesion_kpa,hg0287,200.08493041992188,247.47378252265622
RandomForest,42,2,glass_adhesion_kpa,hg0288,250.9837188720703,271.32867216170257
RandomForest,42,2,glass_adhesion_kpa,hg0289,81.07572174072266,119.8326309950193
RandomForest,42,2,glass_adhesion_kpa,hg0290,235.4706268310547,275.9002982104242
RandomForest,42,2,glass_adhesion_kpa,hg0291,225.3927764892578,273.3646087822617
RandomForest,42,2,glass_adhesion_kpa,hg0334,206.6525115966797,279.24728182740193
RandomForest,42,2,glass_adhesion_kpa,hg0335,193.57395935058594,141.01447166040302
RandomForest,42,2,glass_adhesion_kpa,hg0336,62.22222137451172,142.09698921428284
RandomForest,42,2,glass_adhesion_kpa,hg0337,147.99716186523438,139.44264991075173
RandomForest,42,2,glass_adhesion_kpa,hg0338,229.75230407714844,274.9989831019873
RandomForest,42,2,glass_adhesion_kpa,hg0339,232.0736083984375,263.68948349504325
RandomForest,42,2,glass_adhesion_kpa,hg0340,199.1224365234375,224.0441026482513
HistGB,42,2,glass_adhesion_kpa,hg0274,101.34465789794922,186.59727319435066
HistGB,42,2,glass_adhesion_kpa,hg0275,229.6956787109375,273.1996100120045
HistGB,42,2,glass_adhesion_kpa,hg0276,160.2830810546875,128.04144346830736
HistGB,42,2,glass_adhesion_kpa,hg0277,100.89171600341797,91.02815100435026
HistGB,42,2,glass_adhesion_kpa,hg0278,91.04033660888672,106.66637810810246
HistGB,42,2,glass_adhesion_kpa,hg0279,127.67162322998047,121.63928484119978
HistGB,42,2,glass_adhesion_kpa,hg0280,117.31068420410156,195.77975768166203
HistGB,42,2,glass_adhesion_kpa,hg0281,155.07431030273438,128.5866404361016
HistGB,42,2,glass_adhesion_kpa,hg0282,74.50814056396484,127.0345945768652
HistGB,42,2,glass_adhesion_kpa,hg0283,101.62773895263672,186.59727319435066
HistGB,42,2,glass_adhesion_kpa,hg0284,75.13092803955078,119.73833737091707
HistGB,42,2,glass_adhesion_kpa,hg0285,245.0955352783203,277.1299578320527
HistGB,42,2,glass_adhesion_kpa,hg0286,109.9504623413086,119.80420067900127
HistGB,42,2,glass_adhesion_kpa,hg0287,200.08493041992188,239.33827364765637
HistGB,42,2,glass_adhesion_kpa,hg0288,250.9837188720703,271.9216088509342
HistGB,42,2,glass_adhesion_kpa,hg0289,81.07572174072266,105.55389904349722
HistGB,42,2,glass_adhesion_kpa,hg0290,235.4706268310547,274.29425366592415
HistGB,42,2,glass_adhesion_kpa,hg0291,225.3927764892578,269.11891199897104
HistGB,42,2,glass_adhesion_kpa,hg0334,206.6525115966797,276.0222381969379
HistGB,42,2,glass_adhesion_kpa,hg0335,193.57395935058594,143.95394454601592
HistGB,42,2,glass_adhesion_kpa,hg0336,62.22222137451172,149.90721221319112
HistGB,42,2,glass_adhesion_kpa,hg0337,147.99716186523438,166.46855393430496
HistGB,42,2,glass_adhesion_kpa,hg0338,229.75230407714844,274.5075460219348
HistGB,42,2,glass_adhesion_kpa,hg0339,232.0736083984375,268.63411815175556
HistGB,42,2,glass_adhesion_kpa,hg0340,199.1224365234375,223.46206858460835
MLP,42,2,glass_adhesion_kpa,hg0274,101.34465789794922,168.80946350097656
MLP,42,2,glass_adhesion_kpa,hg0275,229.6956787109375,240.46414184570312
MLP,42,2,glass_adhesion_kpa,hg0276,160.2830810546875,119.17515563964844
MLP,42,2,glass_adhesion_kpa,hg0277,100.89171600341797,84.37430572509766
MLP,42,2,glass_adhesion_kpa,hg0278,91.04033660888672,52.87565612792969
MLP,42,2,glass_adhesion_kpa,hg0279,127.67162322998047,111.50178527832031
MLP,42,2,glass_adhesion_kpa,hg0280,117.31068420410156,196.5438690185547
MLP,42,2,glass_adhesion_kpa,hg0281,155.07431030273438,114.92436218261719
MLP,42,2,glass_adhesion_kpa,hg0282,74.50814056396484,86.5054702758789
MLP,42,2,glass_adhesion_kpa,hg0283,101.62773895263672,171.53123474121094
MLP,42,2,glass_adhesion_kpa,hg0284,75.13092803955078,125.12921905517578
MLP,42,2,glass_adhesion_kpa,hg0285,245.0955352783203,239.1118927001953
MLP,42,2,glass_adhesion_kpa,hg0286,109.9504623413086,117.6246566772461
MLP,42,2,glass_adhesion_kpa,hg0287,200.08493041992188,240.8917694091797
MLP,42,2,glass_adhesion_kpa,hg0288,250.9837188720703,239.24607849121094
MLP,42,2,glass_adhesion_kpa,hg0289,81.07572174072266,108.2134017944336
MLP,42,2,glass_adhesion_kpa,hg0290,235.4706268310547,241.1007843017578
MLP,42,2,glass_adhesion_kpa,hg0291,225.3927764892578,241.73179626464844
MLP,42,2,glass_adhesion_kpa,hg0334,206.6525115966797,236.00193786621094
MLP,42,2,glass_adhesion_kpa,hg0335,193.57395935058594,145.87330627441406
MLP,42,2,glass_adhesion_kpa,hg0336,62.22222137451172,153.2600555419922
MLP,42,2,glass_adhesion_kpa,hg0337,147.99716186523438,137.39346313476562
MLP,42,2,glass_adhesion_kpa,hg0338,229.75230407714844,240.38291931152344
MLP,42,2,glass_adhesion_kpa,hg0339,232.0736083984375,238.20115661621094
MLP,42,2,glass_adhesion_kpa,hg0340,199.1224365234375,238.1813507080078
Mean,42,3,glass_adhesion_kpa,hg0274,101.34465789794922,92.30538177490234
Mean,42,3,glass_adhesion_kpa,hg0275,229.6956787109375,92.30538177490234
Mean,42,3,glass_adhesion_kpa,hg0276,160.2830810546875,92.30538177490234
Mean,42,3,glass_adhesion_kpa,hg0277,100.89171600341797,92.30538177490234
Mean,42,3,glass_adhesion_kpa,hg0278,91.04033660888672,92.30538177490234
Mean,42,3,glass_adhesion_kpa,hg0279,127.67162322998047,92.30538177490234
Mean,42,3,glass_adhesion_kpa,hg0280,117.31068420410156,92.30538177490234
Mean,42,3,glass_adhesion_kpa,hg0281,155.07431030273438,92.30538177490234
Mean,42,3,glass_adhesion_kpa,hg0282,74.50814056396484,92.30538177490234
Mean,42,3,glass_adhesion_kpa,hg0283,101.62773895263672,92.30538177490234
Mean,42,3,glass_adhesion_kpa,hg0284,75.13092803955078,92.30538177490234
Mean,42,3,glass_adhesion_kpa,hg0285,245.0955352783203,92.30538177490234
Mean,42,3,glass_adhesion_kpa,hg0286,109.9504623413086,92.30538177490234
Mean,42,3,glass_adhesion_kpa,hg0287,200.08493041992188,92.30538177490234
Mean,42,3,glass_adhesion_kpa,hg0288,250.9837188720703,92.30538177490234
Mean,42,3,glass_adhesion_kpa,hg0289,81.07572174072266,92.30538177490234
Mean,42,3,glass_adhesion_kpa,hg0290,235.4706268310547,92.30538177490234
Mean,42,3,glass_adhesion_kpa,hg0291,225.3927764892578,92.30538177490234
Mean,42,3,glass_adhesion_kpa,hg0334,206.6525115966797,92.30538177490234
Mean,42,3,glass_adhesion_kpa,hg0335,193.57395935058594,92.30538177490234
Mean,42,3,glass_adhesion_kpa,hg0336,62.22222137451172,92.30538177490234
Mean,42,3,glass_adhesion_kpa,hg0337,147.99716186523438,92.30538177490234
Mean,42,3,glass_adhesion_kpa,hg0338,229.75230407714844,92.30538177490234
Mean,42,3,glass_adhesion_kpa,hg0339,232.0736083984375,92.30538177490234
Mean,42,3,glass_adhesion_kpa,hg0340,199.1224365234375,92.30538177490234
Ridge,42,3,glass_adhesion_kpa,hg0274,101.34465789794922,174.44143676757812
Ridge,42,3,glass_adhesion_kpa,hg0275,229.6956787109375,226.85333251953125
Ridge,42,3,glass_adhesion_kpa,hg0276,160.2830810546875,145.1902618408203
Ridge,42,3,glass_adhesion_kpa,hg0277,100.89171600341797,87.8319091796875
Ridge,42,3,glass_adhesion_kpa,hg0278,91.04033660888672,58.29473114013672
Ridge,42,3,glass_adhesion_kpa,hg0279,127.67162322998047,144.60409545898438
Ridge,42,3,glass_adhesion_kpa,hg0280,117.31068420410156,208.228271484375
Ridge,42,3,glass_adhesion_kpa,hg0281,155.07431030273438,160.01895141601562
Ridge,42,3,glass_adhesion_kpa,hg0282,74.50814056396484,125.79222869873047
Ridge,42,3,glass_adhesion_kpa,hg0283,101.62773895263672,176.95516967773438
Ridge,42,3,glass_adhesion_kpa,hg0284,75.13092803955078,79.38158416748047
Ridge,42,3,glass_adhesion_kpa,hg0285,245.0955352783203,229.19937133789062
Ridge,42,3,glass_adhesion_kpa,hg0286,109.9504623413086,127.89029693603516
Ridge,42,3,glass_adhesion_kpa,hg0287,200.08493041992188,220.82852172851562
Ridge,42,3,glass_adhesion_kpa,hg0288,250.9837188720703,229.00527954101562
Ridge,42,3,glass_adhesion_kpa,hg0289,81.07572174072266,137.36822509765625
Ridge,42,3,glass_adhesion_kpa,hg0290,235.4706268310547,226.91220092773438
Ridge,42,3,glass_adhesion_kpa,hg0291,225.3927764892578,223.8665771484375
Ridge,42,3,glass_adhesion_kpa,hg0334,206.6525115966797,227.44085693359375
Ridge,42,3,glass_adhesion_kpa,hg0335,193.57395935058594,179.88526916503906
Ridge,42,3,glass_adhesion_kpa,hg0336,62.22222137451172,115.75196838378906
Ridge,42,3,glass_adhesion_kpa,hg0337,147.99716186523438,133.43292236328125
Ridge,42,3,glass_adhesion_kpa,hg0338,229.75230407714844,226.76904296875
Ridge,42,3,glass_adhesion_kpa,hg0339,232.0736083984375,229.93875122070312
Ridge,42,3,glass_adhesion_kpa,hg0340,199.1224365234375,205.6259765625
ElasticNet,42,3,glass_adhesion_kpa,hg0274,101.34465789794922,174.42884826660156
ElasticNet,42,3,glass_adhesion_kpa,hg0275,229.6956787109375,226.85467529296875
ElasticNet,42,3,glass_adhesion_kpa,hg0276,160.2830810546875,145.23046875
ElasticNet,42,3,glass_adhesion_kpa,hg0277,100.89171600341797,87.83496856689453
ElasticNet,42,3,glass_adhesion_kpa,hg0278,91.04033660888672,58.28570556640625
ElasticNet,42,3,glass_adhesion_kpa,hg0279,127.67162322998047,144.63279724121094
ElasticNet,42,3,glass_adhesion_kpa,hg0280,117.31068420410156,208.263916015625
ElasticNet,42,3,glass_adhesion_kpa,hg0281,155.07431030273438,160.06692504882812
ElasticNet,42,3,glass_adhesion_kpa,hg0282,74.50814056396484,125.81916046142578
ElasticNet,42,3,glass_adhesion_kpa,hg0283,101.62773895263672,176.94284057617188
ElasticNet,42,3,glass_adhesion_kpa,hg0284,75.13092803955078,79.36268615722656
ElasticNet,42,3,glass_adhesion_kpa,hg0285,245.0955352783203,229.20010375976562
ElasticNet,42,3,glass_adhesion_kpa,hg0286,109.9504623413086,127.92605590820312
ElasticNet,42,3,glass_adhesion_kpa,hg0287,200.08493041992188,220.80548095703125
ElasticNet,42,3,glass_adhesion_kpa,hg0288,250.9837188720703,228.99887084960938
ElasticNet,42,3,glass_adhesion_kpa,hg0289,81.07572174072266,137.39744567871094
ElasticNet,42,3,glass_adhesion_kpa,hg0290,235.4706268310547,226.90643310546875
ElasticNet,42,3,glass_adhesion_kpa,hg0291,225.3927764892578,223.86029052734375
ElasticNet,42,3,glass_adhesion_kpa,hg0334,206.6525115966797,227.45574951171875
ElasticNet,42,3,glass_adhesion_kpa,hg0335,193.57395935058594,179.93215942382812
ElasticNet,42,3,glass_adhesion_kpa,hg0336,62.22222137451172,115.63541412353516
ElasticNet,42,3,glass_adhesion_kpa,hg0337,147.99716186523438,133.43603515625
ElasticNet,42,3,glass_adhesion_kpa,hg0338,229.75230407714844,226.77099609375
ElasticNet,42,3,glass_adhesion_kpa,hg0339,232.0736083984375,229.93927001953125
ElasticNet,42,3,glass_adhesion_kpa,hg0340,199.1224365234375,205.60084533691406
KNN,42,3,glass_adhesion_kpa,hg0274,101.34465789794922,153.1129586915386
KNN,42,3,glass_adhesion_kpa,hg0275,229.6956787109375,272.8353815130938
KNN,42,3,glass_adhesion_kpa,hg0276,160.2830810546875,119.27511675798277
KNN,42,3,glass_adhesion_kpa,hg0277,100.89171600341797,80.18708388453334
KNN,42,3,glass_adhesion_kpa,hg0278,91.04033660888672,88.1129889519517
KNN,42,3,glass_adhesion_kpa,hg0279,127.67162322998047,98.26957812865076
KNN,42,3,glass_adhesion_kpa,hg0280,117.31068420410156,198.78730494716737
KNN,42,3,glass_adhesion_kpa,hg0281,155.07431030273438,137.1748434844617
KNN,42,3,glass_adhesion_kpa,hg0282,74.50814056396484,124.26702521025412
KNN,42,3,glass_adhesion_kpa,hg0283,101.62773895263672,160.34770295353135
KNN,42,3,glass_adhesion_kpa,hg0284,75.13092803955078,75.79283947917625
KNN,42,3,glass_adhesion_kpa,hg0285,245.0955352783203,271.4131349976877
KNN,42,3,glass_adhesion_kpa,hg0286,109.9504623413086,110.73992023936792
KNN,42,3,glass_adhesion_kpa,hg0287,200.08493041992188,250.19054247058074
KNN,42,3,glass_adhesion_kpa,hg0288,250.9837188720703,269.35222370708675
KNN,42,3,glass_adhesion_kpa,hg0289,81.07572174072266,91.07150079345908
KNN,42,3,glass_adhesion_kpa,hg0290,235.4706268310547,275.278459606511
KNN,42,3,glass_adhesion_kpa,hg0291,225.3927764892578,270.88813651934225
KNN,42,3,glass_adhesion_kpa,hg0334,206.6525115966797,267.0454289499586
KNN,42,3,glass_adhesion_kpa,hg0335,193.57395935058594,151.45412953574893
KNN,42,3,glass_adhesion_kpa,hg0336,62.22222137451172,151.719204052395
KNN,42,3,glass_adhesion_kpa,hg0337,147.99716186523438,149.16734518655727
KNN,42,3,glass_adhesion_kpa,hg0338,229.75230407714844,272.7291214626431
KNN,42,3,glass_adhesion_kpa,hg0339,232.0736083984375,268.15766955983963
KNN,42,3,glass_adhesion_kpa,hg0340,199.1224365234375,251.47149890621264
SVR-RBF,42,3,glass_adhesion_kpa,hg0274,101.34465789794922,168.634791887662
SVR-RBF,42,3,glass_adhesion_kpa,hg0275,229.6956787109375,209.0448619831892
SVR-RBF,42,3,glass_adhesion_kpa,hg0276,160.2830810546875,125.86796696108284
SVR-RBF,42,3,glass_adhesion_kpa,hg0277,100.89171600341797,74.37079847613721
SVR-RBF,42,3,glass_adhesion_kpa,hg0278,91.04033660888672,65.062575802924
SVR-RBF,42,3,glass_adhesion_kpa,hg0279,127.67162322998047,144.55906079941917
SVR-RBF,42,3,glass_adhesion_kpa,hg0280,117.31068420410156,188.87627592619788
SVR-RBF,42,3,glass_adhesion_kpa,hg0281,155.07431030273438,139.1810174696143
SVR-RBF,42,3,glass_adhesion_kpa,hg0282,74.50814056396484,110.3494607889048
SVR-RBF,42,3,glass_adhesion_kpa,hg0283,101.62773895263672,170.65355636196
SVR-RBF,42,3,glass_adhesion_kpa,hg0284,75.13092803955078,95.50088119162966
SVR-RBF,42,3,glass_adhesion_kpa,hg0285,245.0955352783203,209.09661775529992
SVR-RBF,42,3,glass_adhesion_kpa,hg0286,109.9504623413086,110.95636837360858
SVR-RBF,42,3,glass_adhesion_kpa,hg0287,200.08493041992188,208.72968795223505
SVR-RBF,42,3,glass_adhesion_kpa,hg0288,250.9837188720703,208.65338277814215
SVR-RBF,42,3,glass_adhesion_kpa,hg0289,81.07572174072266,138.51315821646017
SVR-RBF,42,3,glass_adhesion_kpa,hg0290,235.4706268310547,209.10644496118118
SVR-RBF,42,3,glass_adhesion_kpa,hg0291,225.3927764892578,208.82871248381946
SVR-RBF,42,3,glass_adhesion_kpa,hg0334,206.6525115966797,208.27550945380403
SVR-RBF,42,3,glass_adhesion_kpa,hg0335,193.57395935058594,166.46043709408582
SVR-RBF,42,3,glass_adhesion_kpa,hg0336,62.22222137451172,153.82367185077635
SVR-RBF,42,3,glass_adhesion_kpa,hg0337,147.99716186523438,128.07404197748792
SVR-RBF,42,3,glass_adhesion_kpa,hg0338,229.75230407714844,209.0098439135253
SVR-RBF,42,3,glass_adhesion_kpa,hg0339,232.0736083984375,208.90322090464235
SVR-RBF,42,3,glass_adhesion_kpa,hg0340,199.1224365234375,203.81909635060663
RandomForest,42,3,glass_adhesion_kpa,hg0274,101.34465789794922,182.6414168062044
RandomForest,42,3,glass_adhesion_kpa,hg0275,229.6956787109375,259.2001403103191
RandomForest,42,3,glass_adhesion_kpa,hg0276,160.2830810546875,135.92207084940333
RandomForest,42,3,glass_adhesion_kpa,hg0277,100.89171600341797,91.62740928633451
RandomForest,42,3,glass_adhesion_kpa,hg0278,91.04033660888672,83.4426327320515
RandomForest,42,3,glass_adhesion_kpa,hg0279,127.67162322998047,115.15877018679205
RandomForest,42,3,glass_adhesion_kpa,hg0280,117.31068420410156,167.9749774309296
RandomForest,42,3,glass_adhesion_kpa,hg0281,155.07431030273438,138.71490110586643
RandomForest,42,3,glass_adhesion_kpa,hg0282,74.50814056396484,111.02649219657249
RandomForest,42,3,glass_adhesion_kpa,hg0283,101.62773895263672,184.623230555594
RandomForest,42,3,glass_adhesion_kpa,hg0284,75.13092803955078,86.084325796976
RandomForest,42,3,glass_adhesion_kpa,hg0285,245.0955352783203,259.235103873407
RandomForest,42,3,glass_adhesion_kpa,hg0286,109.9504623413086,115.20814004618164
RandomForest,42,3,glass_adhesion_kpa,hg0287,200.08493041992188,234.95210244981664
RandomForest,42,3,glass_adhesion_kpa,hg0288,250.9837188720703,255.03048156910978
RandomForest,42,3,glass_adhesion_kpa,hg0289,81.07572174072266,116.05729104930182
RandomForest,42,3,glass_adhesion_kpa,hg0290,235.4706268310547,262.5356918492707
RandomForest,42,3,glass_adhesion_kpa,hg0291,225.3927764892578,250.38988539838283
RandomForest,42,3,glass_adhesion_kpa,hg0334,206.6525115966797,235.8140831605812
RandomForest,42,3,glass_adhesion_kpa,hg0335,193.57395935058594,141.69957639595114
RandomForest,42,3,glass_adhesion_kpa,hg0336,62.22222137451172,132.93021686216116
RandomForest,42,3,glass_adhesion_kpa,hg0337,147.99716186523438,143.41628796524662
RandomForest,42,3,glass_adhesion_kpa,hg0338,229.75230407714844,256.67101612415195
RandomForest,42,3,glass_adhesion_kpa,hg0339,232.0736083984375,258.26963345816773
RandomForest,42,3,glass_adhesion_kpa,hg0340,199.1224365234375,186.63474091922265
HistGB,42,3,glass_adhesion_kpa,hg0274,101.34465789794922,179.49323614311672
HistGB,42,3,glass_adhesion_kpa,hg0275,229.6956787109375,233.46823626013796
HistGB,42,3,glass_adhesion_kpa,hg0276,160.2830810546875,132.30773666121374
HistGB,42,3,glass_adhesion_kpa,hg0277,100.89171600341797,96.57435848909559
HistGB,42,3,glass_adhesion_kpa,hg0278,91.04033660888672,79.16265560020187
HistGB,42,3,glass_adhesion_kpa,hg0279,127.67162322998047,100.41476172110073
HistGB,42,3,glass_adhesion_kpa,hg0280,117.31068420410156,179.3139918396339
HistGB,42,3,glass_adhesion_kpa,hg0281,155.07431030273438,131.13756508411737
HistGB,42,3,glass_adhesion_kpa,hg0282,74.50814056396484,124.86280939232668
HistGB,42,3,glass_adhesion_kpa,hg0283,101.62773895263672,180.42960641931214
HistGB,42,3,glass_adhesion_kpa,hg0284,75.13092803955078,68.46922438048618
HistGB,42,3,glass_adhesion_kpa,hg0285,245.0955352783203,243.39853754520274
HistGB,42,3,glass_adhesion_kpa,hg0286,109.9504623413086,119.9258728886364
HistGB,42,3,glass_adhesion_kpa,hg0287,200.08493041992188,230.8243056174957
HistGB,42,3,glass_adhesion_kpa,hg0288,250.9837188720703,247.06274519390803
HistGB,42,3,glass_adhesion_kpa,hg0289,81.07572174072266,108.15817063332415
HistGB,42,3,glass_adhesion_kpa,hg0290,235.4706268310547,241.25189722479612
HistGB,42,3,glass_adhesion_kpa,hg0291,225.3927764892578,230.3410746126657
HistGB,42,3,glass_adhesion_kpa,hg0334,206.6525115966797,233.05376913536878
HistGB,42,3,glass_adhesion_kpa,hg0335,193.57395935058594,147.96878058799945
HistGB,42,3,glass_adhesion_kpa,hg0336,62.22222137451172,133.45473762561758
HistGB,42,3,glass_adhesion_kpa,hg0337,147.99716186523438,135.9534346317115
HistGB,42,3,glass_adhesion_kpa,hg0338,229.75230407714844,232.6200434325932
HistGB,42,3,glass_adhesion_kpa,hg0339,232.0736083984375,247.922695067562
HistGB,42,3,glass_adhesion_kpa,hg0340,199.1224365234375,176.5623023962201
MLP,42,3,glass_adhesion_kpa,hg0274,101.34465789794922,179.1032257080078
MLP,42,3,glass_adhesion_kpa,hg0275,229.6956787109375,224.77085876464844
MLP,42,3,glass_adhesion_kpa,hg0276,160.2830810546875,114.38710021972656
MLP,42,3,glass_adhesion_kpa,hg0277,100.89171600341797,91.73896789550781
MLP,42,3,glass_adhesion_kpa,hg0278,91.04033660888672,33.140541076660156
MLP,42,3,glass_adhesion_kpa,hg0279,127.67162322998047,119.0206527709961
MLP,42,3,glass_adhesion_kpa,hg0280,117.31068420410156,201.8990936279297
MLP,42,3,glass_adhesion_kpa,hg0281,155.07431030273438,123.48596954345703
MLP,42,3,glass_adhesion_kpa,hg0282,74.50814056396484,85.85181427001953
MLP,42,3,glass_adhesion_kpa,hg0283,101.62773895263672,181.14500427246094
MLP,42,3,glass_adhesion_kpa,hg0284,75.13092803955078,119.60100555419922
MLP,42,3,glass_adhesion_kpa,hg0285,245.0955352783203,221.96385192871094
MLP,42,3,glass_adhesion_kpa,hg0286,109.9504623413086,105.71489715576172
MLP,42,3,glass_adhesion_kpa,hg0287,200.08493041992188,225.22389221191406
MLP,42,3,glass_adhesion_kpa,hg0288,250.9837188720703,219.96730041503906
MLP,42,3,glass_adhesion_kpa,hg0289,81.07572174072266,114.32923126220703
MLP,42,3,glass_adhesion_kpa,hg0290,235.4706268310547,223.37831115722656
MLP,42,3,glass_adhesion_kpa,hg0291,225.3927764892578,225.9179229736328
MLP,42,3,glass_adhesion_kpa,hg0334,206.6525115966797,225.36878967285156
MLP,42,3,glass_adhesion_kpa,hg0335,193.57395935058594,165.24411010742188
MLP,42,3,glass_adhesion_kpa,hg0336,62.22222137451172,164.6649627685547
MLP,42,3,glass_adhesion_kpa,hg0337,147.99716186523438,129.43028259277344
MLP,42,3,glass_adhesion_kpa,hg0338,229.75230407714844,224.9164581298828
MLP,42,3,glass_adhesion_kpa,hg0339,232.0736083984375,220.54612731933594
MLP,42,3,glass_adhesion_kpa,hg0340,199.1224365234375,229.0996551513672
Mean,42,4,glass_adhesion_kpa,hg0274,101.34465789794922,92.8044204711914
Mean,42,4,glass_adhesion_kpa,hg0275,229.6956787109375,92.8044204711914
Mean,42,4,glass_adhesion_kpa,hg0276,160.2830810546875,92.8044204711914
Mean,42,4,glass_adhesion_kpa,hg0277,100.89171600341797,92.8044204711914
Mean,42,4,glass_adhesion_kpa,hg0278,91.04033660888672,92.8044204711914
Mean,42,4,glass_adhesion_kpa,hg0279,127.67162322998047,92.8044204711914
Mean,42,4,glass_adhesion_kpa,hg0280,117.31068420410156,92.8044204711914
Mean,42,4,glass_adhesion_kpa,hg0281,155.07431030273438,92.8044204711914
Mean,42,4,glass_adhesion_kpa,hg0282,74.50814056396484,92.8044204711914
Mean,42,4,glass_adhesion_kpa,hg0283,101.62773895263672,92.8044204711914
Mean,42,4,glass_adhesion_kpa,hg0284,75.13092803955078,92.8044204711914
Mean,42,4,glass_adhesion_kpa,hg0285,245.0955352783203,92.8044204711914
Mean,42,4,glass_adhesion_kpa,hg0286,109.9504623413086,92.8044204711914
Mean,42,4,glass_adhesion_kpa,hg0287,200.08493041992188,92.8044204711914
Mean,42,4,glass_adhesion_kpa,hg0288,250.9837188720703,92.8044204711914
Mean,42,4,glass_adhesion_kpa,hg0289,81.07572174072266,92.8044204711914
Mean,42,4,glass_adhesion_kpa,hg0290,235.4706268310547,92.8044204711914
Mean,42,4,glass_adhesion_kpa,hg0291,225.3927764892578,92.8044204711914
Mean,42,4,glass_adhesion_kpa,hg0334,206.6525115966797,92.8044204711914
Mean,42,4,glass_adhesion_kpa,hg0335,193.57395935058594,92.8044204711914
Mean,42,4,glass_adhesion_kpa,hg0336,62.22222137451172,92.8044204711914
Mean,42,4,glass_adhesion_kpa,hg0337,147.99716186523438,92.8044204711914
Mean,42,4,glass_adhesion_kpa,hg0338,229.75230407714844,92.8044204711914
Mean,42,4,glass_adhesion_kpa,hg0339,232.0736083984375,92.8044204711914
Mean,42,4,glass_adhesion_kpa,hg0340,199.1224365234375,92.8044204711914
Ridge,42,4,glass_adhesion_kpa,hg0274,101.34465789794922,173.08984375
Ridge,42,4,glass_adhesion_kpa,hg0275,229.6956787109375,224.99380493164062
Ridge,42,4,glass_adhesion_kpa,hg0276,160.2830810546875,137.73794555664062
Ridge,42,4,glass_adhesion_kpa,hg0277,100.89171600341797,88.98968505859375
Ridge,42,4,glass_adhesion_kpa,hg0278,91.04033660888672,61.4857292175293
Ridge,42,4,glass_adhesion_kpa,hg0279,127.67162322998047,142.7805938720703
Ridge,42,4,glass_adhesion_kpa,hg0280,117.31068420410156,201.98904418945312
Ridge,42,4,glass_adhesion_kpa,hg0281,155.07431030273438,155.31639099121094
Ridge,42,4,glass_adhesion_kpa,hg0282,74.50814056396484,122.64094543457031
Ridge,42,4,glass_adhesion_kpa,hg0283,101.62773895263672,175.77316284179688
Ridge,42,4,glass_adhesion_kpa,hg0284,75.13092803955078,60.6938591003418
Ridge,42,4,glass_adhesion_kpa,hg0285,245.0955352783203,227.132080078125
Ridge,42,4,glass_adhesion_kpa,hg0286,109.9504623413086,117.77313232421875
Ridge,42,4,glass_adhesion_kpa,hg0287,200.08493041992188,223.31149291992188
Ridge,42,4,glass_adhesion_kpa,hg0288,250.9837188720703,227.83908081054688
Ridge,42,4,glass_adhesion_kpa,hg0289,81.07572174072266,136.88177490234375
Ridge,42,4,glass_adhesion_kpa,hg0290,235.4706268310547,226.10968017578125
Ridge,42,4,glass_adhesion_kpa,hg0291,225.3927764892578,223.42990112304688
Ridge,42,4,glass_adhesion_kpa,hg0334,206.6525115966797,223.36856079101562
Ridge,42,4,glass_adhesion_kpa,hg0335,193.57395935058594,174.46017456054688
Ridge,42,4,glass_adhesion_kpa,hg0336,62.22222137451172,141.111328125
Ridge,42,4,glass_adhesion_kpa,hg0337,147.99716186523438,134.08648681640625
Ridge,42,4,glass_adhesion_kpa,hg0338,229.75230407714844,224.82525634765625
Ridge,42,4,glass_adhesion_kpa,hg0339,232.0736083984375,227.7274169921875
Ridge,42,4,glass_adhesion_kpa,hg0340,199.1224365234375,208.29025268554688
ElasticNet,42,4,glass_adhesion_kpa,hg0274,101.34465789794922,173.05252075195312
ElasticNet,42,4,glass_adhesion_kpa,hg0275,229.6956787109375,224.98159790039062
ElasticNet,42,4,glass_adhesion_kpa,hg0276,160.2830810546875,137.44882202148438
ElasticNet,42,4,glass_adhesion_kpa,hg0277,100.89171600341797,88.77613067626953
ElasticNet,42,4,glass_adhesion_kpa,hg0278,91.04033660888672,61.47444152832031
ElasticNet,42,4,glass_adhesion_kpa,hg0279,127.67162322998047,142.76048278808594
ElasticNet,42,4,glass_adhesion_kpa,hg0280,117.31068420410156,201.8284912109375
ElasticNet,42,4,glass_adhesion_kpa,hg0281,155.07431030273438,154.92349243164062
ElasticNet,42,4,glass_adhesion_kpa,hg0282,74.50814056396484,122.42041778564453
ElasticNet,42,4,glass_adhesion_kpa,hg0283,101.62773895263672,175.73419189453125
ElasticNet,42,4,glass_adhesion_kpa,hg0284,75.13092803955078,61.063568115234375
ElasticNet,42,4,glass_adhesion_kpa,hg0285,245.0955352783203,227.08773803710938
ElasticNet,42,4,glass_adhesion_kpa,hg0286,109.9504623413086,117.5755386352539
ElasticNet,42,4,glass_adhesion_kpa,hg0287,200.08493041992188,223.41375732421875
ElasticNet,42,4,glass_adhesion_kpa,hg0288,250.9837188720703,227.80718994140625
ElasticNet,42,4,glass_adhesion_kpa,hg0289,81.07572174072266,136.84942626953125
ElasticNet,42,4,glass_adhesion_kpa,hg0290,235.4706268310547,226.10791015625
ElasticNet,42,4,glass_adhesion_kpa,hg0291,225.3927764892578,223.47152709960938
ElasticNet,42,4,glass_adhesion_kpa,hg0334,206.6525115966797,223.31594848632812
ElasticNet,42,4,glass_adhesion_kpa,hg0335,193.57395935058594,174.18710327148438
ElasticNet,42,4,glass_adhesion_kpa,hg0336,62.22222137451172,141.7027587890625
ElasticNet,42,4,glass_adhesion_kpa,hg0337,147.99716186523438,134.1790313720703
ElasticNet,42,4,glass_adhesion_kpa,hg0338,229.75230407714844,224.8131103515625
ElasticNet,42,4,glass_adhesion_kpa,hg0339,232.0736083984375,227.67236328125
ElasticNet,42,4,glass_adhesion_kpa,hg0340,199.1224365234375,208.60391235351562
KNN,42,4,glass_adhesion_kpa,hg0274,101.34465789794922,191.75244747650902
KNN,42,4,glass_adhesion_kpa,hg0275,229.6956787109375,297.13587625436577
KNN,42,4,glass_adhesion_kpa,hg0276,160.2830810546875,114.15637777540712
KNN,42,4,glass_adhesion_kpa,hg0277,100.89171600341797,77.14235110134796
KNN,42,4,glass_adhesion_kpa,hg0278,91.04033660888672,86.10205892691224
KNN,42,4,glass_adhesion_kpa,hg0279,127.67162322998047,81.01582301031164
KNN,42,4,glass_adhesion_kpa,hg0280,117.31068420410156,187.19078442492153
KNN,42,4,glass_adhesion_kpa,hg0281,155.07431030273438,133.95845648180037
KNN,42,4,glass_adhesion_kpa,hg0282,74.50814056396484,109.74149540312952
KNN,42,4,glass_adhesion_kpa,hg0283,101.62773895263672,191.97938734928653
KNN,42,4,glass_adhesion_kpa,hg0284,75.13092803955078,85.92261915468067
KNN,42,4,glass_adhesion_kpa,hg0285,245.0955352783203,284.85217964238177
KNN,42,4,glass_adhesion_kpa,hg0286,109.9504623413086,112.87349166366658
KNN,42,4,glass_adhesion_kpa,hg0287,200.08493041992188,242.92416020952558
KNN,42,4,glass_adhesion_kpa,hg0288,250.9837188720703,256.1412329617685
KNN,42,4,glass_adhesion_kpa,hg0289,81.07572174072266,80.903823973709
KNN,42,4,glass_adhesion_kpa,hg0290,235.4706268310547,285.9665202295251
KNN,42,4,glass_adhesion_kpa,hg0291,225.3927764892578,265.28067090315074
KNN,42,4,glass_adhesion_kpa,hg0334,206.6525115966797,307.9546738550957
KNN,42,4,glass_adhesion_kpa,hg0335,193.57395935058594,145.2768050903086
KNN,42,4,glass_adhesion_kpa,hg0336,62.22222137451172,180.62970949825447
KNN,42,4,glass_adhesion_kpa,hg0337,147.99716186523438,154.32822912233442
KNN,42,4,glass_adhesion_kpa,hg0338,229.75230407714844,297.1837716030553
KNN,42,4,glass_adhesion_kpa,hg0339,232.0736083984375,242.49054270971405
KNN,42,4,glass_adhesion_kpa,hg0340,199.1224365234375,216.3053188550222
SVR-RBF,42,4,glass_adhesion_kpa,hg0274,101.34465789794922,163.7704020674413
SVR-RBF,42,4,glass_adhesion_kpa,hg0275,229.6956787109375,207.28863074861113
SVR-RBF,42,4,glass_adhesion_kpa,hg0276,160.2830810546875,125.68944571192274
SVR-RBF,42,4,glass_adhesion_kpa,hg0277,100.89171600341797,79.50591269722644
SVR-RBF,42,4,glass_adhesion_kpa,hg0278,91.04033660888672,62.666005673544404
SVR-RBF,42,4,glass_adhesion_kpa,hg0279,127.67162322998047,146.14186259597528
SVR-RBF,42,4,glass_adhesion_kpa,hg0280,117.31068420410156,186.04920764748192
SVR-RBF,42,4,glass_adhesion_kpa,hg0281,155.07431030273438,138.62858591007404
SVR-RBF,42,4,glass_adhesion_kpa,hg0282,74.50814056396484,113.6100553062938
SVR-RBF,42,4,glass_adhesion_kpa,hg0283,101.62773895263672,165.9220106957357
SVR-RBF,42,4,glass_adhesion_kpa,hg0284,75.13092803955078,88.08909045357557
SVR-RBF,42,4,glass_adhesion_kpa,hg0285,245.0955352783203,207.12678568978401
SVR-RBF,42,4,glass_adhesion_kpa,hg0286,109.9504623413086,111.25299534243287
SVR-RBF,42,4,glass_adhesion_kpa,hg0287,200.08493041992188,207.10430585083367
SVR-RBF,42,4,glass_adhesion_kpa,hg0288,250.9837188720703,206.45663831453732
SVR-RBF,42,4,glass_adhesion_kpa,hg0289,81.07572174072266,144.42336210843564
SVR-RBF,42,4,glass_adhesion_kpa,hg0290,235.4706268310547,207.21316406733717
SVR-RBF,42,4,glass_adhesion_kpa,hg0291,225.3927764892578,207.2353618146921
SVR-RBF,42,4,glass_adhesion_kpa,hg0334,206.6525115966797,206.4642108970856
SVR-RBF,42,4,glass_adhesion_kpa,hg0335,193.57395935058594,162.3901076924704
SVR-RBF,42,4,glass_adhesion_kpa,hg0336,62.22222137451172,151.63013655325625
SVR-RBF,42,4,glass_adhesion_kpa,hg0337,147.99716186523438,129.7981411512356
SVR-RBF,42,4,glass_adhesion_kpa,hg0338,229.75230407714844,207.26501600165528
SVR-RBF,42,4,glass_adhesion_kpa,hg0339,232.0736083984375,206.85087378672904
SVR-RBF,42,4,glass_adhesion_kpa,hg0340,199.1224365234375,203.45103369812654
RandomForest,42,4,glass_adhesion_kpa,hg0274,101.34465789794922,181.12833360799357
RandomForest,42,4,glass_adhesion_kpa,hg0275,229.6956787109375,274.52015689279506
RandomForest,42,4,glass_adhesion_kpa,hg0276,160.2830810546875,131.89821662000375
RandomForest,42,4,glass_adhesion_kpa,hg0277,100.89171600341797,95.08776769134998
RandomForest,42,4,glass_adhesion_kpa,hg0278,91.04033660888672,82.41347914510794
RandomForest,42,4,glass_adhesion_kpa,hg0279,127.67162322998047,117.51382656590567
RandomForest,42,4,glass_adhesion_kpa,hg0280,117.31068420410156,175.76081847144908
RandomForest,42,4,glass_adhesion_kpa,hg0281,155.07431030273438,139.18860940449906
RandomForest,42,4,glass_adhesion_kpa,hg0282,74.50814056396484,110.3131236574282
RandomForest,42,4,glass_adhesion_kpa,hg0283,101.62773895263672,182.60591810366998
RandomForest,42,4,glass_adhesion_kpa,hg0284,75.13092803955078,82.54673972680916
RandomForest,42,4,glass_adhesion_kpa,hg0285,245.0955352783203,252.76022918660198
RandomForest,42,4,glass_adhesion_kpa,hg0286,109.9504623413086,108.33016659953554
RandomForest,42,4,glass_adhesion_kpa,hg0287,200.08493041992188,247.0865543023584
RandomForest,42,4,glass_adhesion_kpa,hg0288,250.9837188720703,259.595082539684
RandomForest,42,4,glass_adhesion_kpa,hg0289,81.07572174072266,114.89387641489975
RandomForest,42,4,glass_adhesion_kpa,hg0290,235.4706268310547,267.7583711579743
RandomForest,42,4,glass_adhesion_kpa,hg0291,225.3927764892578,262.57452351557623
RandomForest,42,4,glass_adhesion_kpa,hg0334,206.6525115966797,260.3714632861164
RandomForest,42,4,glass_adhesion_kpa,hg0335,193.57395935058594,136.37162172955107
RandomForest,42,4,glass_adhesion_kpa,hg0336,62.22222137451172,133.5131541022989
RandomForest,42,4,glass_adhesion_kpa,hg0337,147.99716186523438,145.75605559078605
RandomForest,42,4,glass_adhesion_kpa,hg0338,229.75230407714844,273.9357338760082
RandomForest,42,4,glass_adhesion_kpa,hg0339,232.0736083984375,252.39188606606828
RandomForest,42,4,glass_adhesion_kpa,hg0340,199.1224365234375,206.3926009233333
HistGB,42,4,glass_adhesion_kpa,hg0274,101.34465789794922,169.60764806610564
HistGB,42,4,glass_adhesion_kpa,hg0275,229.6956787109375,279.1769111679879
HistGB,42,4,glass_adhesion_kpa,hg0276,160.2830810546875,127.93842596855923
HistGB,42,4,glass_adhesion_kpa,hg0277,100.89171600341797,87.15440108554432
HistGB,42,4,glass_adhesion_kpa,hg0278,91.04033660888672,97.80189546193711
HistGB,42,4,glass_adhesion_kpa,hg0279,127.67162322998047,106.25169015712068
HistGB,42,4,glass_adhesion_kpa,hg0280,117.31068420410156,192.5514408150612
HistGB,42,4,glass_adhesion_kpa,hg0281,155.07431030273438,126.16752728160387
HistGB,42,4,glass_adhesion_kpa,hg0282,74.50814056396484,128.1922537838472
HistGB,42,4,glass_adhesion_kpa,hg0283,101.62773895263672,174.3527810788347
HistGB,42,4,glass_adhesion_kpa,hg0284,75.13092803955078,72.30404100724796
HistGB,42,4,glass_adhesion_kpa,hg0285,245.0955352783203,269.5923408078039
HistGB,42,4,glass_adhesion_kpa,hg0286,109.9504623413086,118.15097050777953
HistGB,42,4,glass_adhesion_kpa,hg0287,200.08493041992188,262.8125577254684
HistGB,42,4,glass_adhesion_kpa,hg0288,250.9837188720703,265.39293591496426
HistGB,42,4,glass_adhesion_kpa,hg0289,81.07572174072266,112.849073165557
HistGB,42,4,glass_adhesion_kpa,hg0290,235.4706268310547,276.21355949689604
HistGB,42,4,glass_adhesion_kpa,hg0291,225.3927764892578,249.85227129468728
HistGB,42,4,glass_adhesion_kpa,hg0334,206.6525115966797,190.88714899113577
HistGB,42,4,glass_adhesion_kpa,hg0335,193.57395935058594,154.16773538502795
HistGB,42,4,glass_adhesion_kpa,hg0336,62.22222137451172,169.84049444942016
HistGB,42,4,glass_adhesion_kpa,hg0337,147.99716186523438,170.26114765736526
HistGB,42,4,glass_adhesion_kpa,hg0338,229.75230407714844,280.5082274476103
HistGB,42,4,glass_adhesion_kpa,hg0339,232.0736083984375,263.3376874799135
HistGB,42,4,glass_adhesion_kpa,hg0340,199.1224365234375,177.524777208323
MLP,42,4,glass_adhesion_kpa,hg0274,101.34465789794922,168.56814575195312
MLP,42,4,glass_adhesion_kpa,hg0275,229.6956787109375,228.20945739746094
MLP,42,4,glass_adhesion_kpa,hg0276,160.2830810546875,114.53202819824219
MLP,42,4,glass_adhesion_kpa,hg0277,100.89171600341797,79.86974334716797
MLP,42,4,glass_adhesion_kpa,hg0278,91.04033660888672,57.45082092285156
MLP,42,4,glass_adhesion_kpa,hg0279,127.67162322998047,127.37935638427734
MLP,42,4,glass_adhesion_kpa,hg0280,117.31068420410156,192.0308074951172
MLP,42,4,glass_adhesion_kpa,hg0281,155.07431030273438,117.95552825927734
MLP,42,4,glass_adhesion_kpa,hg0282,74.50814056396484,81.34709930419922
MLP,42,4,glass_adhesion_kpa,hg0283,101.62773895263672,171.0667266845703
MLP,42,4,glass_adhesion_kpa,hg0284,75.13092803955078,125.73175811767578
MLP,42,4,glass_adhesion_kpa,hg0285,245.0955352783203,226.92453002929688
MLP,42,4,glass_adhesion_kpa,hg0286,109.9504623413086,110.2276840209961
MLP,42,4,glass_adhesion_kpa,hg0287,200.08493041992188,230.44712829589844
MLP,42,4,glass_adhesion_kpa,hg0288,250.9837188720703,226.16876220703125
MLP,42,4,glass_adhesion_kpa,hg0289,81.07572174072266,121.90091705322266
MLP,42,4,glass_adhesion_kpa,hg0290,235.4706268310547,228.22279357910156
MLP,42,4,glass_adhesion_kpa,hg0291,225.3927764892578,229.3857879638672
MLP,42,4,glass_adhesion_kpa,hg0334,206.6525115966797,226.7277069091797
MLP,42,4,glass_adhesion_kpa,hg0335,193.57395935058594,151.72604370117188
MLP,42,4,glass_adhesion_kpa,hg0336,62.22222137451172,158.86817932128906
MLP,42,4,glass_adhesion_kpa,hg0337,147.99716186523438,123.846435546875
MLP,42,4,glass_adhesion_kpa,hg0338,229.75230407714844,228.19752502441406
MLP,42,4,glass_adhesion_kpa,hg0339,232.0736083984375,226.08929443359375
MLP,42,4,glass_adhesion_kpa,hg0340,199.1224365234375,229.94686889648438
Mean,2024,0,glass_adhesion_kpa,hg0274,101.34465789794922,93.24818420410156
Mean,2024,0,glass_adhesion_kpa,hg0275,229.6956787109375,93.24818420410156
Mean,2024,0,glass_adhesion_kpa,hg0276,160.2830810546875,93.24818420410156
Mean,2024,0,glass_adhesion_kpa,hg0277,100.89171600341797,93.24818420410156
Mean,2024,0,glass_adhesion_kpa,hg0278,91.04033660888672,93.24818420410156
Mean,2024,0,glass_adhesion_kpa,hg0279,127.67162322998047,93.24818420410156
Mean,2024,0,glass_adhesion_kpa,hg0280,117.31068420410156,93.24818420410156
Mean,2024,0,glass_adhesion_kpa,hg0281,155.07431030273438,93.24818420410156
Mean,2024,0,glass_adhesion_kpa,hg0282,74.50814056396484,93.24818420410156
Mean,2024,0,glass_adhesion_kpa,hg0283,101.62773895263672,93.24818420410156
Mean,2024,0,glass_adhesion_kpa,hg0284,75.13092803955078,93.24818420410156
Mean,2024,0,glass_adhesion_kpa,hg0285,245.0955352783203,93.24818420410156
Mean,2024,0,glass_adhesion_kpa,hg0286,109.9504623413086,93.24818420410156
Mean,2024,0,glass_adhesion_kpa,hg0287,200.08493041992188,93.24818420410156
Mean,2024,0,glass_adhesion_kpa,hg0288,250.9837188720703,93.24818420410156
Mean,2024,0,glass_adhesion_kpa,hg0289,81.07572174072266,93.24818420410156
Mean,2024,0,glass_adhesion_kpa,hg0290,235.4706268310547,93.24818420410156
Mean,2024,0,glass_adhesion_kpa,hg0291,225.3927764892578,93.24818420410156
Mean,2024,0,glass_adhesion_kpa,hg0334,206.6525115966797,93.24818420410156
Mean,2024,0,glass_adhesion_kpa,hg0335,193.57395935058594,93.24818420410156
Mean,2024,0,glass_adhesion_kpa,hg0336,62.22222137451172,93.24818420410156
Mean,2024,0,glass_adhesion_kpa,hg0337,147.99716186523438,93.24818420410156
Mean,2024,0,glass_adhesion_kpa,hg0338,229.75230407714844,93.24818420410156
Mean,2024,0,glass_adhesion_kpa,hg0339,232.0736083984375,93.24818420410156
Mean,2024,0,glass_adhesion_kpa,hg0340,199.1224365234375,93.24818420410156
Ridge,2024,0,glass_adhesion_kpa,hg0274,101.34465789794922,177.65911865234375
Ridge,2024,0,glass_adhesion_kpa,hg0275,229.6956787109375,231.89859008789062
Ridge,2024,0,glass_adhesion_kpa,hg0276,160.2830810546875,137.23870849609375
Ridge,2024,0,glass_adhesion_kpa,hg0277,100.89171600341797,89.1435546875
Ridge,2024,0,glass_adhesion_kpa,hg0278,91.04033660888672,58.39878845214844
Ridge,2024,0,glass_adhesion_kpa,hg0279,127.67162322998047,144.07391357421875
Ridge,2024,0,glass_adhesion_kpa,hg0280,117.31068420410156,206.48233032226562
Ridge,2024,0,glass_adhesion_kpa,hg0281,155.07431030273438,153.02261352539062
Ridge,2024,0,glass_adhesion_kpa,hg0282,74.50814056396484,120.60442352294922
Ridge,2024,0,glass_adhesion_kpa,hg0283,101.62773895263672,180.3563232421875
Ridge,2024,0,glass_adhesion_kpa,hg0284,75.13092803955078,73.37977600097656
Ridge,2024,0,glass_adhesion_kpa,hg0285,245.0955352783203,233.4331817626953
Ridge,2024,0,glass_adhesion_kpa,hg0286,109.9504623413086,118.7757568359375
Ridge,2024,0,glass_adhesion_kpa,hg0287,200.08493041992188,230.88558959960938
Ridge,2024,0,glass_adhesion_kpa,hg0288,250.9837188720703,234.0522918701172
Ridge,2024,0,glass_adhesion_kpa,hg0289,81.07572174072266,137.50225830078125
Ridge,2024,0,glass_adhesion_kpa,hg0290,235.4706268310547,232.92330932617188
Ridge,2024,0,glass_adhesion_kpa,hg0291,225.3927764892578,230.7832794189453
Ridge,2024,0,glass_adhesion_kpa,hg0334,206.6525115966797,230.15867614746094
Ridge,2024,0,glass_adhesion_kpa,hg0335,193.57395935058594,175.9290771484375
Ridge,2024,0,glass_adhesion_kpa,hg0336,62.22222137451172,141.85687255859375
Ridge,2024,0,glass_adhesion_kpa,hg0337,147.99716186523438,137.1860809326172
Ridge,2024,0,glass_adhesion_kpa,hg0338,229.75230407714844,231.7509002685547
Ridge,2024,0,glass_adhesion_kpa,hg0339,232.0736083984375,233.7437744140625
Ridge,2024,0,glass_adhesion_kpa,hg0340,199.1224365234375,217.05050659179688
ElasticNet,2024,0,glass_adhesion_kpa,hg0274,101.34465789794922,177.61244201660156
ElasticNet,2024,0,glass_adhesion_kpa,hg0275,229.6956787109375,231.87136840820312
ElasticNet,2024,0,glass_adhesion_kpa,hg0276,160.2830810546875,136.91567993164062
ElasticNet,2024,0,glass_adhesion_kpa,hg0277,100.89171600341797,88.8767318725586
ElasticNet,2024,0,glass_adhesion_kpa,hg0278,91.04033660888672,58.4074592590332
ElasticNet,2024,0,glass_adhesion_kpa,hg0279,127.67162322998047,144.10195922851562
ElasticNet,2024,0,glass_adhesion_kpa,hg0280,117.31068420410156,206.30596923828125
ElasticNet,2024,0,glass_adhesion_kpa,hg0281,155.07431030273438,152.64266967773438
ElasticNet,2024,0,glass_adhesion_kpa,hg0282,74.50814056396484,120.35256958007812
ElasticNet,2024,0,glass_adhesion_kpa,hg0283,101.62773895263672,180.308837890625
ElasticNet,2024,0,glass_adhesion_kpa,hg0284,75.13092803955078,73.60960388183594
ElasticNet,2024,0,glass_adhesion_kpa,hg0285,245.0955352783203,233.3846435546875
ElasticNet,2024,0,glass_adhesion_kpa,hg0286,109.9504623413086,118.50840759277344
ElasticNet,2024,0,glass_adhesion_kpa,hg0287,200.08493041992188,230.9644317626953
ElasticNet,2024,0,glass_adhesion_kpa,hg0288,250.9837188720703,234.01785278320312
ElasticNet,2024,0,glass_adhesion_kpa,hg0289,81.07572174072266,137.48233032226562
ElasticNet,2024,0,glass_adhesion_kpa,hg0290,235.4706268310547,232.90933227539062
ElasticNet,2024,0,glass_adhesion_kpa,hg0291,225.3927764892578,230.80210876464844
ElasticNet,2024,0,glass_adhesion_kpa,hg0334,206.6525115966797,230.0913848876953
ElasticNet,2024,0,glass_adhesion_kpa,hg0335,193.57395935058594,175.70855712890625
ElasticNet,2024,0,glass_adhesion_kpa,hg0336,62.22222137451172,142.48898315429688
ElasticNet,2024,0,glass_adhesion_kpa,hg0337,147.99716186523438,137.22564697265625
ElasticNet,2024,0,glass_adhesion_kpa,hg0338,229.75230407714844,231.72325134277344
ElasticNet,2024,0,glass_adhesion_kpa,hg0339,232.0736083984375,233.68896484375
ElasticNet,2024,0,glass_adhesion_kpa,hg0340,199.1224365234375,217.30267333984375
KNN,2024,0,glass_adhesion_kpa,hg0274,101.34465789794922,178.91783206903352
KNN,2024,0,glass_adhesion_kpa,hg0275,229.6956787109375,299.323089912326
KNN,2024,0,glass_adhesion_kpa,hg0276,160.2830810546875,125.37252345039597
KNN,2024,0,glass_adhesion_kpa,hg0277,100.89171600341797,77.86082642480875
KNN,2024,0,glass_adhesion_kpa,hg0278,91.04033660888672,119.48718207456716
KNN,2024,0,glass_adhesion_kpa,hg0279,127.67162322998047,107.18403338288955
KNN,2024,0,glass_adhesion_kpa,hg0280,117.31068420410156,184.89192127789372
KNN,2024,0,glass_adhesion_kpa,hg0281,155.07431030273438,135.18554568542743
KNN,2024,0,glass_adhesion_kpa,hg0282,74.50814056396484,122.26831995146755
KNN,2024,0,glass_adhesion_kpa,hg0283,101.62773895263672,180.67045766875697
KNN,2024,0,glass_adhesion_kpa,hg0284,75.13092803955078,85.70613139261171
KNN,2024,0,glass_adhesion_kpa,hg0285,245.0955352783203,283.8600635328911
KNN,2024,0,glass_adhesion_kpa,hg0286,109.9504623413086,118.5006473694386
KNN,2024,0,glass_adhesion_kpa,hg0287,200.08493041992188,251.97361134261848
KNN,2024,0,glass_adhesion_kpa,hg0288,250.9837188720703,274.5614841505062
KNN,2024,0,glass_adhesion_kpa,hg0289,81.07572174072266,81.32003183414686
KNN,2024,0,glass_adhesion_kpa,hg0290,235.4706268310547,289.8731297972886
KNN,2024,0,glass_adhesion_kpa,hg0291,225.3927764892578,272.77324364514567
KNN,2024,0,glass_adhesion_kpa,hg0334,206.6525115966797,306.2421015594315
KNN,2024,0,glass_adhesion_kpa,hg0335,193.57395935058594,157.68572205378115
KNN,2024,0,glass_adhesion_kpa,hg0336,62.22222137451172,188.63575131069896
KNN,2024,0,glass_adhesion_kpa,hg0337,147.99716186523438,159.80721778771877
KNN,2024,0,glass_adhesion_kpa,hg0338,229.75230407714844,299.3266498267652
KNN,2024,0,glass_adhesion_kpa,hg0339,232.0736083984375,277.9080321144187
KNN,2024,0,glass_adhesion_kpa,hg0340,199.1224365234375,217.62917745724573
SVR-RBF,2024,0,glass_adhesion_kpa,hg0274,101.34465789794922,145.24762412570965
SVR-RBF,2024,0,glass_adhesion_kpa,hg0275,229.6956787109375,264.0487689120969
SVR-RBF,2024,0,glass_adhesion_kpa,hg0276,160.2830810546875,111.68045577640291
SVR-RBF,2024,0,glass_adhesion_kpa,hg0277,100.89171600341797,86.39034198734257
SVR-RBF,2024,0,glass_adhesion_kpa,hg0278,91.04033660888672,60.62608519036521
SVR-RBF,2024,0,glass_adhesion_kpa,hg0279,127.67162322998047,92.14400053546647
SVR-RBF,2024,0,glass_adhesion_kpa,hg0280,117.31068420410156,182.86952480861493
SVR-RBF,2024,0,glass_adhesion_kpa,hg0281,155.07431030273438,126.44807508099044
SVR-RBF,2024,0,glass_adhesion_kpa,hg0282,74.50814056396484,120.10718532018896
SVR-RBF,2024,0,glass_adhesion_kpa,hg0283,101.62773895263672,146.58518750534148
SVR-RBF,2024,0,glass_adhesion_kpa,hg0284,75.13092803955078,36.37717123552783
SVR-RBF,2024,0,glass_adhesion_kpa,hg0285,245.0955352783203,269.93790282022667
SVR-RBF,2024,0,glass_adhesion_kpa,hg0286,109.9504623413086,90.68509282656255
SVR-RBF,2024,0,glass_adhesion_kpa,hg0287,200.08493041992188,239.32194070783933
SVR-RBF,2024,0,glass_adhesion_kpa,hg0288,250.9837188720703,265.8512777614142
SVR-RBF,2024,0,glass_adhesion_kpa,hg0289,81.07572174072266,87.20067704468168
SVR-RBF,2024,0,glass_adhesion_kpa,hg0290,235.4706268310547,262.9896814373793
SVR-RBF,2024,0,glass_adhesion_kpa,hg0291,225.3927764892578,254.66392254165248
SVR-RBF,2024,0,glass_adhesion_kpa,hg0334,206.6525115966797,260.9486877604299
SVR-RBF,2024,0,glass_adhesion_kpa,hg0335,193.57395935058594,152.1068668420997
SVR-RBF,2024,0,glass_adhesion_kpa,hg0336,62.22222137451172,171.3335838667026
SVR-RBF,2024,0,glass_adhesion_kpa,hg0337,147.99716186523438,125.84343743070697
SVR-RBF,2024,0,glass_adhesion_kpa,hg0338,229.75230407714844,263.75492244267105
SVR-RBF,2024,0,glass_adhesion_kpa,hg0339,232.0736083984375,270.76087835219846
SVR-RBF,2024,0,glass_adhesion_kpa,hg0340,199.1224365234375,204.44029241392235
RandomForest,2024,0,glass_adhesion_kpa,hg0274,101.34465789794922,182.57014859971545
RandomForest,2024,0,glass_adhesion_kpa,hg0275,229.6956787109375,278.9610753286453
RandomForest,2024,0,glass_adhesion_kpa,hg0276,160.2830810546875,132.92333336131912
RandomForest,2024,0,glass_adhesion_kpa,hg0277,100.89171600341797,97.02490531660261
RandomForest,2024,0,glass_adhesion_kpa,hg0278,91.04033660888672,89.95153926923162
RandomForest,2024,0,glass_adhesion_kpa,hg0279,127.67162322998047,120.65891573315575
RandomForest,2024,0,glass_adhesion_kpa,hg0280,117.31068420410156,174.0970583833399
RandomForest,2024,0,glass_adhesion_kpa,hg0281,155.07431030273438,138.4368305808022
RandomForest,2024,0,glass_adhesion_kpa,hg0282,74.50814056396484,111.23870211186863
RandomForest,2024,0,glass_adhesion_kpa,hg0283,101.62773895263672,184.67576650437854
RandomForest,2024,0,glass_adhesion_kpa,hg0284,75.13092803955078,79.18956659067244
RandomForest,2024,0,glass_adhesion_kpa,hg0285,245.0955352783203,271.41697341373987
RandomForest,2024,0,glass_adhesion_kpa,hg0286,109.9504623413086,107.8278582510494
RandomForest,2024,0,glass_adhesion_kpa,hg0287,200.08493041992188,250.1110741479056
RandomForest,2024,0,glass_adhesion_kpa,hg0288,250.9837188720703,273.0342014131092
RandomForest,2024,0,glass_adhesion_kpa,hg0289,81.07572174072266,117.73113616988772
RandomForest,2024,0,glass_adhesion_kpa,hg0290,235.4706268310547,275.51605332692463
RandomForest,2024,0,glass_adhesion_kpa,hg0291,225.3927764892578,265.8641195297241
RandomForest,2024,0,glass_adhesion_kpa,hg0334,206.6525115966797,260.77363095964705
RandomForest,2024,0,glass_adhesion_kpa,hg0335,193.57395935058594,150.26124769506
RandomForest,2024,0,glass_adhesion_kpa,hg0336,62.22222137451172,122.27014520324411
RandomForest,2024,0,glass_adhesion_kpa,hg0337,147.99716186523438,143.57725933407033
RandomForest,2024,0,glass_adhesion_kpa,hg0338,229.75230407714844,277.6300339562552
RandomForest,2024,0,glass_adhesion_kpa,hg0339,232.0736083984375,272.4722100030808
RandomForest,2024,0,glass_adhesion_kpa,hg0340,199.1224365234375,206.02959118343534
HistGB,2024,0,glass_adhesion_kpa,hg0274,101.34465789794922,185.87761119363026
HistGB,2024,0,glass_adhesion_kpa,hg0275,229.6956787109375,279.7301466558201
HistGB,2024,0,glass_adhesion_kpa,hg0276,160.2830810546875,120.8347311569246
HistGB,2024,0,glass_adhesion_kpa,hg0277,100.89171600341797,97.49389675988226
HistGB,2024,0,glass_adhesion_kpa,hg0278,91.04033660888672,96.27238218178915
HistGB,2024,0,glass_adhesion_kpa,hg0279,127.67162322998047,128.6659210444067
HistGB,2024,0,glass_adhesion_kpa,hg0280,117.31068420410156,174.71916801524657
HistGB,2024,0,glass_adhesion_kpa,hg0281,155.07431030273438,113.67972098664944
HistGB,2024,0,glass_adhesion_kpa,hg0282,74.50814056396484,126.49628236889376
HistGB,2024,0,glass_adhesion_kpa,hg0283,101.62773895263672,185.87761119363026
HistGB,2024,0,glass_adhesion_kpa,hg0284,75.13092803955078,57.61538633098929
HistGB,2024,0,glass_adhesion_kpa,hg0285,245.0955352783203,285.42814272212235
HistGB,2024,0,glass_adhesion_kpa,hg0286,109.9504623413086,116.01791087469405
HistGB,2024,0,glass_adhesion_kpa,hg0287,200.08493041992188,259.76684986022525
HistGB,2024,0,glass_adhesion_kpa,hg0288,250.9837188720703,281.32367740396546
HistGB,2024,0,glass_adhesion_kpa,hg0289,81.07572174072266,113.4218254852206
HistGB,2024,0,glass_adhesion_kpa,hg0290,235.4706268310547,260.41456984661914
HistGB,2024,0,glass_adhesion_kpa,hg0291,225.3927764892578,260.8749462653363
HistGB,2024,0,glass_adhesion_kpa,hg0334,206.6525115966797,221.2861155491032
HistGB,2024,0,glass_adhesion_kpa,hg0335,193.57395935058594,165.1545349815676
HistGB,2024,0,glass_adhesion_kpa,hg0336,62.22222137451172,160.46390056316585
HistGB,2024,0,glass_adhesion_kpa,hg0337,147.99716186523438,181.5914149642349
HistGB,2024,0,glass_adhesion_kpa,hg0338,229.75230407714844,279.7301466558201
HistGB,2024,0,glass_adhesion_kpa,hg0339,232.0736083984375,279.81479882185516
HistGB,2024,0,glass_adhesion_kpa,hg0340,199.1224365234375,187.27061380550998
MLP,2024,0,glass_adhesion_kpa,hg0274,101.34465789794922,182.03292846679688
MLP,2024,0,glass_adhesion_kpa,hg0275,229.6956787109375,222.0027313232422
MLP,2024,0,glass_adhesion_kpa,hg0276,160.2830810546875,145.43035888671875
MLP,2024,0,glass_adhesion_kpa,hg0277,100.89171600341797,79.02838134765625
MLP,2024,0,glass_adhesion_kpa,hg0278,91.04033660888672,31.85155487060547
MLP,2024,0,glass_adhesion_kpa,hg0279,127.67162322998047,135.50755310058594
MLP,2024,0,glass_adhesion_kpa,hg0280,117.31068420410156,218.41778564453125
MLP,2024,0,glass_adhesion_kpa,hg0281,155.07431030273438,162.83151245117188
MLP,2024,0,glass_adhesion_kpa,hg0282,74.50814056396484,99.331298828125
MLP,2024,0,glass_adhesion_kpa,hg0283,101.62773895263672,183.7499542236328
MLP,2024,0,glass_adhesion_kpa,hg0284,75.13092803955078,136.318603515625
MLP,2024,0,glass_adhesion_kpa,hg0285,245.0955352783203,218.40533447265625
MLP,2024,0,glass_adhesion_kpa,hg0286,109.9504623413086,136.7490692138672
MLP,2024,0,glass_adhesion_kpa,hg0287,200.08493041992188,216.04876708984375
MLP,2024,0,glass_adhesion_kpa,hg0288,250.9837188720703,213.92684936523438
MLP,2024,0,glass_adhesion_kpa,hg0289,81.07572174072266,124.33944702148438
MLP,2024,0,glass_adhesion_kpa,hg0290,235.4706268310547,218.097900390625
MLP,2024,0,glass_adhesion_kpa,hg0291,225.3927764892578,221.37442016601562
MLP,2024,0,glass_adhesion_kpa,hg0334,206.6525115966797,227.326416015625
MLP,2024,0,glass_adhesion_kpa,hg0335,193.57395935058594,195.75393676757812
MLP,2024,0,glass_adhesion_kpa,hg0336,62.22222137451172,161.76089477539062
MLP,2024,0,glass_adhesion_kpa,hg0337,147.99716186523438,131.8309326171875
MLP,2024,0,glass_adhesion_kpa,hg0338,229.75230407714844,222.37405395507812
MLP,2024,0,glass_adhesion_kpa,hg0339,232.0736083984375,216.7813720703125
MLP,2024,0,glass_adhesion_kpa,hg0340,199.1224365234375,224.75387573242188
Mean,2024,1,glass_adhesion_kpa,hg0274,101.34465789794922,93.73625946044922
Mean,2024,1,glass_adhesion_kpa,hg0275,229.6956787109375,93.73625946044922
Mean,2024,1,glass_adhesion_kpa,hg0276,160.2830810546875,93.73625946044922
Mean,2024,1,glass_adhesion_kpa,hg0277,100.89171600341797,93.73625946044922
Mean,2024,1,glass_adhesion_kpa,hg0278,91.04033660888672,93.73625946044922
Mean,2024,1,glass_adhesion_kpa,hg0279,127.67162322998047,93.73625946044922
Mean,2024,1,glass_adhesion_kpa,hg0280,117.31068420410156,93.73625946044922
Mean,2024,1,glass_adhesion_kpa,hg0281,155.07431030273438,93.73625946044922
Mean,2024,1,glass_adhesion_kpa,hg0282,74.50814056396484,93.73625946044922
Mean,2024,1,glass_adhesion_kpa,hg0283,101.62773895263672,93.73625946044922
Mean,2024,1,glass_adhesion_kpa,hg0284,75.13092803955078,93.73625946044922
Mean,2024,1,glass_adhesion_kpa,hg0285,245.0955352783203,93.73625946044922
Mean,2024,1,glass_adhesion_kpa,hg0286,109.9504623413086,93.73625946044922
Mean,2024,1,glass_adhesion_kpa,hg0287,200.08493041992188,93.73625946044922
Mean,2024,1,glass_adhesion_kpa,hg0288,250.9837188720703,93.73625946044922
Mean,2024,1,glass_adhesion_kpa,hg0289,81.07572174072266,93.73625946044922
Mean,2024,1,glass_adhesion_kpa,hg0290,235.4706268310547,93.73625946044922
Mean,2024,1,glass_adhesion_kpa,hg0291,225.3927764892578,93.73625946044922
Mean,2024,1,glass_adhesion_kpa,hg0334,206.6525115966797,93.73625946044922
Mean,2024,1,glass_adhesion_kpa,hg0335,193.57395935058594,93.73625946044922
Mean,2024,1,glass_adhesion_kpa,hg0336,62.22222137451172,93.73625946044922
Mean,2024,1,glass_adhesion_kpa,hg0337,147.99716186523438,93.73625946044922
Mean,2024,1,glass_adhesion_kpa,hg0338,229.75230407714844,93.73625946044922
Mean,2024,1,glass_adhesion_kpa,hg0339,232.0736083984375,93.73625946044922
Mean,2024,1,glass_adhesion_kpa,hg0340,199.1224365234375,93.73625946044922
Ridge,2024,1,glass_adhesion_kpa,hg0274,101.34465789794922,179.50820922851562
Ridge,2024,1,glass_adhesion_kpa,hg0275,229.6956787109375,228.63232421875
Ridge,2024,1,glass_adhesion_kpa,hg0276,160.2830810546875,140.5234375
Ridge,2024,1,glass_adhesion_kpa,hg0277,100.89171600341797,85.653076171875
Ridge,2024,1,glass_adhesion_kpa,hg0278,91.04033660888672,71.52430725097656
Ridge,2024,1,glass_adhesion_kpa,hg0279,127.67162322998047,134.9121856689453
Ridge,2024,1,glass_adhesion_kpa,hg0280,117.31068420410156,202.63067626953125
Ridge,2024,1,glass_adhesion_kpa,hg0281,155.07431030273438,152.77854919433594
Ridge,2024,1,glass_adhesion_kpa,hg0282,74.50814056396484,119.83503723144531
Ridge,2024,1,glass_adhesion_kpa,hg0283,101.62773895263672,181.9368896484375
Ridge,2024,1,glass_adhesion_kpa,hg0284,75.13092803955078,88.82954406738281
Ridge,2024,1,glass_adhesion_kpa,hg0285,245.0955352783203,230.52261352539062
Ridge,2024,1,glass_adhesion_kpa,hg0286,109.9504623413086,125.0033950805664
Ridge,2024,1,glass_adhesion_kpa,hg0287,200.08493041992188,228.30767822265625
Ridge,2024,1,glass_adhesion_kpa,hg0288,250.9837188720703,231.53521728515625
Ridge,2024,1,glass_adhesion_kpa,hg0289,81.07572174072266,130.1762237548828
Ridge,2024,1,glass_adhesion_kpa,hg0290,235.4706268310547,230.059814453125
Ridge,2024,1,glass_adhesion_kpa,hg0291,225.3927764892578,227.58843994140625
Ridge,2024,1,glass_adhesion_kpa,hg0334,206.6525115966797,226.28622436523438
Ridge,2024,1,glass_adhesion_kpa,hg0335,193.57395935058594,171.26332092285156
Ridge,2024,1,glass_adhesion_kpa,hg0336,62.22222137451172,146.09609985351562
Ridge,2024,1,glass_adhesion_kpa,hg0337,147.99716186523438,138.9822235107422
Ridge,2024,1,glass_adhesion_kpa,hg0338,229.75230407714844,228.4437255859375
Ridge,2024,1,glass_adhesion_kpa,hg0339,232.0736083984375,230.9732666015625
Ridge,2024,1,glass_adhesion_kpa,hg0340,199.1224365234375,213.20712280273438
ElasticNet,2024,1,glass_adhesion_kpa,hg0274,101.34465789794922,179.500244140625
ElasticNet,2024,1,glass_adhesion_kpa,hg0275,229.6956787109375,228.63177490234375
ElasticNet,2024,1,glass_adhesion_kpa,hg0276,160.2830810546875,140.52210998535156
ElasticNet,2024,1,glass_adhesion_kpa,hg0277,100.89171600341797,85.6563949584961
ElasticNet,2024,1,glass_adhesion_kpa,hg0278,91.04033660888672,71.51980590820312
ElasticNet,2024,1,glass_adhesion_kpa,hg0279,127.67162322998047,134.92518615722656
ElasticNet,2024,1,glass_adhesion_kpa,hg0280,117.31068420410156,202.6291046142578
ElasticNet,2024,1,glass_adhesion_kpa,hg0281,155.07431030273438,152.77890014648438
ElasticNet,2024,1,glass_adhesion_kpa,hg0282,74.50814056396484,119.8368148803711
ElasticNet,2024,1,glass_adhesion_kpa,hg0283,101.62773895263672,181.92904663085938
ElasticNet,2024,1,glass_adhesion_kpa,hg0284,75.13092803955078,88.83177947998047
ElasticNet,2024,1,glass_adhesion_kpa,hg0285,245.0955352783203,230.52374267578125
ElasticNet,2024,1,glass_adhesion_kpa,hg0286,109.9504623413086,125.0030517578125
ElasticNet,2024,1,glass_adhesion_kpa,hg0287,200.08493041992188,228.30154418945312
ElasticNet,2024,1,glass_adhesion_kpa,hg0288,250.9837188720703,231.53558349609375
ElasticNet,2024,1,glass_adhesion_kpa,hg0289,81.07572174072266,130.1892852783203
ElasticNet,2024,1,glass_adhesion_kpa,hg0290,235.4706268310547,230.058837890625
ElasticNet,2024,1,glass_adhesion_kpa,hg0291,225.3927764892578,227.5850830078125
ElasticNet,2024,1,glass_adhesion_kpa,hg0334,206.6525115966797,226.2874755859375
ElasticNet,2024,1,glass_adhesion_kpa,hg0335,193.57395935058594,171.27371215820312
ElasticNet,2024,1,glass_adhesion_kpa,hg0336,62.22222137451172,146.05735778808594
ElasticNet,2024,1,glass_adhesion_kpa,hg0337,147.99716186523438,138.97769165039062
ElasticNet,2024,1,glass_adhesion_kpa,hg0338,229.75230407714844,228.44314575195312
ElasticNet,2024,1,glass_adhesion_kpa,hg0339,232.0736083984375,230.97488403320312
ElasticNet,2024,1,glass_adhesion_kpa,hg0340,199.1224365234375,213.18780517578125
KNN,2024,1,glass_adhesion_kpa,hg0274,101.34465789794922,159.66420551616633
KNN,2024,1,glass_adhesion_kpa,hg0275,229.6956787109375,283.6936044777267
KNN,2024,1,glass_adhesion_kpa,hg0276,160.2830810546875,136.08096908579427
KNN,2024,1,glass_adhesion_kpa,hg0277,100.89171600341797,89.23968374362711
KNN,2024,1,glass_adhesion_kpa,hg0278,91.04033660888672,93.38382692914385
KNN,2024,1,glass_adhesion_kpa,hg0279,127.67162322998047,134.47719924279053
KNN,2024,1,glass_adhesion_kpa,hg0280,117.31068420410156,201.99958203529738
KNN,2024,1,glass_adhesion_kpa,hg0281,155.07431030273438,144.0146998538762
KNN,2024,1,glass_adhesion_kpa,hg0282,74.50814056396484,114.22131163688768
KNN,2024,1,glass_adhesion_kpa,hg0283,101.62773895263672,160.1222199405783
KNN,2024,1,glass_adhesion_kpa,hg0284,75.13092803955078,95.86229680482616
KNN,2024,1,glass_adhesion_kpa,hg0285,245.0955352783203,283.04528162475367
KNN,2024,1,glass_adhesion_kpa,hg0286,109.9504623413086,121.03398820948334
KNN,2024,1,glass_adhesion_kpa,hg0287,200.08493041992188,248.14169355641133
KNN,2024,1,glass_adhesion_kpa,hg0288,250.9837188720703,281.2057679061659
KNN,2024,1,glass_adhesion_kpa,hg0289,81.07572174072266,97.64591016232333
KNN,2024,1,glass_adhesion_kpa,hg0290,235.4706268310547,282.1059591911657
KNN,2024,1,glass_adhesion_kpa,hg0291,225.3927764892578,277.21873051554803
KNN,2024,1,glass_adhesion_kpa,hg0334,206.6525115966797,288.16955599605745
KNN,2024,1,glass_adhesion_kpa,hg0335,193.57395935058594,156.5561812498853
KNN,2024,1,glass_adhesion_kpa,hg0336,62.22222137451172,151.42865026989173
KNN,2024,1,glass_adhesion_kpa,hg0337,147.99716186523438,149.73421458947664
KNN,2024,1,glass_adhesion_kpa,hg0338,229.75230407714844,284.9439978105375
KNN,2024,1,glass_adhesion_kpa,hg0339,232.0736083984375,280.1647631529687
KNN,2024,1,glass_adhesion_kpa,hg0340,199.1224365234375,241.5932156946288
SVR-RBF,2024,1,glass_adhesion_kpa,hg0274,101.34465789794922,133.81715787026315
SVR-RBF,2024,1,glass_adhesion_kpa,hg0275,229.6956787109375,269.31646089621904
SVR-RBF,2024,1,glass_adhesion_kpa,hg0276,160.2830810546875,137.4252246179994
SVR-RBF,2024,1,glass_adhesion_kpa,hg0277,100.89171600341797,66.35373117763133
SVR-RBF,2024,1,glass_adhesion_kpa,hg0278,91.04033660888672,81.89553312533513
SVR-RBF,2024,1,glass_adhesion_kpa,hg0279,127.67162322998047,75.92621120481239
SVR-RBF,2024,1,glass_adhesion_kpa,hg0280,117.31068420410156,199.7835930250916
SVR-RBF,2024,1,glass_adhesion_kpa,hg0281,155.07431030273438,142.93059601979633
SVR-RBF,2024,1,glass_adhesion_kpa,hg0282,74.50814056396484,89.60828718622214
SVR-RBF,2024,1,glass_adhesion_kpa,hg0283,101.62773895263672,137.0917027751352
SVR-RBF,2024,1,glass_adhesion_kpa,hg0284,75.13092803955078,67.66164427449274
SVR-RBF,2024,1,glass_adhesion_kpa,hg0285,245.0955352783203,270.2147727951477
SVR-RBF,2024,1,glass_adhesion_kpa,hg0286,109.9504623413086,128.66837963346856
SVR-RBF,2024,1,glass_adhesion_kpa,hg0287,200.08493041992188,239.90382630077784
SVR-RBF,2024,1,glass_adhesion_kpa,hg0288,250.9837188720703,261.91036504344095
SVR-RBF,2024,1,glass_adhesion_kpa,hg0289,81.07572174072266,73.23991363378607
SVR-RBF,2024,1,glass_adhesion_kpa,hg0290,235.4706268310547,264.3654262121578
SVR-RBF,2024,1,glass_adhesion_kpa,hg0291,225.3927764892578,260.14317454604776
SVR-RBF,2024,1,glass_adhesion_kpa,hg0334,206.6525115966797,270.7530851686736
SVR-RBF,2024,1,glass_adhesion_kpa,hg0335,193.57395935058594,142.29047484108136
SVR-RBF,2024,1,glass_adhesion_kpa,hg0336,62.22222137451172,137.23379272870727
SVR-RBF,2024,1,glass_adhesion_kpa,hg0337,147.99716186523438,134.157413676791
SVR-RBF,2024,1,glass_adhesion_kpa,hg0338,229.75230407714844,269.4220885312655
SVR-RBF,2024,1,glass_adhesion_kpa,hg0339,232.0736083984375,268.62523196555657
SVR-RBF,2024,1,glass_adhesion_kpa,hg0340,199.1224365234375,213.89398936155868
RandomForest,2024,1,glass_adhesion_kpa,hg0274,101.34465789794922,185.716781661624
RandomForest,2024,1,glass_adhesion_kpa,hg0275,229.6956787109375,281.12850130626134
RandomForest,2024,1,glass_adhesion_kpa,hg0276,160.2830810546875,133.71880355846315
RandomForest,2024,1,glass_adhesion_kpa,hg0277,100.89171600341797,92.28477038670154
RandomForest,2024,1,glass_adhesion_kpa,hg0278,91.04033660888672,88.9825775860321
RandomForest,2024,1,glass_adhesion_kpa,hg0279,127.67162322998047,114.51110383783067
RandomForest,2024,1,glass_adhesion_kpa,hg0280,117.31068420410156,182.4306960968744
RandomForest,2024,1,glass_adhesion_kpa,hg0281,155.07431030273438,139.35577995351383
RandomForest,2024,1,glass_adhesion_kpa,hg0282,74.50814056396484,106.38189579674176
RandomForest,2024,1,glass_adhesion_kpa,hg0283,101.62773895263672,187.1260762441726
RandomForest,2024,1,glass_adhesion_kpa,hg0284,75.13092803955078,89.86512977707953
RandomForest,2024,1,glass_adhesion_kpa,hg0285,245.0955352783203,283.79098477136523
RandomForest,2024,1,glass_adhesion_kpa,hg0286,109.9504623413086,114.40798123422123
RandomForest,2024,1,glass_adhesion_kpa,hg0287,200.08493041992188,242.65682341711863
RandomForest,2024,1,glass_adhesion_kpa,hg0288,250.9837188720703,279.00070421582177
RandomForest,2024,1,glass_adhesion_kpa,hg0289,81.07572174072266,114.80349114735921
RandomForest,2024,1,glass_adhesion_kpa,hg0290,235.4706268310547,279.4374639874413
RandomForest,2024,1,glass_adhesion_kpa,hg0291,225.3927764892578,270.3529823076157
RandomForest,2024,1,glass_adhesion_kpa,hg0334,206.6525115966797,278.4100017683847
RandomForest,2024,1,glass_adhesion_kpa,hg0335,193.57395935058594,137.22812003294626
RandomForest,2024,1,glass_adhesion_kpa,hg0336,62.22222137451172,139.96603076088996
RandomForest,2024,1,glass_adhesion_kpa,hg0337,147.99716186523438,144.9901263008515
RandomForest,2024,1,glass_adhesion_kpa,hg0338,229.75230407714844,280.58484275454566
RandomForest,2024,1,glass_adhesion_kpa,hg0339,232.0736083984375,273.1771622067406
RandomForest,2024,1,glass_adhesion_kpa,hg0340,199.1224365234375,219.58420336587088
HistGB,2024,1,glass_adhesion_kpa,hg0274,101.34465789794922,166.12950092410722
HistGB,2024,1,glass_adhesion_kpa,hg0275,229.6956787109375,287.8189687934658
HistGB,2024,1,glass_adhesion_kpa,hg0276,160.2830810546875,147.0899068408849
HistGB,2024,1,glass_adhesion_kpa,hg0277,100.89171600341797,73.99990707926283
HistGB,2024,1,glass_adhesion_kpa,hg0278,91.04033660888672,114.96296619368353
HistGB,2024,1,glass_adhesion_kpa,hg0279,127.67162322998047,92.52343733555222
HistGB,2024,1,glass_adhesion_kpa,hg0280,117.31068420410156,197.62341542206207
HistGB,2024,1,glass_adhesion_kpa,hg0281,155.07431030273438,117.48782221430785
HistGB,2024,1,glass_adhesion_kpa,hg0282,74.50814056396484,129.2705865027024
HistGB,2024,1,glass_adhesion_kpa,hg0283,101.62773895263672,173.89481481010836
HistGB,2024,1,glass_adhesion_kpa,hg0284,75.13092803955078,65.76270726574808
HistGB,2024,1,glass_adhesion_kpa,hg0285,245.0955352783203,291.68015581054635
HistGB,2024,1,glass_adhesion_kpa,hg0286,109.9504623413086,124.6759133819881
HistGB,2024,1,glass_adhesion_kpa,hg0287,200.08493041992188,271.6279703280714
HistGB,2024,1,glass_adhesion_kpa,hg0288,250.9837188720703,279.46366546999434
HistGB,2024,1,glass_adhesion_kpa,hg0289,81.07572174072266,112.74802275752587
HistGB,2024,1,glass_adhesion_kpa,hg0290,235.4706268310547,289.97603503077045
HistGB,2024,1,glass_adhesion_kpa,hg0291,225.3927764892578,250.32158037972528
HistGB,2024,1,glass_adhesion_kpa,hg0334,206.6525115966797,260.16024499227177
HistGB,2024,1,glass_adhesion_kpa,hg0335,193.57395935058594,140.7994031457984
HistGB,2024,1,glass_adhesion_kpa,hg0336,62.22222137451172,166.08436035162333
HistGB,2024,1,glass_adhesion_kpa,hg0337,147.99716186523438,152.47174438985678
HistGB,2024,1,glass_adhesion_kpa,hg0338,229.75230407714844,288.8937347868395
HistGB,2024,1,glass_adhesion_kpa,hg0339,232.0736083984375,290.43147099262296
HistGB,2024,1,glass_adhesion_kpa,hg0340,199.1224365234375,195.43336764024997
MLP,2024,1,glass_adhesion_kpa,hg0274,101.34465789794922,183.0982666015625
MLP,2024,1,glass_adhesion_kpa,hg0275,229.6956787109375,221.9281005859375
MLP,2024,1,glass_adhesion_kpa,hg0276,160.2830810546875,136.14480590820312
MLP,2024,1,glass_adhesion_kpa,hg0277,100.89171600341797,76.04999542236328
MLP,2024,1,glass_adhesion_kpa,hg0278,91.04033660888672,32.62749099731445
MLP,2024,1,glass_adhesion_kpa,hg0279,127.67162322998047,113.3935317993164
MLP,2024,1,glass_adhesion_kpa,hg0280,117.31068420410156,210.30474853515625
MLP,2024,1,glass_adhesion_kpa,hg0281,155.07431030273438,148.21392822265625
MLP,2024,1,glass_adhesion_kpa,hg0282,74.50814056396484,94.30170440673828
MLP,2024,1,glass_adhesion_kpa,hg0283,101.62773895263672,184.92971801757812
MLP,2024,1,glass_adhesion_kpa,hg0284,75.13092803955078,134.14476013183594
MLP,2024,1,glass_adhesion_kpa,hg0285,245.0955352783203,218.95321655273438
MLP,2024,1,glass_adhesion_kpa,hg0286,109.9504623413086,129.51565551757812
MLP,2024,1,glass_adhesion_kpa,hg0287,200.08493041992188,219.42340087890625
MLP,2024,1,glass_adhesion_kpa,hg0288,250.9837188720703,215.97772216796875
MLP,2024,1,glass_adhesion_kpa,hg0289,81.07572174072266,109.46569061279297
MLP,2024,1,glass_adhesion_kpa,hg0290,235.4706268310547,219.50051879882812
MLP,2024,1,glass_adhesion_kpa,hg0291,225.3927764892578,222.18258666992188
MLP,2024,1,glass_adhesion_kpa,hg0334,206.6525115966797,224.58816528320312
MLP,2024,1,glass_adhesion_kpa,hg0335,193.57395935058594,178.5765380859375
MLP,2024,1,glass_adhesion_kpa,hg0336,62.22222137451172,163.70228576660156
MLP,2024,1,glass_adhesion_kpa,hg0337,147.99716186523438,127.02692413330078
MLP,2024,1,glass_adhesion_kpa,hg0338,229.75230407714844,222.16506958007812
MLP,2024,1,glass_adhesion_kpa,hg0339,232.0736083984375,217.53228759765625
MLP,2024,1,glass_adhesion_kpa,hg0340,199.1224365234375,224.73590087890625
Mean,2024,2,glass_adhesion_kpa,hg0274,101.34465789794922,94.20977783203125
Mean,2024,2,glass_adhesion_kpa,hg0275,229.6956787109375,94.20977783203125
Mean,2024,2,glass_adhesion_kpa,hg0276,160.2830810546875,94.20977783203125
Mean,2024,2,glass_adhesion_kpa,hg0277,100.89171600341797,94.20977783203125
Mean,2024,2,glass_adhesion_kpa,hg0278,91.04033660888672,94.20977783203125
Mean,2024,2,glass_adhesion_kpa,hg0279,127.67162322998047,94.20977783203125
Mean,2024,2,glass_adhesion_kpa,hg0280,117.31068420410156,94.20977783203125
Mean,2024,2,glass_adhesion_kpa,hg0281,155.07431030273438,94.20977783203125
Mean,2024,2,glass_adhesion_kpa,hg0282,74.50814056396484,94.20977783203125
Mean,2024,2,glass_adhesion_kpa,hg0283,101.62773895263672,94.20977783203125
Mean,2024,2,glass_adhesion_kpa,hg0284,75.13092803955078,94.20977783203125
Mean,2024,2,glass_adhesion_kpa,hg0285,245.0955352783203,94.20977783203125
Mean,2024,2,glass_adhesion_kpa,hg0286,109.9504623413086,94.20977783203125
Mean,2024,2,glass_adhesion_kpa,hg0287,200.08493041992188,94.20977783203125
Mean,2024,2,glass_adhesion_kpa,hg0288,250.9837188720703,94.20977783203125
Mean,2024,2,glass_adhesion_kpa,hg0289,81.07572174072266,94.20977783203125
Mean,2024,2,glass_adhesion_kpa,hg0290,235.4706268310547,94.20977783203125
Mean,2024,2,glass_adhesion_kpa,hg0291,225.3927764892578,94.20977783203125
Mean,2024,2,glass_adhesion_kpa,hg0334,206.6525115966797,94.20977783203125
Mean,2024,2,glass_adhesion_kpa,hg0335,193.57395935058594,94.20977783203125
Mean,2024,2,glass_adhesion_kpa,hg0336,62.22222137451172,94.20977783203125
Mean,2024,2,glass_adhesion_kpa,hg0337,147.99716186523438,94.20977783203125
Mean,2024,2,glass_adhesion_kpa,hg0338,229.75230407714844,94.20977783203125
Mean,2024,2,glass_adhesion_kpa,hg0339,232.0736083984375,94.20977783203125
Mean,2024,2,glass_adhesion_kpa,hg0340,199.1224365234375,94.20977783203125
Ridge,2024,2,glass_adhesion_kpa,hg0274,101.34465789794922,175.85882568359375
Ridge,2024,2,glass_adhesion_kpa,hg0275,229.6956787109375,233.83779907226562
Ridge,2024,2,glass_adhesion_kpa,hg0276,160.2830810546875,118.71395874023438
Ridge,2024,2,glass_adhesion_kpa,hg0277,100.89171600341797,100.89151000976562
Ridge,2024,2,glass_adhesion_kpa,hg0278,91.04033660888672,44.489803314208984
Ridge,2024,2,glass_adhesion_kpa,hg0279,127.67162322998047,153.11053466796875
Ridge,2024,2,glass_adhesion_kpa,hg0280,117.31068420410156,206.12461853027344
Ridge,2024,2,glass_adhesion_kpa,hg0281,155.07431030273438,133.3956756591797
Ridge,2024,2,glass_adhesion_kpa,hg0282,74.50814056396484,113.52582550048828
Ridge,2024,2,glass_adhesion_kpa,hg0283,101.62773895263672,178.58096313476562
Ridge,2024,2,glass_adhesion_kpa,hg0284,75.13092803955078,81.20173645019531
Ridge,2024,2,glass_adhesion_kpa,hg0285,245.0955352783203,232.58409118652344
Ridge,2024,2,glass_adhesion_kpa,hg0286,109.9504623413086,100.63141632080078
Ridge,2024,2,glass_adhesion_kpa,hg0287,200.08493041992188,235.14047241210938
Ridge,2024,2,glass_adhesion_kpa,hg0288,250.9837188720703,232.1388702392578
Ridge,2024,2,glass_adhesion_kpa,hg0289,81.07572174072266,144.20370483398438
Ridge,2024,2,glass_adhesion_kpa,hg0290,235.4706268310547,233.79542541503906
Ridge,2024,2,glass_adhesion_kpa,hg0291,225.3927764892578,234.703369140625
Ridge,2024,2,glass_adhesion_kpa,hg0334,206.6525115966797,232.6128387451172
Ridge,2024,2,glass_adhesion_kpa,hg0335,193.57395935058594,173.55580139160156
Ridge,2024,2,glass_adhesion_kpa,hg0336,62.22222137451172,155.5243377685547
Ridge,2024,2,glass_adhesion_kpa,hg0337,147.99716186523438,145.0979766845703
Ridge,2024,2,glass_adhesion_kpa,hg0338,229.75230407714844,233.84324645996094
Ridge,2024,2,glass_adhesion_kpa,hg0339,232.0736083984375,231.80123901367188
Ridge,2024,2,glass_adhesion_kpa,hg0340,199.1224365234375,233.2940216064453
ElasticNet,2024,2,glass_adhesion_kpa,hg0274,101.34465789794922,175.92715454101562
ElasticNet,2024,2,glass_adhesion_kpa,hg0275,229.6956787109375,233.6844024658203
ElasticNet,2024,2,glass_adhesion_kpa,hg0276,160.2830810546875,119.50128173828125
ElasticNet,2024,2,glass_adhesion_kpa,hg0277,100.89171600341797,100.45977020263672
ElasticNet,2024,2,glass_adhesion_kpa,hg0278,91.04033660888672,44.877010345458984
ElasticNet,2024,2,glass_adhesion_kpa,hg0279,127.67162322998047,153.70724487304688
ElasticNet,2024,2,glass_adhesion_kpa,hg0280,117.31068420410156,206.2379150390625
ElasticNet,2024,2,glass_adhesion_kpa,hg0281,155.07431030273438,134.17620849609375
ElasticNet,2024,2,glass_adhesion_kpa,hg0282,74.50814056396484,114.07205200195312
ElasticNet,2024,2,glass_adhesion_kpa,hg0283,101.62773895263672,178.63775634765625
ElasticNet,2024,2,glass_adhesion_kpa,hg0284,75.13092803955078,81.61591339111328
ElasticNet,2024,2,glass_adhesion_kpa,hg0285,245.0955352783203,232.5143585205078
ElasticNet,2024,2,glass_adhesion_kpa,hg0286,109.9504623413086,101.46821594238281
ElasticNet,2024,2,glass_adhesion_kpa,hg0287,200.08493041992188,234.75390625
ElasticNet,2024,2,glass_adhesion_kpa,hg0288,250.9837188720703,232.0492706298828
ElasticNet,2024,2,glass_adhesion_kpa,hg0289,81.07572174072266,144.9857940673828
ElasticNet,2024,2,glass_adhesion_kpa,hg0290,235.4706268310547,233.62957763671875
ElasticNet,2024,2,glass_adhesion_kpa,hg0291,225.3927764892578,234.43153381347656
ElasticNet,2024,2,glass_adhesion_kpa,hg0334,206.6525115966797,232.53225708007812
ElasticNet,2024,2,glass_adhesion_kpa,hg0335,193.57395935058594,174.0330810546875
ElasticNet,2024,2,glass_adhesion_kpa,hg0336,62.22222137451172,154.58663940429688
ElasticNet,2024,2,glass_adhesion_kpa,hg0337,147.99716186523438,144.6699981689453
ElasticNet,2024,2,glass_adhesion_kpa,hg0338,229.75230407714844,233.68844604492188
ElasticNet,2024,2,glass_adhesion_kpa,hg0339,232.0736083984375,231.7603302001953
ElasticNet,2024,2,glass_adhesion_kpa,hg0340,199.1224365234375,232.40174865722656
KNN,2024,2,glass_adhesion_kpa,hg0274,101.34465789794922,178.9374769400003
KNN,2024,2,glass_adhesion_kpa,hg0275,229.6956787109375,289.9390201493534
KNN,2024,2,glass_adhesion_kpa,hg0276,160.2830810546875,113.30011274892927
KNN,2024,2,glass_adhesion_kpa,hg0277,100.89171600341797,96.81661140984085
KNN,2024,2,glass_adhesion_kpa,hg0278,91.04033660888672,90.40585917209621
KNN,2024,2,glass_adhesion_kpa,hg0279,127.67162322998047,132.19219046855164
KNN,2024,2,glass_adhesion_kpa,hg0280,117.31068420410156,221.1639953177832
KNN,2024,2,glass_adhesion_kpa,hg0281,155.07431030273438,134.93342084985886
KNN,2024,2,glass_adhesion_kpa,hg0282,74.50814056396484,101.22517132976455
KNN,2024,2,glass_adhesion_kpa,hg0283,101.62773895263672,180.40668438814828
KNN,2024,2,glass_adhesion_kpa,hg0284,75.13092803955078,84.52606056314906
KNN,2024,2,glass_adhesion_kpa,hg0285,245.0955352783203,277.37735509278525
KNN,2024,2,glass_adhesion_kpa,hg0286,109.9504623413086,105.6904456983375
KNN,2024,2,glass_adhesion_kpa,hg0287,200.08493041992188,257.6126272835328
KNN,2024,2,glass_adhesion_kpa,hg0288,250.9837188720703,265.07963193634185
KNN,2024,2,glass_adhesion_kpa,hg0289,81.07572174072266,97.86818236397657
KNN,2024,2,glass_adhesion_kpa,hg0290,235.4706268310547,286.61008596002637
KNN,2024,2,glass_adhesion_kpa,hg0291,225.3927764892578,283.0209182800679
KNN,2024,2,glass_adhesion_kpa,hg0334,206.6525115966797,289.607611170615
KNN,2024,2,glass_adhesion_kpa,hg0335,193.57395935058594,158.18247210342804
KNN,2024,2,glass_adhesion_kpa,hg0336,62.22222137451172,168.19564512869866
KNN,2024,2,glass_adhesion_kpa,hg0337,147.99716186523438,185.05997735797257
KNN,2024,2,glass_adhesion_kpa,hg0338,229.75230407714844,291.32048263901953
KNN,2024,2,glass_adhesion_kpa,hg0339,232.0736083984375,267.1164658821627
KNN,2024,2,glass_adhesion_kpa,hg0340,199.1224365234375,244.90289589962237
SVR-RBF,2024,2,glass_adhesion_kpa,hg0274,101.34465789794922,171.2633696661859
SVR-RBF,2024,2,glass_adhesion_kpa,hg0275,229.6956787109375,219.5192349246308
SVR-RBF,2024,2,glass_adhesion_kpa,hg0276,160.2830810546875,98.78538875698132
SVR-RBF,2024,2,glass_adhesion_kpa,hg0277,100.89171600341797,101.87514675823775
SVR-RBF,2024,2,glass_adhesion_kpa,hg0278,91.04033660888672,55.83208515967436
SVR-RBF,2024,2,glass_adhesion_kpa,hg0279,127.67162322998047,128.31593706121726
SVR-RBF,2024,2,glass_adhesion_kpa,hg0280,117.31068420410156,199.78278046068422
SVR-RBF,2024,2,glass_adhesion_kpa,hg0281,155.07431030273438,116.36745422374278
SVR-RBF,2024,2,glass_adhesion_kpa,hg0282,74.50814056396484,112.83262745882416
SVR-RBF,2024,2,glass_adhesion_kpa,hg0283,101.62773895263672,174.22729614786738
SVR-RBF,2024,2,glass_adhesion_kpa,hg0284,75.13092803955078,71.79854332885424
SVR-RBF,2024,2,glass_adhesion_kpa,hg0285,245.0955352783203,219.11152895337676
SVR-RBF,2024,2,glass_adhesion_kpa,hg0286,109.9504623413086,77.77590016137793
SVR-RBF,2024,2,glass_adhesion_kpa,hg0287,200.08493041992188,215.9752831770386
SVR-RBF,2024,2,glass_adhesion_kpa,hg0288,250.9837188720703,217.74109192221684
SVR-RBF,2024,2,glass_adhesion_kpa,hg0289,81.07572174072266,119.54655987912028
SVR-RBF,2024,2,glass_adhesion_kpa,hg0290,235.4706268310547,218.87007815939793
SVR-RBF,2024,2,glass_adhesion_kpa,hg0291,225.3927764892578,218.69182683885495
SVR-RBF,2024,2,glass_adhesion_kpa,hg0334,206.6525115966797,218.86894696990532
SVR-RBF,2024,2,glass_adhesion_kpa,hg0335,193.57395935058594,166.43742610351907
SVR-RBF,2024,2,glass_adhesion_kpa,hg0336,62.22222137451172,147.2800786656654
SVR-RBF,2024,2,glass_adhesion_kpa,hg0337,147.99716186523438,143.15293851293916
SVR-RBF,2024,2,glass_adhesion_kpa,hg0338,229.75230407714844,219.525493679614
SVR-RBF,2024,2,glass_adhesion_kpa,hg0339,232.0736083984375,218.54861893739306
SVR-RBF,2024,2,glass_adhesion_kpa,hg0340,199.1224365234375,210.67709963919359
RandomForest,2024,2,glass_adhesion_kpa,hg0274,101.34465789794922,183.8334710598596
RandomForest,2024,2,glass_adhesion_kpa,hg0275,229.6956787109375,278.73199269505636
RandomForest,2024,2,glass_adhesion_kpa,hg0276,160.2830810546875,123.43650081377557
RandomForest,2024,2,glass_adhesion_kpa,hg0277,100.89171600341797,95.69651730130751
RandomForest,2024,2,glass_adhesion_kpa,hg0278,91.04033660888672,89.87670288072661
RandomForest,2024,2,glass_adhesion_kpa,hg0279,127.67162322998047,128.09739114653584
RandomForest,2024,2,glass_adhesion_kpa,hg0280,117.31068420410156,185.13903301395155
RandomForest,2024,2,glass_adhesion_kpa,hg0281,155.07431030273438,127.61353798740681
RandomForest,2024,2,glass_adhesion_kpa,hg0282,74.50814056396484,107.24523190404769
RandomForest,2024,2,glass_adhesion_kpa,hg0283,101.62773895263672,184.01805145420326
RandomForest,2024,2,glass_adhesion_kpa,hg0284,75.13092803955078,89.52525100524609
RandomForest,2024,2,glass_adhesion_kpa,hg0285,245.0955352783203,260.2267473024814
RandomForest,2024,2,glass_adhesion_kpa,hg0286,109.9504623413086,104.77395311765217
RandomForest,2024,2,glass_adhesion_kpa,hg0287,200.08493041992188,243.60918791900576
RandomForest,2024,2,glass_adhesion_kpa,hg0288,250.9837188720703,259.37579268431386
RandomForest,2024,2,glass_adhesion_kpa,hg0289,81.07572174072266,126.87397471042014
RandomForest,2024,2,glass_adhesion_kpa,hg0290,235.4706268310547,279.71585545106035
RandomForest,2024,2,glass_adhesion_kpa,hg0291,225.3927764892578,272.49569353066556
RandomForest,2024,2,glass_adhesion_kpa,hg0334,206.6525115966797,262.649281448147
RandomForest,2024,2,glass_adhesion_kpa,hg0335,193.57395935058594,141.34269985095898
RandomForest,2024,2,glass_adhesion_kpa,hg0336,62.22222137451172,157.60347416747848
RandomForest,2024,2,glass_adhesion_kpa,hg0337,147.99716186523438,160.23658869221083
RandomForest,2024,2,glass_adhesion_kpa,hg0338,229.75230407714844,278.4236539869335
RandomForest,2024,2,glass_adhesion_kpa,hg0339,232.0736083984375,258.79207799908386
RandomForest,2024,2,glass_adhesion_kpa,hg0340,199.1224365234375,218.9461810757316
HistGB,2024,2,glass_adhesion_kpa,hg0274,101.34465789794922,183.34906464445706
HistGB,2024,2,glass_adhesion_kpa,hg0275,229.6956787109375,254.23034016965977
HistGB,2024,2,glass_adhesion_kpa,hg0276,160.2830810546875,115.87219485285807
HistGB,2024,2,glass_adhesion_kpa,hg0277,100.89171600341797,87.44231379554277
HistGB,2024,2,glass_adhesion_kpa,hg0278,91.04033660888672,95.25272208779387
HistGB,2024,2,glass_adhesion_kpa,hg0279,127.67162322998047,128.33762184310353
HistGB,2024,2,glass_adhesion_kpa,hg0280,117.31068420410156,192.87472980694594
HistGB,2024,2,glass_adhesion_kpa,hg0281,155.07431030273438,108.09754196255577
HistGB,2024,2,glass_adhesion_kpa,hg0282,74.50814056396484,116.97503970545543
HistGB,2024,2,glass_adhesion_kpa,hg0283,101.62773895263672,183.34906464445706
HistGB,2024,2,glass_adhesion_kpa,hg0284,75.13092803955078,81.10084582842795
HistGB,2024,2,glass_adhesion_kpa,hg0285,245.0955352783203,257.84228400616803
HistGB,2024,2,glass_adhesion_kpa,hg0286,109.9504623413086,100.39473395203164
HistGB,2024,2,glass_adhesion_kpa,hg0287,200.08493041992188,240.0356021398965
HistGB,2024,2,glass_adhesion_kpa,hg0288,250.9837188720703,252.73049328577858
HistGB,2024,2,glass_adhesion_kpa,hg0289,81.07572174072266,130.62265795308167
HistGB,2024,2,glass_adhesion_kpa,hg0290,235.4706268310547,257.9358440469839
HistGB,2024,2,glass_adhesion_kpa,hg0291,225.3927764892578,245.75005665818185
HistGB,2024,2,glass_adhesion_kpa,hg0334,206.6525115966797,235.397832548136
HistGB,2024,2,glass_adhesion_kpa,hg0335,193.57395935058594,137.49156830640027
HistGB,2024,2,glass_adhesion_kpa,hg0336,62.22222137451172,178.68381415848657
HistGB,2024,2,glass_adhesion_kpa,hg0337,147.99716186523438,153.5812178927257
HistGB,2024,2,glass_adhesion_kpa,hg0338,229.75230407714844,254.23034016965977
HistGB,2024,2,glass_adhesion_kpa,hg0339,232.0736083984375,255.88156558807128
HistGB,2024,2,glass_adhesion_kpa,hg0340,199.1224365234375,224.0317513989146
MLP,2024,2,glass_adhesion_kpa,hg0274,101.34465789794922,186.81378173828125
MLP,2024,2,glass_adhesion_kpa,hg0275,229.6956787109375,224.21112060546875
MLP,2024,2,glass_adhesion_kpa,hg0276,160.2830810546875,130.0109100341797
MLP,2024,2,glass_adhesion_kpa,hg0277,100.89171600341797,62.768131256103516
MLP,2024,2,glass_adhesion_kpa,hg0278,91.04033660888672,27.895278930664062
MLP,2024,2,glass_adhesion_kpa,hg0279,127.67162322998047,113.36172485351562
MLP,2024,2,glass_adhesion_kpa,hg0280,117.31068420410156,213.604248046875
MLP,2024,2,glass_adhesion_kpa,hg0281,155.07431030273438,143.54736328125
MLP,2024,2,glass_adhesion_kpa,hg0282,74.50814056396484,82.08575439453125
MLP,2024,2,glass_adhesion_kpa,hg0283,101.62773895263672,188.50042724609375
MLP,2024,2,glass_adhesion_kpa,hg0284,75.13092803955078,127.74542236328125
MLP,2024,2,glass_adhesion_kpa,hg0285,245.0955352783203,219.80902099609375
MLP,2024,2,glass_adhesion_kpa,hg0286,109.9504623413086,118.88188171386719
MLP,2024,2,glass_adhesion_kpa,hg0287,200.08493041992188,222.43661499023438
MLP,2024,2,glass_adhesion_kpa,hg0288,250.9837188720703,216.30191040039062
MLP,2024,2,glass_adhesion_kpa,hg0289,81.07572174072266,110.12181091308594
MLP,2024,2,glass_adhesion_kpa,hg0290,235.4706268310547,221.1419677734375
MLP,2024,2,glass_adhesion_kpa,hg0291,225.3927764892578,225.33612060546875
MLP,2024,2,glass_adhesion_kpa,hg0334,206.6525115966797,227.2401123046875
MLP,2024,2,glass_adhesion_kpa,hg0335,193.57395935058594,178.61044311523438
MLP,2024,2,glass_adhesion_kpa,hg0336,62.22222137451172,177.96176147460938
MLP,2024,2,glass_adhesion_kpa,hg0337,147.99716186523438,145.7870330810547
MLP,2024,2,glass_adhesion_kpa,hg0338,229.75230407714844,224.53128051757812
MLP,2024,2,glass_adhesion_kpa,hg0339,232.0736083984375,217.8789520263672
MLP,2024,2,glass_adhesion_kpa,hg0340,199.1224365234375,231.94285583496094
Mean,2024,3,glass_adhesion_kpa,hg0274,101.34465789794922,92.44032287597656
Mean,2024,3,glass_adhesion_kpa,hg0275,229.6956787109375,92.44032287597656
Mean,2024,3,glass_adhesion_kpa,hg0276,160.2830810546875,92.44032287597656
Mean,2024,3,glass_adhesion_kpa,hg0277,100.89171600341797,92.44032287597656
Mean,2024,3,glass_adhesion_kpa,hg0278,91.04033660888672,92.44032287597656
Mean,2024,3,glass_adhesion_kpa,hg0279,127.67162322998047,92.44032287597656
Mean,2024,3,glass_adhesion_kpa,hg0280,117.31068420410156,92.44032287597656
Mean,2024,3,glass_adhesion_kpa,hg0281,155.07431030273438,92.44032287597656
Mean,2024,3,glass_adhesion_kpa,hg0282,74.50814056396484,92.44032287597656
Mean,2024,3,glass_adhesion_kpa,hg0283,101.62773895263672,92.44032287597656
Mean,2024,3,glass_adhesion_kpa,hg0284,75.13092803955078,92.44032287597656
Mean,2024,3,glass_adhesion_kpa,hg0285,245.0955352783203,92.44032287597656
Mean,2024,3,glass_adhesion_kpa,hg0286,109.9504623413086,92.44032287597656
Mean,2024,3,glass_adhesion_kpa,hg0287,200.08493041992188,92.44032287597656
Mean,2024,3,glass_adhesion_kpa,hg0288,250.9837188720703,92.44032287597656
Mean,2024,3,glass_adhesion_kpa,hg0289,81.07572174072266,92.44032287597656
Mean,2024,3,glass_adhesion_kpa,hg0290,235.4706268310547,92.44032287597656
Mean,2024,3,glass_adhesion_kpa,hg0291,225.3927764892578,92.44032287597656
Mean,2024,3,glass_adhesion_kpa,hg0334,206.6525115966797,92.44032287597656
Mean,2024,3,glass_adhesion_kpa,hg0335,193.57395935058594,92.44032287597656
Mean,2024,3,glass_adhesion_kpa,hg0336,62.22222137451172,92.44032287597656
Mean,2024,3,glass_adhesion_kpa,hg0337,147.99716186523438,92.44032287597656
Mean,2024,3,glass_adhesion_kpa,hg0338,229.75230407714844,92.44032287597656
Mean,2024,3,glass_adhesion_kpa,hg0339,232.0736083984375,92.44032287597656
Mean,2024,3,glass_adhesion_kpa,hg0340,199.1224365234375,92.44032287597656
Ridge,2024,3,glass_adhesion_kpa,hg0274,101.34465789794922,174.68463134765625
Ridge,2024,3,glass_adhesion_kpa,hg0275,229.6956787109375,226.11575317382812
Ridge,2024,3,glass_adhesion_kpa,hg0276,160.2830810546875,143.5289306640625
Ridge,2024,3,glass_adhesion_kpa,hg0277,100.89171600341797,82.48013305664062
Ridge,2024,3,glass_adhesion_kpa,hg0278,91.04033660888672,58.06085968017578
Ridge,2024,3,glass_adhesion_kpa,hg0279,127.67162322998047,144.07138061523438
Ridge,2024,3,glass_adhesion_kpa,hg0280,117.31068420410156,208.62054443359375
Ridge,2024,3,glass_adhesion_kpa,hg0281,155.07431030273438,160.02450561523438
Ridge,2024,3,glass_adhesion_kpa,hg0282,74.50814056396484,124.49669647216797
Ridge,2024,3,glass_adhesion_kpa,hg0283,101.62773895263672,177.15298461914062
Ridge,2024,3,glass_adhesion_kpa,hg0284,75.13092803955078,80.29017639160156
Ridge,2024,3,glass_adhesion_kpa,hg0285,245.0955352783203,227.118896484375
Ridge,2024,3,glass_adhesion_kpa,hg0286,109.9504623413086,125.59648895263672
Ridge,2024,3,glass_adhesion_kpa,hg0287,200.08493041992188,221.275390625
Ridge,2024,3,glass_adhesion_kpa,hg0288,250.9837188720703,226.34304809570312
Ridge,2024,3,glass_adhesion_kpa,hg0289,81.07572174072266,137.20602416992188
Ridge,2024,3,glass_adhesion_kpa,hg0290,235.4706268310547,225.75173950195312
Ridge,2024,3,glass_adhesion_kpa,hg0291,225.3927764892578,223.92727661132812
Ridge,2024,3,glass_adhesion_kpa,hg0334,206.6525115966797,226.9268798828125
Ridge,2024,3,glass_adhesion_kpa,hg0335,193.57395935058594,183.74954223632812
Ridge,2024,3,glass_adhesion_kpa,hg0336,62.22222137451172,123.24637603759766
Ridge,2024,3,glass_adhesion_kpa,hg0337,147.99716186523438,136.20864868164062
Ridge,2024,3,glass_adhesion_kpa,hg0338,229.75230407714844,226.09152221679688
Ridge,2024,3,glass_adhesion_kpa,hg0339,232.0736083984375,227.204345703125
Ridge,2024,3,glass_adhesion_kpa,hg0340,199.1224365234375,208.141845703125
ElasticNet,2024,3,glass_adhesion_kpa,hg0274,101.34465789794922,174.69210815429688
ElasticNet,2024,3,glass_adhesion_kpa,hg0275,229.6956787109375,226.1105194091797
ElasticNet,2024,3,glass_adhesion_kpa,hg0276,160.2830810546875,143.48402404785156
ElasticNet,2024,3,glass_adhesion_kpa,hg0277,100.89171600341797,82.46392822265625
ElasticNet,2024,3,glass_adhesion_kpa,hg0278,91.04033660888672,58.063209533691406
ElasticNet,2024,3,glass_adhesion_kpa,hg0279,127.67162322998047,144.04754638671875
ElasticNet,2024,3,glass_adhesion_kpa,hg0280,117.31068420410156,208.58741760253906
ElasticNet,2024,3,glass_adhesion_kpa,hg0281,155.07431030273438,159.96969604492188
ElasticNet,2024,3,glass_adhesion_kpa,hg0282,74.50814056396484,124.46376037597656
ElasticNet,2024,3,glass_adhesion_kpa,hg0283,101.62773895263672,177.16018676757812
ElasticNet,2024,3,glass_adhesion_kpa,hg0284,75.13092803955078,80.30859375
ElasticNet,2024,3,glass_adhesion_kpa,hg0285,245.0955352783203,227.1107635498047
ElasticNet,2024,3,glass_adhesion_kpa,hg0286,109.9504623413086,125.55641174316406
ElasticNet,2024,3,glass_adhesion_kpa,hg0287,200.08493041992188,221.29397583007812
ElasticNet,2024,3,glass_adhesion_kpa,hg0288,250.9837188720703,226.3396453857422
ElasticNet,2024,3,glass_adhesion_kpa,hg0289,81.07572174072266,137.18362426757812
ElasticNet,2024,3,glass_adhesion_kpa,hg0290,235.4706268310547,225.75119018554688
ElasticNet,2024,3,glass_adhesion_kpa,hg0291,225.3927764892578,223.9312286376953
ElasticNet,2024,3,glass_adhesion_kpa,hg0334,206.6525115966797,226.9105987548828
ElasticNet,2024,3,glass_adhesion_kpa,hg0335,193.57395935058594,183.69631958007812
ElasticNet,2024,3,glass_adhesion_kpa,hg0336,62.22222137451172,123.37214660644531
ElasticNet,2024,3,glass_adhesion_kpa,hg0337,147.99716186523438,136.2075958251953
ElasticNet,2024,3,glass_adhesion_kpa,hg0338,229.75230407714844,226.0859832763672
ElasticNet,2024,3,glass_adhesion_kpa,hg0339,232.0736083984375,227.1952362060547
ElasticNet,2024,3,glass_adhesion_kpa,hg0340,199.1224365234375,208.18099975585938
KNN,2024,3,glass_adhesion_kpa,hg0274,101.34465789794922,174.39391545058783
KNN,2024,3,glass_adhesion_kpa,hg0275,229.6956787109375,281.8250907528156
KNN,2024,3,glass_adhesion_kpa,hg0276,160.2830810546875,116.48177043906182
KNN,2024,3,glass_adhesion_kpa,hg0277,100.89171600341797,100.70250928311378
KNN,2024,3,glass_adhesion_kpa,hg0278,91.04033660888672,96.4381012922911
KNN,2024,3,glass_adhesion_kpa,hg0279,127.67162322998047,120.33461286332268
KNN,2024,3,glass_adhesion_kpa,hg0280,117.31068420410156,191.31140888386798
KNN,2024,3,glass_adhesion_kpa,hg0281,155.07431030273438,155.31100272251527
KNN,2024,3,glass_adhesion_kpa,hg0282,74.50814056396484,115.48390699717487
KNN,2024,3,glass_adhesion_kpa,hg0283,101.62773895263672,175.68178577666177
KNN,2024,3,glass_adhesion_kpa,hg0284,75.13092803955078,76.78205182147651
KNN,2024,3,glass_adhesion_kpa,hg0285,245.0955352783203,271.71237435822394
KNN,2024,3,glass_adhesion_kpa,hg0286,109.9504623413086,113.46235905040157
KNN,2024,3,glass_adhesion_kpa,hg0287,200.08493041992188,251.37335985496293
KNN,2024,3,glass_adhesion_kpa,hg0288,250.9837188720703,255.1881789304519
KNN,2024,3,glass_adhesion_kpa,hg0289,81.07572174072266,86.87991973709792
KNN,2024,3,glass_adhesion_kpa,hg0290,235.4706268310547,280.06970951514876
KNN,2024,3,glass_adhesion_kpa,hg0291,225.3927764892578,285.0882923185873
KNN,2024,3,glass_adhesion_kpa,hg0334,206.6525115966797,284.1258957130457
KNN,2024,3,glass_adhesion_kpa,hg0335,193.57395935058594,157.9238959195762
KNN,2024,3,glass_adhesion_kpa,hg0336,62.22222137451172,184.54496724948277
KNN,2024,3,glass_adhesion_kpa,hg0337,147.99716186523438,177.38945362774322
KNN,2024,3,glass_adhesion_kpa,hg0338,229.75230407714844,282.73389145871346
KNN,2024,3,glass_adhesion_kpa,hg0339,232.0736083984375,260.42736858616473
KNN,2024,3,glass_adhesion_kpa,hg0340,199.1224365234375,244.9185981934721
SVR-RBF,2024,3,glass_adhesion_kpa,hg0274,101.34465789794922,143.30949515413846
SVR-RBF,2024,3,glass_adhesion_kpa,hg0275,229.6956787109375,248.5371092661236
SVR-RBF,2024,3,glass_adhesion_kpa,hg0276,160.2830810546875,123.01287324805175
SVR-RBF,2024,3,glass_adhesion_kpa,hg0277,100.89171600341797,82.79409971887657
SVR-RBF,2024,3,glass_adhesion_kpa,hg0278,91.04033660888672,82.4724087177378
SVR-RBF,2024,3,glass_adhesion_kpa,hg0279,127.67162322998047,86.0858417961698
SVR-RBF,2024,3,glass_adhesion_kpa,hg0280,117.31068420410156,190.27968360567388
SVR-RBF,2024,3,glass_adhesion_kpa,hg0281,155.07431030273438,147.20702706525887
SVR-RBF,2024,3,glass_adhesion_kpa,hg0282,74.50814056396484,139.99776071445862
SVR-RBF,2024,3,glass_adhesion_kpa,hg0283,101.62773895263672,146.24552046566248
SVR-RBF,2024,3,glass_adhesion_kpa,hg0284,75.13092803955078,31.375676384631298
SVR-RBF,2024,3,glass_adhesion_kpa,hg0285,245.0955352783203,247.59787014869158
SVR-RBF,2024,3,glass_adhesion_kpa,hg0286,109.9504623413086,98.93804034926168
SVR-RBF,2024,3,glass_adhesion_kpa,hg0287,200.08493041992188,240.3006954427091
SVR-RBF,2024,3,glass_adhesion_kpa,hg0288,250.9837188720703,244.73381091334457
SVR-RBF,2024,3,glass_adhesion_kpa,hg0289,81.07572174072266,83.02712430952714
SVR-RBF,2024,3,glass_adhesion_kpa,hg0290,235.4706268310547,248.10986192697413
SVR-RBF,2024,3,glass_adhesion_kpa,hg0291,225.3927764892578,246.51815088987513
SVR-RBF,2024,3,glass_adhesion_kpa,hg0334,206.6525115966797,243.89027711503792
SVR-RBF,2024,3,glass_adhesion_kpa,hg0335,193.57395935058594,161.37907922408533
SVR-RBF,2024,3,glass_adhesion_kpa,hg0336,62.22222137451172,144.08399927641003
SVR-RBF,2024,3,glass_adhesion_kpa,hg0337,147.99716186523438,138.83800991050128
SVR-RBF,2024,3,glass_adhesion_kpa,hg0338,229.75230407714844,248.40935782456782
SVR-RBF,2024,3,glass_adhesion_kpa,hg0339,232.0736083984375,245.66024111875114
SVR-RBF,2024,3,glass_adhesion_kpa,hg0340,199.1224365234375,215.68289726792105
RandomForest,2024,3,glass_adhesion_kpa,hg0274,101.34465789794922,179.44474936439877
RandomForest,2024,3,glass_adhesion_kpa,hg0275,229.6956787109375,278.25491195860366
RandomForest,2024,3,glass_adhesion_kpa,hg0276,160.2830810546875,139.2921539668526
RandomForest,2024,3,glass_adhesion_kpa,hg0277,100.89171600341797,93.49435539359138
RandomForest,2024,3,glass_adhesion_kpa,hg0278,91.04033660888672,81.42749283186026
RandomForest,2024,3,glass_adhesion_kpa,hg0279,127.67162322998047,121.61203814915248
RandomForest,2024,3,glass_adhesion_kpa,hg0280,117.31068420410156,175.74145095759914
RandomForest,2024,3,glass_adhesion_kpa,hg0281,155.07431030273438,143.28318974006743
RandomForest,2024,3,glass_adhesion_kpa,hg0282,74.50814056396484,115.57658572537558
RandomForest,2024,3,glass_adhesion_kpa,hg0283,101.62773895263672,180.17066177640643
RandomForest,2024,3,glass_adhesion_kpa,hg0284,75.13092803955078,77.1841740694784
RandomForest,2024,3,glass_adhesion_kpa,hg0285,245.0955352783203,248.28092446554274
RandomForest,2024,3,glass_adhesion_kpa,hg0286,109.9504623413086,108.93836258309229
RandomForest,2024,3,glass_adhesion_kpa,hg0287,200.08493041992188,248.61099055608113
RandomForest,2024,3,glass_adhesion_kpa,hg0288,250.9837188720703,245.42587099529447
RandomForest,2024,3,glass_adhesion_kpa,hg0289,81.07572174072266,119.920129716964
RandomForest,2024,3,glass_adhesion_kpa,hg0290,235.4706268310547,273.2434151558649
RandomForest,2024,3,glass_adhesion_kpa,hg0291,225.3927764892578,270.0611348242987
RandomForest,2024,3,glass_adhesion_kpa,hg0334,206.6525115966797,284.21689587547667
RandomForest,2024,3,glass_adhesion_kpa,hg0335,193.57395935058594,141.0551004804316
RandomForest,2024,3,glass_adhesion_kpa,hg0336,62.22222137451172,118.31739340197473
RandomForest,2024,3,glass_adhesion_kpa,hg0337,147.99716186523438,140.9825094380549
RandomForest,2024,3,glass_adhesion_kpa,hg0338,229.75230407714844,277.6682511556716
RandomForest,2024,3,glass_adhesion_kpa,hg0339,232.0736083984375,240.4862298057193
RandomForest,2024,3,glass_adhesion_kpa,hg0340,199.1224365234375,216.7426303295862
HistGB,2024,3,glass_adhesion_kpa,hg0274,101.34465789794922,177.3162928233457
HistGB,2024,3,glass_adhesion_kpa,hg0275,229.6956787109375,300.9518512640823
HistGB,2024,3,glass_adhesion_kpa,hg0276,160.2830810546875,131.22170816878932
HistGB,2024,3,glass_adhesion_kpa,hg0277,100.89171600341797,104.25956429620784
HistGB,2024,3,glass_adhesion_kpa,hg0278,91.04033660888672,86.47221535457345
HistGB,2024,3,glass_adhesion_kpa,hg0279,127.67162322998047,112.33903015195851
HistGB,2024,3,glass_adhesion_kpa,hg0280,117.31068420410156,154.48361665235703
HistGB,2024,3,glass_adhesion_kpa,hg0281,155.07431030273438,132.4016931159397
HistGB,2024,3,glass_adhesion_kpa,hg0282,74.50814056396484,122.33036046455953
HistGB,2024,3,glass_adhesion_kpa,hg0283,101.62773895263672,176.7079501570032
HistGB,2024,3,glass_adhesion_kpa,hg0284,75.13092803955078,62.753908265484135
HistGB,2024,3,glass_adhesion_kpa,hg0285,245.0955352783203,255.9853702251352
HistGB,2024,3,glass_adhesion_kpa,hg0286,109.9504623413086,103.83822716606527
HistGB,2024,3,glass_adhesion_kpa,hg0287,200.08493041992188,225.7128743756513
HistGB,2024,3,glass_adhesion_kpa,hg0288,250.9837188720703,247.1364915521117
HistGB,2024,3,glass_adhesion_kpa,hg0289,81.07572174072266,112.4712662414822
HistGB,2024,3,glass_adhesion_kpa,hg0290,235.4706268310547,277.5987066609235
HistGB,2024,3,glass_adhesion_kpa,hg0291,225.3927764892578,269.75866436777426
HistGB,2024,3,glass_adhesion_kpa,hg0334,206.6525115966797,266.25437916655085
HistGB,2024,3,glass_adhesion_kpa,hg0335,193.57395935058594,149.36392311549466
HistGB,2024,3,glass_adhesion_kpa,hg0336,62.22222137451172,115.78419866558845
HistGB,2024,3,glass_adhesion_kpa,hg0337,147.99716186523438,130.03764421981234
HistGB,2024,3,glass_adhesion_kpa,hg0338,229.75230407714844,300.23857804728567
HistGB,2024,3,glass_adhesion_kpa,hg0339,232.0736083984375,251.38381605575015
HistGB,2024,3,glass_adhesion_kpa,hg0340,199.1224365234375,199.94909326688582
MLP,2024,3,glass_adhesion_kpa,hg0274,101.34465789794922,163.53746032714844
MLP,2024,3,glass_adhesion_kpa,hg0275,229.6956787109375,229.0103759765625
MLP,2024,3,glass_adhesion_kpa,hg0276,160.2830810546875,112.87028503417969
MLP,2024,3,glass_adhesion_kpa,hg0277,100.89171600341797,95.88697814941406
MLP,2024,3,glass_adhesion_kpa,hg0278,91.04033660888672,59.67592239379883
MLP,2024,3,glass_adhesion_kpa,hg0279,127.67162322998047,140.3012237548828
MLP,2024,3,glass_adhesion_kpa,hg0280,117.31068420410156,192.26768493652344
MLP,2024,3,glass_adhesion_kpa,hg0281,155.07431030273438,116.13430786132812
MLP,2024,3,glass_adhesion_kpa,hg0282,74.50814056396484,80.38619232177734
MLP,2024,3,glass_adhesion_kpa,hg0283,101.62773895263672,165.79965209960938
MLP,2024,3,glass_adhesion_kpa,hg0284,75.13092803955078,128.19244384765625
MLP,2024,3,glass_adhesion_kpa,hg0285,245.0955352783203,230.0785675048828
MLP,2024,3,glass_adhesion_kpa,hg0286,109.9504623413086,108.25748443603516
MLP,2024,3,glass_adhesion_kpa,hg0287,200.08493041992188,227.4851531982422
MLP,2024,3,glass_adhesion_kpa,hg0288,250.9837188720703,229.965576171875
MLP,2024,3,glass_adhesion_kpa,hg0289,81.07572174072266,131.04396057128906
MLP,2024,3,glass_adhesion_kpa,hg0290,235.4706268310547,229.1082763671875
MLP,2024,3,glass_adhesion_kpa,hg0291,225.3927764892578,228.15232849121094
MLP,2024,3,glass_adhesion_kpa,hg0334,206.6525115966797,228.68870544433594
MLP,2024,3,glass_adhesion_kpa,hg0335,193.57395935058594,160.00660705566406
MLP,2024,3,glass_adhesion_kpa,hg0336,62.22222137451172,147.561279296875
MLP,2024,3,glass_adhesion_kpa,hg0337,147.99716186523438,127.55204772949219
MLP,2024,3,glass_adhesion_kpa,hg0338,229.75230407714844,228.97161865234375
MLP,2024,3,glass_adhesion_kpa,hg0339,232.0736083984375,230.5251007080078
MLP,2024,3,glass_adhesion_kpa,hg0340,199.1224365234375,221.6182403564453
Mean,2024,4,glass_adhesion_kpa,hg0274,101.34465789794922,90.16199493408203
Mean,2024,4,glass_adhesion_kpa,hg0275,229.6956787109375,90.16199493408203
Mean,2024,4,glass_adhesion_kpa,hg0276,160.2830810546875,90.16199493408203
Mean,2024,4,glass_adhesion_kpa,hg0277,100.89171600341797,90.16199493408203
Mean,2024,4,glass_adhesion_kpa,hg0278,91.04033660888672,90.16199493408203
Mean,2024,4,glass_adhesion_kpa,hg0279,127.67162322998047,90.16199493408203
Mean,2024,4,glass_adhesion_kpa,hg0280,117.31068420410156,90.16199493408203
Mean,2024,4,glass_adhesion_kpa,hg0281,155.07431030273438,90.16199493408203
Mean,2024,4,glass_adhesion_kpa,hg0282,74.50814056396484,90.16199493408203
Mean,2024,4,glass_adhesion_kpa,hg0283,101.62773895263672,90.16199493408203
Mean,2024,4,glass_adhesion_kpa,hg0284,75.13092803955078,90.16199493408203
Mean,2024,4,glass_adhesion_kpa,hg0285,245.0955352783203,90.16199493408203
Mean,2024,4,glass_adhesion_kpa,hg0286,109.9504623413086,90.16199493408203
Mean,2024,4,glass_adhesion_kpa,hg0287,200.08493041992188,90.16199493408203
Mean,2024,4,glass_adhesion_kpa,hg0288,250.9837188720703,90.16199493408203
Mean,2024,4,glass_adhesion_kpa,hg0289,81.07572174072266,90.16199493408203
Mean,2024,4,glass_adhesion_kpa,hg0290,235.4706268310547,90.16199493408203
Mean,2024,4,glass_adhesion_kpa,hg0291,225.3927764892578,90.16199493408203
Mean,2024,4,glass_adhesion_kpa,hg0334,206.6525115966797,90.16199493408203
Mean,2024,4,glass_adhesion_kpa,hg0335,193.57395935058594,90.16199493408203
Mean,2024,4,glass_adhesion_kpa,hg0336,62.22222137451172,90.16199493408203
Mean,2024,4,glass_adhesion_kpa,hg0337,147.99716186523438,90.16199493408203
Mean,2024,4,glass_adhesion_kpa,hg0338,229.75230407714844,90.16199493408203
Mean,2024,4,glass_adhesion_kpa,hg0339,232.0736083984375,90.16199493408203
Mean,2024,4,glass_adhesion_kpa,hg0340,199.1224365234375,90.16199493408203
Ridge,2024,4,glass_adhesion_kpa,hg0274,101.34465789794922,167.05783081054688
Ridge,2024,4,glass_adhesion_kpa,hg0275,229.6956787109375,215.27134704589844
Ridge,2024,4,glass_adhesion_kpa,hg0276,160.2830810546875,134.3379669189453
Ridge,2024,4,glass_adhesion_kpa,hg0277,100.89171600341797,82.14179992675781
Ridge,2024,4,glass_adhesion_kpa,hg0278,91.04033660888672,61.840476989746094
Ridge,2024,4,glass_adhesion_kpa,hg0279,127.67162322998047,144.3522491455078
Ridge,2024,4,glass_adhesion_kpa,hg0280,117.31068420410156,194.59420776367188
Ridge,2024,4,glass_adhesion_kpa,hg0281,155.07431030273438,148.02883911132812
Ridge,2024,4,glass_adhesion_kpa,hg0282,74.50814056396484,117.39224243164062
Ridge,2024,4,glass_adhesion_kpa,hg0283,101.62773895263672,169.3963623046875
Ridge,2024,4,glass_adhesion_kpa,hg0284,75.13092803955078,82.4524154663086
Ridge,2024,4,glass_adhesion_kpa,hg0285,245.0955352783203,217.5203094482422
Ridge,2024,4,glass_adhesion_kpa,hg0286,109.9504623413086,119.32289123535156
Ridge,2024,4,glass_adhesion_kpa,hg0287,200.08493041992188,214.02069091796875
Ridge,2024,4,glass_adhesion_kpa,hg0288,250.9837188720703,218.69796752929688
Ridge,2024,4,glass_adhesion_kpa,hg0289,81.07572174072266,133.81600952148438
Ridge,2024,4,glass_adhesion_kpa,hg0290,235.4706268310547,216.48370361328125
Ridge,2024,4,glass_adhesion_kpa,hg0291,225.3927764892578,213.97181701660156
Ridge,2024,4,glass_adhesion_kpa,hg0334,206.6525115966797,213.76316833496094
Ridge,2024,4,glass_adhesion_kpa,hg0335,193.57395935058594,169.03802490234375
Ridge,2024,4,glass_adhesion_kpa,hg0336,62.22222137451172,141.5921630859375
Ridge,2024,4,glass_adhesion_kpa,hg0337,147.99716186523438,130.23887634277344
Ridge,2024,4,glass_adhesion_kpa,hg0338,229.75230407714844,215.1116943359375
Ridge,2024,4,glass_adhesion_kpa,hg0339,232.0736083984375,218.34970092773438
Ridge,2024,4,glass_adhesion_kpa,hg0340,199.1224365234375,203.50418090820312
ElasticNet,2024,4,glass_adhesion_kpa,hg0274,101.34465789794922,166.97381591796875
ElasticNet,2024,4,glass_adhesion_kpa,hg0275,229.6956787109375,215.23690795898438
ElasticNet,2024,4,glass_adhesion_kpa,hg0276,160.2830810546875,133.99729919433594
ElasticNet,2024,4,glass_adhesion_kpa,hg0277,100.89171600341797,81.94066619873047
ElasticNet,2024,4,glass_adhesion_kpa,hg0278,91.04033660888672,61.36274719238281
ElasticNet,2024,4,glass_adhesion_kpa,hg0279,127.67162322998047,144.35113525390625
ElasticNet,2024,4,glass_adhesion_kpa,hg0280,117.31068420410156,194.28857421875
ElasticNet,2024,4,glass_adhesion_kpa,hg0281,155.07431030273438,147.54197692871094
ElasticNet,2024,4,glass_adhesion_kpa,hg0282,74.50814056396484,117.2774887084961
ElasticNet,2024,4,glass_adhesion_kpa,hg0283,101.62773895263672,169.31341552734375
ElasticNet,2024,4,glass_adhesion_kpa,hg0284,75.13092803955078,82.6644287109375
ElasticNet,2024,4,glass_adhesion_kpa,hg0285,245.0955352783203,217.37405395507812
ElasticNet,2024,4,glass_adhesion_kpa,hg0286,109.9504623413086,119.11685180664062
ElasticNet,2024,4,glass_adhesion_kpa,hg0287,200.08493041992188,214.28439331054688
ElasticNet,2024,4,glass_adhesion_kpa,hg0288,250.9837188720703,218.561767578125
ElasticNet,2024,4,glass_adhesion_kpa,hg0289,81.07572174072266,133.79681396484375
ElasticNet,2024,4,glass_adhesion_kpa,hg0290,235.4706268310547,216.45974731445312
ElasticNet,2024,4,glass_adhesion_kpa,hg0291,225.3927764892578,214.08790588378906
ElasticNet,2024,4,glass_adhesion_kpa,hg0334,206.6525115966797,213.63558959960938
ElasticNet,2024,4,glass_adhesion_kpa,hg0335,193.57395935058594,168.41412353515625
ElasticNet,2024,4,glass_adhesion_kpa,hg0336,62.22222137451172,143.1272430419922
ElasticNet,2024,4,glass_adhesion_kpa,hg0337,147.99716186523438,130.483154296875
ElasticNet,2024,4,glass_adhesion_kpa,hg0338,229.75230407714844,215.07916259765625
ElasticNet,2024,4,glass_adhesion_kpa,hg0339,232.0736083984375,218.16207885742188
ElasticNet,2024,4,glass_adhesion_kpa,hg0340,199.1224365234375,204.37802124023438
KNN,2024,4,glass_adhesion_kpa,hg0274,101.34465789794922,170.88393839746118
KNN,2024,4,glass_adhesion_kpa,hg0275,229.6956787109375,250.24224053525708
KNN,2024,4,glass_adhesion_kpa,hg0276,160.2830810546875,119.14021086674092
KNN,2024,4,glass_adhesion_kpa,hg0277,100.89171600341797,93.02630889288233
KNN,2024,4,glass_adhesion_kpa,hg0278,91.04033660888672,104.05087762498157
KNN,2024,4,glass_adhesion_kpa,hg0279,127.67162322998047,116.50318640392855
KNN,2024,4,glass_adhesion_kpa,hg0280,117.31068420410156,197.5984150089838
KNN,2024,4,glass_adhesion_kpa,hg0281,155.07431030273438,144.04811405938045
KNN,2024,4,glass_adhesion_kpa,hg0282,74.50814056396484,115.1257720322634
KNN,2024,4,glass_adhesion_kpa,hg0283,101.62773895263672,171.2696330934219
KNN,2024,4,glass_adhesion_kpa,hg0284,75.13092803955078,86.92084860030826
KNN,2024,4,glass_adhesion_kpa,hg0285,245.0955352783203,244.28629069248709
KNN,2024,4,glass_adhesion_kpa,hg0286,109.9504623413086,117.48345564024899
KNN,2024,4,glass_adhesion_kpa,hg0287,200.08493041992188,237.9090568861673
KNN,2024,4,glass_adhesion_kpa,hg0288,250.9837188720703,246.3113327064165
KNN,2024,4,glass_adhesion_kpa,hg0289,81.07572174072266,92.75352290009508
KNN,2024,4,glass_adhesion_kpa,hg0290,235.4706268310547,248.57819567834284
KNN,2024,4,glass_adhesion_kpa,hg0291,225.3927764892578,250.65185709625686
KNN,2024,4,glass_adhesion_kpa,hg0334,206.6525115966797,243.53768731846483
KNN,2024,4,glass_adhesion_kpa,hg0335,193.57395935058594,157.12857968570606
KNN,2024,4,glass_adhesion_kpa,hg0336,62.22222137451172,172.2535770151941
KNN,2024,4,glass_adhesion_kpa,hg0337,147.99716186523438,141.4837443313872
KNN,2024,4,glass_adhesion_kpa,hg0338,229.75230407714844,251.2509049310736
KNN,2024,4,glass_adhesion_kpa,hg0339,232.0736083984375,244.75634696765175
KNN,2024,4,glass_adhesion_kpa,hg0340,199.1224365234375,233.37927970911548
SVR-RBF,2024,4,glass_adhesion_kpa,hg0274,101.34465789794922,160.48429837131835
SVR-RBF,2024,4,glass_adhesion_kpa,hg0275,229.6956787109375,208.1997571077933
SVR-RBF,2024,4,glass_adhesion_kpa,hg0276,160.2830810546875,123.78194942325709
SVR-RBF,2024,4,glass_adhesion_kpa,hg0277,100.89171600341797,102.15230100820482
SVR-RBF,2024,4,glass_adhesion_kpa,hg0278,91.04033660888672,62.018938849743364
SVR-RBF,2024,4,glass_adhesion_kpa,hg0279,127.67162322998047,122.98752728327517
SVR-RBF,2024,4,glass_adhesion_kpa,hg0280,117.31068420410156,200.3295359278408
SVR-RBF,2024,4,glass_adhesion_kpa,hg0281,155.07431030273438,147.9239095213888
SVR-RBF,2024,4,glass_adhesion_kpa,hg0282,74.50814056396484,115.60077343531003
SVR-RBF,2024,4,glass_adhesion_kpa,hg0283,101.62773895263672,163.610068256526
SVR-RBF,2024,4,glass_adhesion_kpa,hg0284,75.13092803955078,61.48983652151175
SVR-RBF,2024,4,glass_adhesion_kpa,hg0285,245.0955352783203,208.70726252767585
SVR-RBF,2024,4,glass_adhesion_kpa,hg0286,109.9504623413086,102.36357627286088
SVR-RBF,2024,4,glass_adhesion_kpa,hg0287,200.08493041992188,202.1519818943579
SVR-RBF,2024,4,glass_adhesion_kpa,hg0288,250.9837188720703,207.08817488369456
SVR-RBF,2024,4,glass_adhesion_kpa,hg0289,81.07572174072266,116.18814465492068
SVR-RBF,2024,4,glass_adhesion_kpa,hg0290,235.4706268310547,207.1564502247593
SVR-RBF,2024,4,glass_adhesion_kpa,hg0291,225.3927764892578,206.17774460796915
SVR-RBF,2024,4,glass_adhesion_kpa,hg0334,206.6525115966797,209.1110385886535
SVR-RBF,2024,4,glass_adhesion_kpa,hg0335,193.57395935058594,172.04112667005742
SVR-RBF,2024,4,glass_adhesion_kpa,hg0336,62.22222137451172,129.17311560794724
SVR-RBF,2024,4,glass_adhesion_kpa,hg0337,147.99716186523438,128.06041547437593
SVR-RBF,2024,4,glass_adhesion_kpa,hg0338,229.75230407714844,208.22804828699455
SVR-RBF,2024,4,glass_adhesion_kpa,hg0339,232.0736083984375,208.65432023762128
SVR-RBF,2024,4,glass_adhesion_kpa,hg0340,199.1224365234375,196.5398440514474
RandomForest,2024,4,glass_adhesion_kpa,hg0274,101.34465789794922,172.16333084595726
RandomForest,2024,4,glass_adhesion_kpa,hg0275,229.6956787109375,242.39207004983012
RandomForest,2024,4,glass_adhesion_kpa,hg0276,160.2830810546875,130.35865526676866
RandomForest,2024,4,glass_adhesion_kpa,hg0277,100.89171600341797,92.4568446264812
RandomForest,2024,4,glass_adhesion_kpa,hg0278,91.04033660888672,91.53861673464597
RandomForest,2024,4,glass_adhesion_kpa,hg0279,127.67162322998047,124.36094247212034
RandomForest,2024,4,glass_adhesion_kpa,hg0280,117.31068420410156,180.20789857010803
RandomForest,2024,4,glass_adhesion_kpa,hg0281,155.07431030273438,134.78328261061793
RandomForest,2024,4,glass_adhesion_kpa,hg0282,74.50814056396484,110.08493994652399
RandomForest,2024,4,glass_adhesion_kpa,hg0283,101.62773895263672,175.8377865289275
RandomForest,2024,4,glass_adhesion_kpa,hg0284,75.13092803955078,97.18236991307396
RandomForest,2024,4,glass_adhesion_kpa,hg0285,245.0955352783203,235.53106021139638
RandomForest,2024,4,glass_adhesion_kpa,hg0286,109.9504623413086,117.30475909060648
RandomForest,2024,4,glass_adhesion_kpa,hg0287,200.08493041992188,226.74586263185168
RandomForest,2024,4,glass_adhesion_kpa,hg0288,250.9837188720703,232.61423489704296
RandomForest,2024,4,glass_adhesion_kpa,hg0289,81.07572174072266,123.70338992437084
RandomForest,2024,4,glass_adhesion_kpa,hg0290,235.4706268310547,238.09982144118737
RandomForest,2024,4,glass_adhesion_kpa,hg0291,225.3927764892578,246.2145627640066
RandomForest,2024,4,glass_adhesion_kpa,hg0334,206.6525115966797,229.35214625180006
RandomForest,2024,4,glass_adhesion_kpa,hg0335,193.57395935058594,143.39644955767494
RandomForest,2024,4,glass_adhesion_kpa,hg0336,62.22222137451172,123.52978412971464
RandomForest,2024,4,glass_adhesion_kpa,hg0337,147.99716186523438,134.06798789362395
RandomForest,2024,4,glass_adhesion_kpa,hg0338,229.75230407714844,243.9003452578853
RandomForest,2024,4,glass_adhesion_kpa,hg0339,232.0736083984375,236.3601158256398
RandomForest,2024,4,glass_adhesion_kpa,hg0340,199.1224365234375,201.47546009881134
HistGB,2024,4,glass_adhesion_kpa,hg0274,101.34465789794922,175.2964492079526
HistGB,2024,4,glass_adhesion_kpa,hg0275,229.6956787109375,239.38660579524284
HistGB,2024,4,glass_adhesion_kpa,hg0276,160.2830810546875,120.6926346542856
HistGB,2024,4,glass_adhesion_kpa,hg0277,100.89171600341797,86.73437678928093
HistGB,2024,4,glass_adhesion_kpa,hg0278,91.04033660888672,89.80242381665556
HistGB,2024,4,glass_adhesion_kpa,hg0279,127.67162322998047,122.4426818763482
HistGB,2024,4,glass_adhesion_kpa,hg0280,117.31068420410156,184.34221179616813
HistGB,2024,4,glass_adhesion_kpa,hg0281,155.07431030273438,123.34722124153186
HistGB,2024,4,glass_adhesion_kpa,hg0282,74.50814056396484,109.19222440477873
HistGB,2024,4,glass_adhesion_kpa,hg0283,101.62773895263672,178.52297124105232
HistGB,2024,4,glass_adhesion_kpa,hg0284,75.13092803955078,86.9109976645701
HistGB,2024,4,glass_adhesion_kpa,hg0285,245.0955352783203,233.51055296319896
HistGB,2024,4,glass_adhesion_kpa,hg0286,109.9504623413086,105.8745786297128
HistGB,2024,4,glass_adhesion_kpa,hg0287,200.08493041992188,226.19297623205946
HistGB,2024,4,glass_adhesion_kpa,hg0288,250.9837188720703,225.63719868566028
HistGB,2024,4,glass_adhesion_kpa,hg0289,81.07572174072266,112.30127567584734
HistGB,2024,4,glass_adhesion_kpa,hg0290,235.4706268310547,233.51055296319896
HistGB,2024,4,glass_adhesion_kpa,hg0291,225.3927764892578,239.90043414547767
HistGB,2024,4,glass_adhesion_kpa,hg0334,206.6525115966797,227.3870289527574
HistGB,2024,4,glass_adhesion_kpa,hg0335,193.57395935058594,151.56169500840838
HistGB,2024,4,glass_adhesion_kpa,hg0336,62.22222137451172,143.77193407037356
HistGB,2024,4,glass_adhesion_kpa,hg0337,147.99716186523438,149.47018794491223
HistGB,2024,4,glass_adhesion_kpa,hg0338,229.75230407714844,240.1321718480884
HistGB,2024,4,glass_adhesion_kpa,hg0339,232.0736083984375,234.25611901604452
HistGB,2024,4,glass_adhesion_kpa,hg0340,199.1224365234375,184.12790164223446
MLP,2024,4,glass_adhesion_kpa,hg0274,101.34465789794922,165.2098388671875
MLP,2024,4,glass_adhesion_kpa,hg0275,229.6956787109375,223.67138671875
MLP,2024,4,glass_adhesion_kpa,hg0276,160.2830810546875,126.42903137207031
MLP,2024,4,glass_adhesion_kpa,hg0277,100.89171600341797,104.1004867553711
MLP,2024,4,glass_adhesion_kpa,hg0278,91.04033660888672,49.638160705566406
MLP,2024,4,glass_adhesion_kpa,hg0279,127.67162322998047,132.51663208007812
MLP,2024,4,glass_adhesion_kpa,hg0280,117.31068420410156,193.11441040039062
MLP,2024,4,glass_adhesion_kpa,hg0281,155.07431030273438,128.06488037109375
MLP,2024,4,glass_adhesion_kpa,hg0282,74.50814056396484,101.306640625
MLP,2024,4,glass_adhesion_kpa,hg0283,101.62773895263672,167.60748291015625
MLP,2024,4,glass_adhesion_kpa,hg0284,75.13092803955078,121.49333953857422
MLP,2024,4,glass_adhesion_kpa,hg0285,245.0955352783203,221.91903686523438
MLP,2024,4,glass_adhesion_kpa,hg0286,109.9504623413086,123.70672607421875
MLP,2024,4,glass_adhesion_kpa,hg0287,200.08493041992188,224.79510498046875
MLP,2024,4,glass_adhesion_kpa,hg0288,250.9837188720703,220.7515106201172
MLP,2024,4,glass_adhesion_kpa,hg0289,81.07572174072266,126.29222106933594
MLP,2024,4,glass_adhesion_kpa,hg0290,235.4706268310547,223.01193237304688
MLP,2024,4,glass_adhesion_kpa,hg0291,225.3927764892578,224.67526245117188
MLP,2024,4,glass_adhesion_kpa,hg0334,206.6525115966797,223.12405395507812
MLP,2024,4,glass_adhesion_kpa,hg0335,193.57395935058594,155.89828491210938
MLP,2024,4,glass_adhesion_kpa,hg0336,62.22222137451172,159.86727905273438
MLP,2024,4,glass_adhesion_kpa,hg0337,147.99716186523438,125.30105590820312
MLP,2024,4,glass_adhesion_kpa,hg0338,229.75230407714844,223.72518920898438
MLP,2024,4,glass_adhesion_kpa,hg0339,232.0736083984375,221.04629516601562
MLP,2024,4,glass_adhesion_kpa,hg0340,199.1224365234375,226.0748291015625
Mean,7,0,glass_adhesion_kpa,hg0274,101.34465789794922,92.88825225830078
Mean,7,0,glass_adhesion_kpa,hg0275,229.6956787109375,92.88825225830078
Mean,7,0,glass_adhesion_kpa,hg0276,160.2830810546875,92.88825225830078
Mean,7,0,glass_adhesion_kpa,hg0277,100.89171600341797,92.88825225830078
Mean,7,0,glass_adhesion_kpa,hg0278,91.04033660888672,92.88825225830078
Mean,7,0,glass_adhesion_kpa,hg0279,127.67162322998047,92.88825225830078
Mean,7,0,glass_adhesion_kpa,hg0280,117.31068420410156,92.88825225830078
Mean,7,0,glass_adhesion_kpa,hg0281,155.07431030273438,92.88825225830078
Mean,7,0,glass_adhesion_kpa,hg0282,74.50814056396484,92.88825225830078
Mean,7,0,glass_adhesion_kpa,hg0283,101.62773895263672,92.88825225830078
Mean,7,0,glass_adhesion_kpa,hg0284,75.13092803955078,92.88825225830078
Mean,7,0,glass_adhesion_kpa,hg0285,245.0955352783203,92.88825225830078
Mean,7,0,glass_adhesion_kpa,hg0286,109.9504623413086,92.88825225830078
Mean,7,0,glass_adhesion_kpa,hg0287,200.08493041992188,92.88825225830078
Mean,7,0,glass_adhesion_kpa,hg0288,250.9837188720703,92.88825225830078
Mean,7,0,glass_adhesion_kpa,hg0289,81.07572174072266,92.88825225830078
Mean,7,0,glass_adhesion_kpa,hg0290,235.4706268310547,92.88825225830078
Mean,7,0,glass_adhesion_kpa,hg0291,225.3927764892578,92.88825225830078
Mean,7,0,glass_adhesion_kpa,hg0334,206.6525115966797,92.88825225830078
Mean,7,0,glass_adhesion_kpa,hg0335,193.57395935058594,92.88825225830078
Mean,7,0,glass_adhesion_kpa,hg0336,62.22222137451172,92.88825225830078
Mean,7,0,glass_adhesion_kpa,hg0337,147.99716186523438,92.88825225830078
Mean,7,0,glass_adhesion_kpa,hg0338,229.75230407714844,92.88825225830078
Mean,7,0,glass_adhesion_kpa,hg0339,232.0736083984375,92.88825225830078
Mean,7,0,glass_adhesion_kpa,hg0340,199.1224365234375,92.88825225830078
Ridge,7,0,glass_adhesion_kpa,hg0274,101.34465789794922,177.49285888671875
Ridge,7,0,glass_adhesion_kpa,hg0275,229.6956787109375,229.55258178710938
Ridge,7,0,glass_adhesion_kpa,hg0276,160.2830810546875,142.0604248046875
Ridge,7,0,glass_adhesion_kpa,hg0277,100.89171600341797,89.07369995117188
Ridge,7,0,glass_adhesion_kpa,hg0278,91.04033660888672,56.13629913330078
Ridge,7,0,glass_adhesion_kpa,hg0279,127.67162322998047,146.24752807617188
Ridge,7,0,glass_adhesion_kpa,hg0280,117.31068420410156,209.32177734375
Ridge,7,0,glass_adhesion_kpa,hg0281,155.07431030273438,159.06317138671875
Ridge,7,0,glass_adhesion_kpa,hg0282,74.50814056396484,124.49541473388672
Ridge,7,0,glass_adhesion_kpa,hg0283,101.62773895263672,180.09002685546875
Ridge,7,0,glass_adhesion_kpa,hg0284,75.13092803955078,75.7354736328125
Ridge,7,0,glass_adhesion_kpa,hg0285,245.0955352783203,230.064453125
Ridge,7,0,glass_adhesion_kpa,hg0286,109.9504623413086,123.77083587646484
Ridge,7,0,glass_adhesion_kpa,hg0287,200.08493041992188,229.15469360351562
Ridge,7,0,glass_adhesion_kpa,hg0288,250.9837188720703,230.50433349609375
Ridge,7,0,glass_adhesion_kpa,hg0289,81.07572174072266,135.40347290039062
Ridge,7,0,glass_adhesion_kpa,hg0290,235.4706268310547,230.17965698242188
Ridge,7,0,glass_adhesion_kpa,hg0291,225.3927764892578,229.089111328125
Ridge,7,0,glass_adhesion_kpa,hg0334,206.6525115966797,228.35324096679688
Ridge,7,0,glass_adhesion_kpa,hg0335,193.57395935058594,180.68704223632812
Ridge,7,0,glass_adhesion_kpa,hg0336,62.22222137451172,144.65386962890625
Ridge,7,0,glass_adhesion_kpa,hg0337,147.99716186523438,138.37936401367188
Ridge,7,0,glass_adhesion_kpa,hg0338,229.75230407714844,229.47235107421875
Ridge,7,0,glass_adhesion_kpa,hg0339,232.0736083984375,230.00942993164062
Ridge,7,0,glass_adhesion_kpa,hg0340,199.1224365234375,220.0763397216797
ElasticNet,7,0,glass_adhesion_kpa,hg0274,101.34465789794922,177.35263061523438
ElasticNet,7,0,glass_adhesion_kpa,hg0275,229.6956787109375,229.54864501953125
ElasticNet,7,0,glass_adhesion_kpa,hg0276,160.2830810546875,140.66749572753906
ElasticNet,7,0,glass_adhesion_kpa,hg0277,100.89171600341797,88.35149383544922
ElasticNet,7,0,glass_adhesion_kpa,hg0278,91.04033660888672,56.03079605102539
ElasticNet,7,0,glass_adhesion_kpa,hg0279,127.67162322998047,146.65562438964844
ElasticNet,7,0,glass_adhesion_kpa,hg0280,117.31068420410156,208.65249633789062
ElasticNet,7,0,glass_adhesion_kpa,hg0281,155.07431030273438,157.38253784179688
ElasticNet,7,0,glass_adhesion_kpa,hg0282,74.50814056396484,123.68621826171875
ElasticNet,7,0,glass_adhesion_kpa,hg0283,101.62773895263672,179.95068359375
ElasticNet,7,0,glass_adhesion_kpa,hg0284,75.13092803955078,76.37480926513672
ElasticNet,7,0,glass_adhesion_kpa,hg0285,245.0955352783203,229.92376708984375
ElasticNet,7,0,glass_adhesion_kpa,hg0286,109.9504623413086,122.56120300292969
ElasticNet,7,0,glass_adhesion_kpa,hg0287,200.08493041992188,229.57748413085938
ElasticNet,7,0,glass_adhesion_kpa,hg0288,250.9837188720703,230.38607788085938
ElasticNet,7,0,glass_adhesion_kpa,hg0289,81.07572174072266,135.80235290527344
ElasticNet,7,0,glass_adhesion_kpa,hg0290,235.4706268310547,230.20758056640625
ElasticNet,7,0,glass_adhesion_kpa,hg0291,225.3927764892578,229.28488159179688
ElasticNet,7,0,glass_adhesion_kpa,hg0334,206.6525115966797,228.19430541992188
ElasticNet,7,0,glass_adhesion_kpa,hg0335,193.57395935058594,179.66143798828125
ElasticNet,7,0,glass_adhesion_kpa,hg0336,62.22222137451172,146.9132080078125
ElasticNet,7,0,glass_adhesion_kpa,hg0337,147.99716186523438,138.63217163085938
ElasticNet,7,0,glass_adhesion_kpa,hg0338,229.75230407714844,229.46884155273438
ElasticNet,7,0,glass_adhesion_kpa,hg0339,232.0736083984375,229.8135986328125
ElasticNet,7,0,glass_adhesion_kpa,hg0340,199.1224365234375,221.13925170898438
KNN,7,0,glass_adhesion_kpa,hg0274,101.34465789794922,183.01944172083125
KNN,7,0,glass_adhesion_kpa,hg0275,229.6956787109375,300.2948107797978
KNN,7,0,glass_adhesion_kpa,hg0276,160.2830810546875,125.52690361763219
KNN,7,0,glass_adhesion_kpa,hg0277,100.89171600341797,85.89205552524395
KNN,7,0,glass_adhesion_kpa,hg0278,91.04033660888672,95.55667416442891
KNN,7,0,glass_adhesion_kpa,hg0279,127.67162322998047,95.74348563739272
KNN,7,0,glass_adhesion_kpa,hg0280,117.31068420410156,188.67988027036304
KNN,7,0,glass_adhesion_kpa,hg0281,155.07431030273438,149.18614727907163
KNN,7,0,glass_adhesion_kpa,hg0282,74.50814056396484,108.8263249587689
KNN,7,0,glass_adhesion_kpa,hg0283,101.62773895263672,184.38088804042164
KNN,7,0,glass_adhesion_kpa,hg0284,75.13092803955078,80.5436045060789
KNN,7,0,glass_adhesion_kpa,hg0285,245.0955352783203,281.18535798909704
KNN,7,0,glass_adhesion_kpa,hg0286,109.9504623413086,108.35953461316313
KNN,7,0,glass_adhesion_kpa,hg0287,200.08493041992188,247.51557273684253
KNN,7,0,glass_adhesion_kpa,hg0288,250.9837188720703,283.52737673793405
KNN,7,0,glass_adhesion_kpa,hg0289,81.07572174072266,87.7549708914323
KNN,7,0,glass_adhesion_kpa,hg0290,235.4706268310547,281.57497584048303
KNN,7,0,glass_adhesion_kpa,hg0291,225.3927764892578,279.2268771776151
KNN,7,0,glass_adhesion_kpa,hg0334,206.6525115966797,290.9556185353577
KNN,7,0,glass_adhesion_kpa,hg0335,193.57395935058594,172.81921111996976
KNN,7,0,glass_adhesion_kpa,hg0336,62.22222137451172,190.2060038577147
KNN,7,0,glass_adhesion_kpa,hg0337,147.99716186523438,168.58112918292
KNN,7,0,glass_adhesion_kpa,hg0338,229.75230407714844,294.5300506099713
KNN,7,0,glass_adhesion_kpa,hg0339,232.0736083984375,261.4049650604451
KNN,7,0,glass_adhesion_kpa,hg0340,199.1224365234375,248.10028408908474
SVR-RBF,7,0,glass_adhesion_kpa,hg0274,101.34465789794922,175.38741437262408
SVR-RBF,7,0,glass_adhesion_kpa,hg0275,229.6956787109375,237.5923625031496
SVR-RBF,7,0,glass_adhesion_kpa,hg0276,160.2830810546875,99.31196438580602
SVR-RBF,7,0,glass_adhesion_kpa,hg0277,100.89171600341797,114.17948153653722
SVR-RBF,7,0,glass_adhesion_kpa,hg0278,91.04033660888672,68.26113134196314
SVR-RBF,7,0,glass_adhesion_kpa,hg0279,127.67162322998047,102.95624493402161
SVR-RBF,7,0,glass_adhesion_kpa,hg0280,117.31068420410156,202.82139740380737
SVR-RBF,7,0,glass_adhesion_kpa,hg0281,155.07431030273438,134.0988932503203
SVR-RBF,7,0,glass_adhesion_kpa,hg0282,74.50814056396484,111.8934452333364
SVR-RBF,7,0,glass_adhesion_kpa,hg0283,101.62773895263672,178.57781558357513
SVR-RBF,7,0,glass_adhesion_kpa,hg0284,75.13092803955078,42.64601464580437
SVR-RBF,7,0,glass_adhesion_kpa,hg0285,245.0955352783203,237.7767710375252
SVR-RBF,7,0,glass_adhesion_kpa,hg0286,109.9504623413086,67.69318715125317
SVR-RBF,7,0,glass_adhesion_kpa,hg0287,200.08493041992188,240.72691820969825
SVR-RBF,7,0,glass_adhesion_kpa,hg0288,250.9837188720703,238.39419411899073
SVR-RBF,7,0,glass_adhesion_kpa,hg0289,81.07572174072266,94.83481224134434
SVR-RBF,7,0,glass_adhesion_kpa,hg0290,235.4706268310547,239.5925625054459
SVR-RBF,7,0,glass_adhesion_kpa,hg0291,225.3927764892578,238.33679249653082
SVR-RBF,7,0,glass_adhesion_kpa,hg0334,206.6525115966797,231.87119503182882
SVR-RBF,7,0,glass_adhesion_kpa,hg0335,193.57395935058594,167.59599074955682
SVR-RBF,7,0,glass_adhesion_kpa,hg0336,62.22222137451172,186.2453176980488
SVR-RBF,7,0,glass_adhesion_kpa,hg0337,147.99716186523438,135.16417736503146
SVR-RBF,7,0,glass_adhesion_kpa,hg0338,229.75230407714844,237.33936336659778
SVR-RBF,7,0,glass_adhesion_kpa,hg0339,232.0736083984375,236.9703135837992
SVR-RBF,7,0,glass_adhesion_kpa,hg0340,199.1224365234375,223.8175119234556
RandomForest,7,0,glass_adhesion_kpa,hg0274,101.34465789794922,190.37820959285813
RandomForest,7,0,glass_adhesion_kpa,hg0275,229.6956787109375,277.9705651419503
RandomForest,7,0,glass_adhesion_kpa,hg0276,160.2830810546875,142.20639572143554
RandomForest,7,0,glass_adhesion_kpa,hg0277,100.89171600341797,95.41568881054314
RandomForest,7,0,glass_adhesion_kpa,hg0278,91.04033660888672,87.02930560184984
RandomForest,7,0,glass_adhesion_kpa,hg0279,127.67162322998047,128.91107371972532
RandomForest,7,0,glass_adhesion_kpa,hg0280,117.31068420410156,187.01469004105547
RandomForest,7,0,glass_adhesion_kpa,hg0281,155.07431030273438,148.96116510264727
RandomForest,7,0,glass_adhesion_kpa,hg0282,74.50814056396484,116.94729805138647
RandomForest,7,0,glass_adhesion_kpa,hg0283,101.62773895263672,189.48747176345515
RandomForest,7,0,glass_adhesion_kpa,hg0284,75.13092803955078,77.87385382627954
RandomForest,7,0,glass_adhesion_kpa,hg0285,245.0955352783203,262.0878391032316
RandomForest,7,0,glass_adhesion_kpa,hg0286,109.9504623413086,101.01731846527177
RandomForest,7,0,glass_adhesion_kpa,hg0287,200.08493041992188,247.160216296449
RandomForest,7,0,glass_adhesion_kpa,hg0288,250.9837188720703,264.16372406628665
RandomForest,7,0,glass_adhesion_kpa,hg0289,81.07572174072266,124.05771525636011
RandomForest,7,0,glass_adhesion_kpa,hg0290,235.4706268310547,274.40576090909997
RandomForest,7,0,glass_adhesion_kpa,hg0291,225.3927764892578,272.38777117047994
RandomForest,7,0,glass_adhesion_kpa,hg0334,206.6525115966797,273.73490879292393
RandomForest,7,0,glass_adhesion_kpa,hg0335,193.57395935058594,142.80017907668133
RandomForest,7,0,glass_adhesion_kpa,hg0336,62.22222137451172,168.92736599664298
RandomForest,7,0,glass_adhesion_kpa,hg0337,147.99716186523438,166.1095658243919
RandomForest,7,0,glass_adhesion_kpa,hg0338,229.75230407714844,277.22807231046716
RandomForest,7,0,glass_adhesion_kpa,hg0339,232.0736083984375,260.270083369041
RandomForest,7,0,glass_adhesion_kpa,hg0340,199.1224365234375,213.39284094207142
HistGB,7,0,glass_adhesion_kpa,hg0274,101.34465789794922,177.22608487385094
HistGB,7,0,glass_adhesion_kpa,hg0275,229.6956787109375,251.20051344254856
HistGB,7,0,glass_adhesion_kpa,hg0276,160.2830810546875,145.33108504230998
HistGB,7,0,glass_adhesion_kpa,hg0277,100.89171600341797,97.84637569918668
HistGB,7,0,glass_adhesion_kpa,hg0278,91.04033660888672,80.09859547184308
HistGB,7,0,glass_adhesion_kpa,hg0279,127.67162322998047,132.043768947086
HistGB,7,0,glass_adhesion_kpa,hg0280,117.31068420410156,189.2841391538164
HistGB,7,0,glass_adhesion_kpa,hg0281,155.07431030273438,127.75827736972552
HistGB,7,0,glass_adhesion_kpa,hg0282,74.50814056396484,113.73690594044484
HistGB,7,0,glass_adhesion_kpa,hg0283,101.62773895263672,177.95981755529988
HistGB,7,0,glass_adhesion_kpa,hg0284,75.13092803955078,65.44070761674159
HistGB,7,0,glass_adhesion_kpa,hg0285,245.0955352783203,239.40786555664428
HistGB,7,0,glass_adhesion_kpa,hg0286,109.9504623413086,109.90548202264185
HistGB,7,0,glass_adhesion_kpa,hg0287,200.08493041992188,237.29263019747592
HistGB,7,0,glass_adhesion_kpa,hg0288,250.9837188720703,241.47147835718405
HistGB,7,0,glass_adhesion_kpa,hg0289,81.07572174072266,137.4504993863641
HistGB,7,0,glass_adhesion_kpa,hg0290,235.4706268310547,242.3440930148312
HistGB,7,0,glass_adhesion_kpa,hg0291,225.3927764892578,244.29317484055412
HistGB,7,0,glass_adhesion_kpa,hg0334,206.6525115966797,275.533788484292
HistGB,7,0,glass_adhesion_kpa,hg0335,193.57395935058594,155.88864284682873
HistGB,7,0,glass_adhesion_kpa,hg0336,62.22222137451172,144.93930475241854
HistGB,7,0,glass_adhesion_kpa,hg0337,147.99716186523438,193.98241556296136
HistGB,7,0,glass_adhesion_kpa,hg0338,229.75230407714844,246.0393995567021
HistGB,7,0,glass_adhesion_kpa,hg0339,232.0736083984375,245.480426196396
HistGB,7,0,glass_adhesion_kpa,hg0340,199.1224365234375,208.8496511924525
MLP,7,0,glass_adhesion_kpa,hg0274,101.34465789794922,183.25047302246094
MLP,7,0,glass_adhesion_kpa,hg0275,229.6956787109375,229.7559814453125
MLP,7,0,glass_adhesion_kpa,hg0276,160.2830810546875,128.60084533691406
MLP,7,0,glass_adhesion_kpa,hg0277,100.89171600341797,84.36580657958984
MLP,7,0,glass_adhesion_kpa,hg0278,91.04033660888672,36.987640380859375
MLP,7,0,glass_adhesion_kpa,hg0279,127.67162322998047,124.2798843383789
MLP,7,0,glass_adhesion_kpa,hg0280,117.31068420410156,209.71331787109375
MLP,7,0,glass_adhesion_kpa,hg0281,155.07431030273438,134.09030151367188
MLP,7,0,glass_adhesion_kpa,hg0282,74.50814056396484,88.26314544677734
MLP,7,0,glass_adhesion_kpa,hg0283,101.62773895263672,185.48678588867188
MLP,7,0,glass_adhesion_kpa,hg0284,75.13092803955078,123.1483383178711
MLP,7,0,glass_adhesion_kpa,hg0285,245.0955352783203,226.372314453125
MLP,7,0,glass_adhesion_kpa,hg0286,109.9504623413086,119.19741821289062
MLP,7,0,glass_adhesion_kpa,hg0287,200.08493041992188,230.39242553710938
MLP,7,0,glass_adhesion_kpa,hg0288,250.9837188720703,224.24481201171875
MLP,7,0,glass_adhesion_kpa,hg0289,81.07572174072266,111.96280670166016
MLP,7,0,glass_adhesion_kpa,hg0290,235.4706268310547,228.20468139648438
MLP,7,0,glass_adhesion_kpa,hg0291,225.3927764892578,231.24078369140625
MLP,7,0,glass_adhesion_kpa,hg0334,206.6525115966797,230.13116455078125
MLP,7,0,glass_adhesion_kpa,hg0335,193.57395935058594,169.41061401367188
MLP,7,0,glass_adhesion_kpa,hg0336,62.22222137451172,178.5802764892578
MLP,7,0,glass_adhesion_kpa,hg0337,147.99716186523438,141.64926147460938
MLP,7,0,glass_adhesion_kpa,hg0338,229.75230407714844,229.9272003173828
MLP,7,0,glass_adhesion_kpa,hg0339,232.0736083984375,224.6713104248047
MLP,7,0,glass_adhesion_kpa,hg0340,199.1224365234375,235.26234436035156
Mean,7,1,glass_adhesion_kpa,hg0274,101.34465789794922,92.36894226074219
Mean,7,1,glass_adhesion_kpa,hg0275,229.6956787109375,92.36894226074219
Mean,7,1,glass_adhesion_kpa,hg0276,160.2830810546875,92.36894226074219
Mean,7,1,glass_adhesion_kpa,hg0277,100.89171600341797,92.36894226074219
Mean,7,1,glass_adhesion_kpa,hg0278,91.04033660888672,92.36894226074219
Mean,7,1,glass_adhesion_kpa,hg0279,127.67162322998047,92.36894226074219
Mean,7,1,glass_adhesion_kpa,hg0280,117.31068420410156,92.36894226074219
Mean,7,1,glass_adhesion_kpa,hg0281,155.07431030273438,92.36894226074219
Mean,7,1,glass_adhesion_kpa,hg0282,74.50814056396484,92.36894226074219
Mean,7,1,glass_adhesion_kpa,hg0283,101.62773895263672,92.36894226074219
Mean,7,1,glass_adhesion_kpa,hg0284,75.13092803955078,92.36894226074219
Mean,7,1,glass_adhesion_kpa,hg0285,245.0955352783203,92.36894226074219
Mean,7,1,glass_adhesion_kpa,hg0286,109.9504623413086,92.36894226074219
Mean,7,1,glass_adhesion_kpa,hg0287,200.08493041992188,92.36894226074219
Mean,7,1,glass_adhesion_kpa,hg0288,250.9837188720703,92.36894226074219
Mean,7,1,glass_adhesion_kpa,hg0289,81.07572174072266,92.36894226074219
Mean,7,1,glass_adhesion_kpa,hg0290,235.4706268310547,92.36894226074219
Mean,7,1,glass_adhesion_kpa,hg0291,225.3927764892578,92.36894226074219
Mean,7,1,glass_adhesion_kpa,hg0334,206.6525115966797,92.36894226074219
Mean,7,1,glass_adhesion_kpa,hg0335,193.57395935058594,92.36894226074219
Mean,7,1,glass_adhesion_kpa,hg0336,62.22222137451172,92.36894226074219
Mean,7,1,glass_adhesion_kpa,hg0337,147.99716186523438,92.36894226074219
Mean,7,1,glass_adhesion_kpa,hg0338,229.75230407714844,92.36894226074219
Mean,7,1,glass_adhesion_kpa,hg0339,232.0736083984375,92.36894226074219
Mean,7,1,glass_adhesion_kpa,hg0340,199.1224365234375,92.36894226074219
Ridge,7,1,glass_adhesion_kpa,hg0274,101.34465789794922,168.75830078125
Ridge,7,1,glass_adhesion_kpa,hg0275,229.6956787109375,218.83456420898438
Ridge,7,1,glass_adhesion_kpa,hg0276,160.2830810546875,131.52001953125
Ridge,7,1,glass_adhesion_kpa,hg0277,100.89171600341797,82.5011215209961
Ridge,7,1,glass_adhesion_kpa,hg0278,91.04033660888672,58.66230773925781
Ridge,7,1,glass_adhesion_kpa,hg0279,127.67162322998047,137.86279296875
Ridge,7,1,glass_adhesion_kpa,hg0280,117.31068420410156,194.17950439453125
Ridge,7,1,glass_adhesion_kpa,hg0281,155.07431030273438,143.07411193847656
Ridge,7,1,glass_adhesion_kpa,hg0282,74.50814056396484,114.10010528564453
Ridge,7,1,glass_adhesion_kpa,hg0283,101.62773895263672,171.09249877929688
Ridge,7,1,glass_adhesion_kpa,hg0284,75.13092803955078,90.2900161743164
Ridge,7,1,glass_adhesion_kpa,hg0285,245.0955352783203,221.55758666992188
Ridge,7,1,glass_adhesion_kpa,hg0286,109.9504623413086,117.34889221191406
Ridge,7,1,glass_adhesion_kpa,hg0287,200.08493041992188,215.9262237548828
Ridge,7,1,glass_adhesion_kpa,hg0288,250.9837188720703,222.10833740234375
Ridge,7,1,glass_adhesion_kpa,hg0289,81.07572174072266,132.00462341308594
Ridge,7,1,glass_adhesion_kpa,hg0290,235.4706268310547,219.7623291015625
Ridge,7,1,glass_adhesion_kpa,hg0291,225.3927764892578,216.75222778320312
Ridge,7,1,glass_adhesion_kpa,hg0334,206.6525115966797,217.70748901367188
Ridge,7,1,glass_adhesion_kpa,hg0335,193.57395935058594,167.59912109375
Ridge,7,1,glass_adhesion_kpa,hg0336,62.22222137451172,140.80621337890625
Ridge,7,1,glass_adhesion_kpa,hg0337,147.99716186523438,133.70579528808594
Ridge,7,1,glass_adhesion_kpa,hg0338,229.75230407714844,218.66986083984375
Ridge,7,1,glass_adhesion_kpa,hg0339,232.0736083984375,222.51788330078125
Ridge,7,1,glass_adhesion_kpa,hg0340,199.1224365234375,202.35630798339844
ElasticNet,7,1,glass_adhesion_kpa,hg0274,101.34465789794922,168.54135131835938
ElasticNet,7,1,glass_adhesion_kpa,hg0275,229.6956787109375,218.647216796875
ElasticNet,7,1,glass_adhesion_kpa,hg0276,160.2830810546875,130.52247619628906
ElasticNet,7,1,glass_adhesion_kpa,hg0277,100.89171600341797,81.78936004638672
ElasticNet,7,1,glass_adhesion_kpa,hg0278,91.04033660888672,57.7764778137207
ElasticNet,7,1,glass_adhesion_kpa,hg0279,127.67162322998047,138.12977600097656
ElasticNet,7,1,glass_adhesion_kpa,hg0280,117.31068420410156,193.4466552734375
ElasticNet,7,1,glass_adhesion_kpa,hg0281,155.07431030273438,141.91256713867188
ElasticNet,7,1,glass_adhesion_kpa,hg0282,74.50814056396484,113.50231170654297
ElasticNet,7,1,glass_adhesion_kpa,hg0283,101.62773895263672,170.87220764160156
ElasticNet,7,1,glass_adhesion_kpa,hg0284,75.13092803955078,90.90567016601562
ElasticNet,7,1,glass_adhesion_kpa,hg0285,245.0955352783203,221.18911743164062
ElasticNet,7,1,glass_adhesion_kpa,hg0286,109.9504623413086,116.55943298339844
ElasticNet,7,1,glass_adhesion_kpa,hg0287,200.08493041992188,216.22174072265625
ElasticNet,7,1,glass_adhesion_kpa,hg0288,250.9837188720703,221.7430419921875
ElasticNet,7,1,glass_adhesion_kpa,hg0289,81.07572174072266,132.2027130126953
ElasticNet,7,1,glass_adhesion_kpa,hg0290,235.4706268310547,219.5861053466797
ElasticNet,7,1,glass_adhesion_kpa,hg0291,225.3927764892578,216.8052520751953
ElasticNet,7,1,glass_adhesion_kpa,hg0334,206.6525115966797,217.38035583496094
ElasticNet,7,1,glass_adhesion_kpa,hg0335,193.57395935058594,166.6529541015625
ElasticNet,7,1,glass_adhesion_kpa,hg0336,62.22222137451172,143.2239532470703
ElasticNet,7,1,glass_adhesion_kpa,hg0337,147.99716186523438,133.8704071044922
ElasticNet,7,1,glass_adhesion_kpa,hg0338,229.75230407714844,218.48585510253906
ElasticNet,7,1,glass_adhesion_kpa,hg0339,232.0736083984375,222.08181762695312
ElasticNet,7,1,glass_adhesion_kpa,hg0340,199.1224365234375,203.62808227539062
KNN,7,1,glass_adhesion_kpa,hg0274,101.34465789794922,166.16102854284196
KNN,7,1,glass_adhesion_kpa,hg0275,229.6956787109375,255.15887015376381
KNN,7,1,glass_adhesion_kpa,hg0276,160.2830810546875,120.28435453628254
KNN,7,1,glass_adhesion_kpa,hg0277,100.89171600341797,78.92002397906697
KNN,7,1,glass_adhesion_kpa,hg0278,91.04033660888672,88.3916734036373
KNN,7,1,glass_adhesion_kpa,hg0279,127.67162322998047,99.10444331366641
KNN,7,1,glass_adhesion_kpa,hg0280,117.31068420410156,190.20407426345395
KNN,7,1,glass_adhesion_kpa,hg0281,155.07431030273438,133.02213701783373
KNN,7,1,glass_adhesion_kpa,hg0282,74.50814056396484,110.39521622769968
KNN,7,1,glass_adhesion_kpa,hg0283,101.62773895263672,167.40498244048422
KNN,7,1,glass_adhesion_kpa,hg0284,75.13092803955078,81.26315774070873
KNN,7,1,glass_adhesion_kpa,hg0285,245.0955352783203,252.70041891275213
KNN,7,1,glass_adhesion_kpa,hg0286,109.9504623413086,109.71144903370384
KNN,7,1,glass_adhesion_kpa,hg0287,200.08493041992188,238.3525194950132
KNN,7,1,glass_adhesion_kpa,hg0288,250.9837188720703,251.43526339531704
KNN,7,1,glass_adhesion_kpa,hg0289,81.07572174072266,88.71686490816047
KNN,7,1,glass_adhesion_kpa,hg0290,235.4706268310547,255.38437012062784
KNN,7,1,glass_adhesion_kpa,hg0291,225.3927764892578,260.38974112669376
KNN,7,1,glass_adhesion_kpa,hg0334,206.6525115966797,234.99207950243033
KNN,7,1,glass_adhesion_kpa,hg0335,193.57395935058594,162.52684812402555
KNN,7,1,glass_adhesion_kpa,hg0336,62.22222137451172,179.04344768300209
KNN,7,1,glass_adhesion_kpa,hg0337,147.99716186523438,135.11961651319623
KNN,7,1,glass_adhesion_kpa,hg0338,229.75230407714844,255.30316496418607
KNN,7,1,glass_adhesion_kpa,hg0339,232.0736083984375,257.4720963189438
KNN,7,1,glass_adhesion_kpa,hg0340,199.1224365234375,235.61610533025413
SVR-RBF,7,1,glass_adhesion_kpa,hg0274,101.34465789794922,153.66061433834335
SVR-RBF,7,1,glass_adhesion_kpa,hg0275,229.6956787109375,223.42622311602952
SVR-RBF,7,1,glass_adhesion_kpa,hg0276,160.2830810546875,99.82530441784543
SVR-RBF,7,1,glass_adhesion_kpa,hg0277,100.89171600341797,83.73442534834317
SVR-RBF,7,1,glass_adhesion_kpa,hg0278,91.04033660888672,89.46334227599715
SVR-RBF,7,1,glass_adhesion_kpa,hg0279,127.67162322998047,107.02174922679306
SVR-RBF,7,1,glass_adhesion_kpa,hg0280,117.31068420410156,190.80105917040106
SVR-RBF,7,1,glass_adhesion_kpa,hg0281,155.07431030273438,112.6327890478329
SVR-RBF,7,1,glass_adhesion_kpa,hg0282,74.50814056396484,93.0226372103844
SVR-RBF,7,1,glass_adhesion_kpa,hg0283,101.62773895263672,156.8233095933706
SVR-RBF,7,1,glass_adhesion_kpa,hg0284,75.13092803955078,62.091364889924506
SVR-RBF,7,1,glass_adhesion_kpa,hg0285,245.0955352783203,226.91778049235734
SVR-RBF,7,1,glass_adhesion_kpa,hg0286,109.9504623413086,82.5680066191109
SVR-RBF,7,1,glass_adhesion_kpa,hg0287,200.08493041992188,214.19767523118264
SVR-RBF,7,1,glass_adhesion_kpa,hg0288,250.9837188720703,225.58681402063468
SVR-RBF,7,1,glass_adhesion_kpa,hg0289,81.07572174072266,99.30721043104825
SVR-RBF,7,1,glass_adhesion_kpa,hg0290,235.4706268310547,223.34441904528825
SVR-RBF,7,1,glass_adhesion_kpa,hg0291,225.3927764892578,219.35202391073813
SVR-RBF,7,1,glass_adhesion_kpa,hg0334,206.6525115966797,222.44007645875564
SVR-RBF,7,1,glass_adhesion_kpa,hg0335,193.57395935058594,155.28225732106156
SVR-RBF,7,1,glass_adhesion_kpa,hg0336,62.22222137451172,161.09974440179695
SVR-RBF,7,1,glass_adhesion_kpa,hg0337,147.99716186523438,141.32740463398375
SVR-RBF,7,1,glass_adhesion_kpa,hg0338,229.75230407714844,223.26422451310697
SVR-RBF,7,1,glass_adhesion_kpa,hg0339,232.0736083984375,227.93119103612815
SVR-RBF,7,1,glass_adhesion_kpa,hg0340,199.1224365234375,197.49404901588792
RandomForest,7,1,glass_adhesion_kpa,hg0274,101.34465789794922,181.662568276305
RandomForest,7,1,glass_adhesion_kpa,hg0275,229.6956787109375,242.24471826695222
RandomForest,7,1,glass_adhesion_kpa,hg0276,160.2830810546875,137.43677499671227
RandomForest,7,1,glass_adhesion_kpa,hg0277,100.89171600341797,94.05397912403396
RandomForest,7,1,glass_adhesion_kpa,hg0278,91.04033660888672,94.06564809717301
RandomForest,7,1,glass_adhesion_kpa,hg0279,127.67162322998047,122.96960099293307
RandomForest,7,1,glass_adhesion_kpa,hg0280,117.31068420410156,181.10520116357998
RandomForest,7,1,glass_adhesion_kpa,hg0281,155.07431030273438,140.90223522086723
RandomForest,7,1,glass_adhesion_kpa,hg0282,74.50814056396484,108.4666662351895
RandomForest,7,1,glass_adhesion_kpa,hg0283,101.62773895263672,184.53200150995656
RandomForest,7,1,glass_adhesion_kpa,hg0284,75.13092803955078,104.0861822840482
RandomForest,7,1,glass_adhesion_kpa,hg0285,245.0955352783203,238.82157231478516
RandomForest,7,1,glass_adhesion_kpa,hg0286,109.9504623413086,126.28499866139127
RandomForest,7,1,glass_adhesion_kpa,hg0287,200.08493041992188,233.89351401900728
RandomForest,7,1,glass_adhesion_kpa,hg0288,250.9837188720703,240.41379553981213
RandomForest,7,1,glass_adhesion_kpa,hg0289,81.07572174072266,121.74325583435697
RandomForest,7,1,glass_adhesion_kpa,hg0290,235.4706268310547,239.62755160083125
RandomForest,7,1,glass_adhesion_kpa,hg0291,225.3927764892578,244.14802075698017
RandomForest,7,1,glass_adhesion_kpa,hg0334,206.6525115966797,230.57116861839387
RandomForest,7,1,glass_adhesion_kpa,hg0335,193.57395935058594,144.72529136166295
RandomForest,7,1,glass_adhesion_kpa,hg0336,62.22222137451172,110.10316517435363
RandomForest,7,1,glass_adhesion_kpa,hg0337,147.99716186523438,138.55355713358907
RandomForest,7,1,glass_adhesion_kpa,hg0338,229.75230407714844,240.44095522752977
RandomForest,7,1,glass_adhesion_kpa,hg0339,232.0736083984375,241.4962536560308
RandomForest,7,1,glass_adhesion_kpa,hg0340,199.1224365234375,205.20181715621806
HistGB,7,1,glass_adhesion_kpa,hg0274,101.34465789794922,195.30303664201244
HistGB,7,1,glass_adhesion_kpa,hg0275,229.6956787109375,230.31427173260562
HistGB,7,1,glass_adhesion_kpa,hg0276,160.2830810546875,121.50725667229835
HistGB,7,1,glass_adhesion_kpa,hg0277,100.89171600341797,91.11641234284464
HistGB,7,1,glass_adhesion_kpa,hg0278,91.04033660888672,84.57784254700373
HistGB,7,1,glass_adhesion_kpa,hg0279,127.67162322998047,87.0072679895141
HistGB,7,1,glass_adhesion_kpa,hg0280,117.31068420410156,188.22856820054014
HistGB,7,1,glass_adhesion_kpa,hg0281,155.07431030273438,124.71126687787552
HistGB,7,1,glass_adhesion_kpa,hg0282,74.50814056396484,119.60198917663911
HistGB,7,1,glass_adhesion_kpa,hg0283,101.62773895263672,194.68387593990906
HistGB,7,1,glass_adhesion_kpa,hg0284,75.13092803955078,69.17135333211712
HistGB,7,1,glass_adhesion_kpa,hg0285,245.0955352783203,268.77912269071714
HistGB,7,1,glass_adhesion_kpa,hg0286,109.9504623413086,107.23310395343317
HistGB,7,1,glass_adhesion_kpa,hg0287,200.08493041992188,240.4533985224654
HistGB,7,1,glass_adhesion_kpa,hg0288,250.9837188720703,215.79878489421134
HistGB,7,1,glass_adhesion_kpa,hg0289,81.07572174072266,94.74177590083255
HistGB,7,1,glass_adhesion_kpa,hg0290,235.4706268310547,247.83328199337217
HistGB,7,1,glass_adhesion_kpa,hg0291,225.3927764892578,236.51072820549135
HistGB,7,1,glass_adhesion_kpa,hg0334,206.6525115966797,222.49804095945854
HistGB,7,1,glass_adhesion_kpa,hg0335,193.57395935058594,106.9047164122316
HistGB,7,1,glass_adhesion_kpa,hg0336,62.22222137451172,95.02393089904602
HistGB,7,1,glass_adhesion_kpa,hg0337,147.99716186523438,178.32208760667606
HistGB,7,1,glass_adhesion_kpa,hg0338,229.75230407714844,231.02445010482302
HistGB,7,1,glass_adhesion_kpa,hg0339,232.0736083984375,245.1326316570935
HistGB,7,1,glass_adhesion_kpa,hg0340,199.1224365234375,212.7172119541969
MLP,7,1,glass_adhesion_kpa,hg0274,101.34465789794922,180.95326232910156
MLP,7,1,glass_adhesion_kpa,hg0275,229.6956787109375,240.43003845214844
MLP,7,1,glass_adhesion_kpa,hg0276,160.2830810546875,158.65859985351562
MLP,7,1,glass_adhesion_kpa,hg0277,100.89171600341797,78.27137756347656
MLP,7,1,glass_adhesion_kpa,hg0278,91.04033660888672,50.246734619140625
MLP,7,1,glass_adhesion_kpa,hg0279,127.67162322998047,133.31666564941406
MLP,7,1,glass_adhesion_kpa,hg0280,117.31068420410156,222.64085388183594
MLP,7,1,glass_adhesion_kpa,hg0281,155.07431030273438,163.9692840576172
MLP,7,1,glass_adhesion_kpa,hg0282,74.50814056396484,109.0999526977539
MLP,7,1,glass_adhesion_kpa,hg0283,101.62773895263672,182.89967346191406
MLP,7,1,glass_adhesion_kpa,hg0284,75.13092803955078,153.03868103027344
MLP,7,1,glass_adhesion_kpa,hg0285,245.0955352783203,238.1614990234375
MLP,7,1,glass_adhesion_kpa,hg0286,109.9504623413086,157.027099609375
MLP,7,1,glass_adhesion_kpa,hg0287,200.08493041992188,234.45587158203125
MLP,7,1,glass_adhesion_kpa,hg0288,250.9837188720703,234.20553588867188
MLP,7,1,glass_adhesion_kpa,hg0289,81.07572174072266,121.43643951416016
MLP,7,1,glass_adhesion_kpa,hg0290,235.4706268310547,237.133056640625
MLP,7,1,glass_adhesion_kpa,hg0291,225.3927764892578,239.34622192382812
MLP,7,1,glass_adhesion_kpa,hg0334,206.6525115966797,244.9874725341797
MLP,7,1,glass_adhesion_kpa,hg0335,193.57395935058594,195.95974731445312
MLP,7,1,glass_adhesion_kpa,hg0336,62.22222137451172,162.9169158935547
MLP,7,1,glass_adhesion_kpa,hg0337,147.99716186523438,125.64937591552734
MLP,7,1,glass_adhesion_kpa,hg0338,229.75230407714844,240.7179412841797
MLP,7,1,glass_adhesion_kpa,hg0339,232.0736083984375,237.15493774414062
MLP,7,1,glass_adhesion_kpa,hg0340,199.1224365234375,239.79261779785156
Mean,7,2,glass_adhesion_kpa,hg0274,101.34465789794922,93.95914459228516
Mean,7,2,glass_adhesion_kpa,hg0275,229.6956787109375,93.95914459228516
Mean,7,2,glass_adhesion_kpa,hg0276,160.2830810546875,93.95914459228516
Mean,7,2,glass_adhesion_kpa,hg0277,100.89171600341797,93.95914459228516
Mean,7,2,glass_adhesion_kpa,hg0278,91.04033660888672,93.95914459228516
Mean,7,2,glass_adhesion_kpa,hg0279,127.67162322998047,93.95914459228516
Mean,7,2,glass_adhesion_kpa,hg0280,117.31068420410156,93.95914459228516
Mean,7,2,glass_adhesion_kpa,hg0281,155.07431030273438,93.95914459228516
Mean,7,2,glass_adhesion_kpa,hg0282,74.50814056396484,93.95914459228516
Mean,7,2,glass_adhesion_kpa,hg0283,101.62773895263672,93.95914459228516
Mean,7,2,glass_adhesion_kpa,hg0284,75.13092803955078,93.95914459228516
Mean,7,2,glass_adhesion_kpa,hg0285,245.0955352783203,93.95914459228516
Mean,7,2,glass_adhesion_kpa,hg0286,109.9504623413086,93.95914459228516
Mean,7,2,glass_adhesion_kpa,hg0287,200.08493041992188,93.95914459228516
Mean,7,2,glass_adhesion_kpa,hg0288,250.9837188720703,93.95914459228516
Mean,7,2,glass_adhesion_kpa,hg0289,81.07572174072266,93.95914459228516
Mean,7,2,glass_adhesion_kpa,hg0290,235.4706268310547,93.95914459228516
Mean,7,2,glass_adhesion_kpa,hg0291,225.3927764892578,93.95914459228516
Mean,7,2,glass_adhesion_kpa,hg0334,206.6525115966797,93.95914459228516
Mean,7,2,glass_adhesion_kpa,hg0335,193.57395935058594,93.95914459228516
Mean,7,2,glass_adhesion_kpa,hg0336,62.22222137451172,93.95914459228516
Mean,7,2,glass_adhesion_kpa,hg0337,147.99716186523438,93.95914459228516
Mean,7,2,glass_adhesion_kpa,hg0338,229.75230407714844,93.95914459228516
Mean,7,2,glass_adhesion_kpa,hg0339,232.0736083984375,93.95914459228516
Mean,7,2,glass_adhesion_kpa,hg0340,199.1224365234375,93.95914459228516
Ridge,7,2,glass_adhesion_kpa,hg0274,101.34465789794922,176.50250244140625
Ridge,7,2,glass_adhesion_kpa,hg0275,229.6956787109375,229.02516174316406
Ridge,7,2,glass_adhesion_kpa,hg0276,160.2830810546875,143.97021484375
Ridge,7,2,glass_adhesion_kpa,hg0277,100.89171600341797,98.97158813476562
Ridge,7,2,glass_adhesion_kpa,hg0278,91.04033660888672,63.06950378417969
Ridge,7,2,glass_adhesion_kpa,hg0279,127.67162322998047,143.71697998046875
Ridge,7,2,glass_adhesion_kpa,hg0280,117.31068420410156,210.83932495117188
Ridge,7,2,glass_adhesion_kpa,hg0281,155.07431030273438,158.87889099121094
Ridge,7,2,glass_adhesion_kpa,hg0282,74.50814056396484,127.45478820800781
Ridge,7,2,glass_adhesion_kpa,hg0283,101.62773895263672,179.04263305664062
Ridge,7,2,glass_adhesion_kpa,hg0284,75.13092803955078,78.46980285644531
Ridge,7,2,glass_adhesion_kpa,hg0285,245.0955352783203,229.22813415527344
Ridge,7,2,glass_adhesion_kpa,hg0286,109.9504623413086,126.14854431152344
Ridge,7,2,glass_adhesion_kpa,hg0287,200.08493041992188,225.44581604003906
Ridge,7,2,glass_adhesion_kpa,hg0288,250.9837188720703,228.36463928222656
Ridge,7,2,glass_adhesion_kpa,hg0289,81.07572174072266,139.08786010742188
Ridge,7,2,glass_adhesion_kpa,hg0290,235.4706268310547,228.5636749267578
Ridge,7,2,glass_adhesion_kpa,hg0291,225.3927764892578,227.64028930664062
Ridge,7,2,glass_adhesion_kpa,hg0334,206.6525115966797,229.4629364013672
Ridge,7,2,glass_adhesion_kpa,hg0335,193.57395935058594,179.3763427734375
Ridge,7,2,glass_adhesion_kpa,hg0336,62.22222137451172,132.59710693359375
Ridge,7,2,glass_adhesion_kpa,hg0337,147.99716186523438,138.19383239746094
Ridge,7,2,glass_adhesion_kpa,hg0338,229.75230407714844,229.02694702148438
Ridge,7,2,glass_adhesion_kpa,hg0339,232.0736083984375,228.996826171875
Ridge,7,2,glass_adhesion_kpa,hg0340,199.1224365234375,215.9300537109375
ElasticNet,7,2,glass_adhesion_kpa,hg0274,101.34465789794922,176.5068359375
ElasticNet,7,2,glass_adhesion_kpa,hg0275,229.6956787109375,229.0111541748047
ElasticNet,7,2,glass_adhesion_kpa,hg0276,160.2830810546875,143.857421875
ElasticNet,7,2,glass_adhesion_kpa,hg0277,100.89171600341797,98.77546691894531
ElasticNet,7,2,glass_adhesion_kpa,hg0278,91.04033660888672,63.11479949951172
ElasticNet,7,2,glass_adhesion_kpa,hg0279,127.67162322998047,143.69859313964844
ElasticNet,7,2,glass_adhesion_kpa,hg0280,117.31068420410156,210.75714111328125
ElasticNet,7,2,glass_adhesion_kpa,hg0281,155.07431030273438,158.749267578125
ElasticNet,7,2,glass_adhesion_kpa,hg0282,74.50814056396484,127.34378051757812
ElasticNet,7,2,glass_adhesion_kpa,hg0283,101.62773895263672,179.0465087890625
ElasticNet,7,2,glass_adhesion_kpa,hg0284,75.13092803955078,78.51910400390625
ElasticNet,7,2,glass_adhesion_kpa,hg0285,245.0955352783203,229.21200561523438
ElasticNet,7,2,glass_adhesion_kpa,hg0286,109.9504623413086,126.04827880859375
ElasticNet,7,2,glass_adhesion_kpa,hg0287,200.08493041992188,225.48025512695312
ElasticNet,7,2,glass_adhesion_kpa,hg0288,250.9837188720703,228.3604736328125
ElasticNet,7,2,glass_adhesion_kpa,hg0289,81.07572174072266,139.04879760742188
ElasticNet,7,2,glass_adhesion_kpa,hg0290,235.4706268310547,228.56141662597656
ElasticNet,7,2,glass_adhesion_kpa,hg0291,225.3927764892578,227.6432647705078
ElasticNet,7,2,glass_adhesion_kpa,hg0334,206.6525115966797,229.42483520507812
ElasticNet,7,2,glass_adhesion_kpa,hg0335,193.57395935058594,179.28237915039062
ElasticNet,7,2,glass_adhesion_kpa,hg0336,62.22222137451172,132.8253936767578
ElasticNet,7,2,glass_adhesion_kpa,hg0337,147.99716186523438,138.19915771484375
ElasticNet,7,2,glass_adhesion_kpa,hg0338,229.75230407714844,229.01210021972656
ElasticNet,7,2,glass_adhesion_kpa,hg0339,232.0736083984375,228.98008728027344
ElasticNet,7,2,glass_adhesion_kpa,hg0340,199.1224365234375,215.99114990234375
KNN,7,2,glass_adhesion_kpa,hg0274,101.34465789794922,152.604390560538
KNN,7,2,glass_adhesion_kpa,hg0275,229.6956787109375,266.9122969036237
KNN,7,2,glass_adhesion_kpa,hg0276,160.2830810546875,117.93953193434093
KNN,7,2,glass_adhesion_kpa,hg0277,100.89171600341797,76.29377134382769
KNN,7,2,glass_adhesion_kpa,hg0278,91.04033660888672,68.86106428038057
KNN,7,2,glass_adhesion_kpa,hg0279,127.67162322998047,102.97851197011384
KNN,7,2,glass_adhesion_kpa,hg0280,117.31068420410156,211.73645822055965
KNN,7,2,glass_adhesion_kpa,hg0281,155.07431030273438,140.47336986578446
KNN,7,2,glass_adhesion_kpa,hg0282,74.50814056396484,111.95358388113885
KNN,7,2,glass_adhesion_kpa,hg0283,101.62773895263672,153.82083823743548
KNN,7,2,glass_adhesion_kpa,hg0284,75.13092803955078,100.93746517525085
KNN,7,2,glass_adhesion_kpa,hg0285,245.0955352783203,272.70516377459785
KNN,7,2,glass_adhesion_kpa,hg0286,109.9504623413086,113.72002153419983
KNN,7,2,glass_adhesion_kpa,hg0287,200.08493041992188,244.94008150715698
KNN,7,2,glass_adhesion_kpa,hg0288,250.9837188720703,269.99249757906676
KNN,7,2,glass_adhesion_kpa,hg0289,81.07572174072266,90.24238608481676
KNN,7,2,glass_adhesion_kpa,hg0290,235.4706268310547,265.50552439132775
KNN,7,2,glass_adhesion_kpa,hg0291,225.3927764892578,257.21009803763513
KNN,7,2,glass_adhesion_kpa,hg0334,206.6525115966797,275.630392897141
KNN,7,2,glass_adhesion_kpa,hg0335,193.57395935058594,162.71644197193208
KNN,7,2,glass_adhesion_kpa,hg0336,62.22222137451172,149.19748697886283
KNN,7,2,glass_adhesion_kpa,hg0337,147.99716186523438,147.79667460011822
KNN,7,2,glass_adhesion_kpa,hg0338,229.75230407714844,263.02962962117795
KNN,7,2,glass_adhesion_kpa,hg0339,232.0736083984375,266.32977049585054
KNN,7,2,glass_adhesion_kpa,hg0340,199.1224365234375,234.77122795052063
SVR-RBF,7,2,glass_adhesion_kpa,hg0274,101.34465789794922,172.57720685971225
SVR-RBF,7,2,glass_adhesion_kpa,hg0275,229.6956787109375,223.81773404895097
SVR-RBF,7,2,glass_adhesion_kpa,hg0276,160.2830810546875,115.5666822914027
SVR-RBF,7,2,glass_adhesion_kpa,hg0277,100.89171600341797,119.88786339059006
SVR-RBF,7,2,glass_adhesion_kpa,hg0278,91.04033660888672,64.50827314179811
SVR-RBF,7,2,glass_adhesion_kpa,hg0279,127.67162322998047,94.84867264240303
SVR-RBF,7,2,glass_adhesion_kpa,hg0280,117.31068420410156,210.16988287891724
SVR-RBF,7,2,glass_adhesion_kpa,hg0281,155.07431030273438,152.42857069845599
SVR-RBF,7,2,glass_adhesion_kpa,hg0282,74.50814056396484,111.23613077220388
SVR-RBF,7,2,glass_adhesion_kpa,hg0283,101.62773895263672,175.8646778373846
SVR-RBF,7,2,glass_adhesion_kpa,hg0284,75.13092803955078,49.267217692498704
SVR-RBF,7,2,glass_adhesion_kpa,hg0285,245.0955352783203,224.4280962425574
SVR-RBF,7,2,glass_adhesion_kpa,hg0286,109.9504623413086,82.7171606532187
SVR-RBF,7,2,glass_adhesion_kpa,hg0287,200.08493041992188,217.38714539818199
SVR-RBF,7,2,glass_adhesion_kpa,hg0288,250.9837188720703,222.54525548182056
SVR-RBF,7,2,glass_adhesion_kpa,hg0289,81.07572174072266,87.12971197629527
SVR-RBF,7,2,glass_adhesion_kpa,hg0290,235.4706268310547,223.27462665124932
SVR-RBF,7,2,glass_adhesion_kpa,hg0291,225.3927764892578,221.47411066370643
SVR-RBF,7,2,glass_adhesion_kpa,hg0334,206.6525115966797,222.82336365543944
SVR-RBF,7,2,glass_adhesion_kpa,hg0335,193.57395935058594,171.61923696653724
SVR-RBF,7,2,glass_adhesion_kpa,hg0336,62.22222137451172,158.04349238896845
SVR-RBF,7,2,glass_adhesion_kpa,hg0337,147.99716186523438,130.22108163285628
SVR-RBF,7,2,glass_adhesion_kpa,hg0338,229.75230407714844,223.75453662089416
SVR-RBF,7,2,glass_adhesion_kpa,hg0339,232.0736083984375,223.92217655222095
SVR-RBF,7,2,glass_adhesion_kpa,hg0340,199.1224365234375,201.98716941794765
RandomForest,7,2,glass_adhesion_kpa,hg0274,101.34465789794922,182.4675219685109
RandomForest,7,2,glass_adhesion_kpa,hg0275,229.6956787109375,270.2086276192169
RandomForest,7,2,glass_adhesion_kpa,hg0276,160.2830810546875,133.66758815711057
RandomForest,7,2,glass_adhesion_kpa,hg0277,100.89171600341797,87.55794764293854
RandomForest,7,2,glass_adhesion_kpa,hg0278,91.04033660888672,86.75542698943103
RandomForest,7,2,glass_adhesion_kpa,hg0279,127.67162322998047,119.86856344047061
RandomForest,7,2,glass_adhesion_kpa,hg0280,117.31068420410156,177.6659960533226
RandomForest,7,2,glass_adhesion_kpa,hg0281,155.07431030273438,137.97991821535774
RandomForest,7,2,glass_adhesion_kpa,hg0282,74.50814056396484,108.96209705144798
RandomForest,7,2,glass_adhesion_kpa,hg0283,101.62773895263672,185.7688342447197
RandomForest,7,2,glass_adhesion_kpa,hg0284,75.13092803955078,83.82167483058971
RandomForest,7,2,glass_adhesion_kpa,hg0285,245.0955352783203,257.33008794900485
RandomForest,7,2,glass_adhesion_kpa,hg0286,109.9504623413086,115.09932086496211
RandomForest,7,2,glass_adhesion_kpa,hg0287,200.08493041992188,247.95787108908232
RandomForest,7,2,glass_adhesion_kpa,hg0288,250.9837188720703,256.59268915927106
RandomForest,7,2,glass_adhesion_kpa,hg0289,81.07572174072266,117.52980071156259
RandomForest,7,2,glass_adhesion_kpa,hg0290,235.4706268310547,269.66245792686783
RandomForest,7,2,glass_adhesion_kpa,hg0291,225.3927764892578,267.59864656451737
RandomForest,7,2,glass_adhesion_kpa,hg0334,206.6525115966797,257.31112678538113
RandomForest,7,2,glass_adhesion_kpa,hg0335,193.57395935058594,141.44778806690468
RandomForest,7,2,glass_adhesion_kpa,hg0336,62.22222137451172,120.0069112075437
RandomForest,7,2,glass_adhesion_kpa,hg0337,147.99716186523438,139.0811670875953
RandomForest,7,2,glass_adhesion_kpa,hg0338,229.75230407714844,270.3665688667332
RandomForest,7,2,glass_adhesion_kpa,hg0339,232.0736083984375,255.9509793608481
RandomForest,7,2,glass_adhesion_kpa,hg0340,199.1224365234375,209.76339976393353
HistGB,7,2,glass_adhesion_kpa,hg0274,101.34465789794922,159.89084180204262
HistGB,7,2,glass_adhesion_kpa,hg0275,229.6956787109375,268.3994544158405
HistGB,7,2,glass_adhesion_kpa,hg0276,160.2830810546875,126.79676206357476
HistGB,7,2,glass_adhesion_kpa,hg0277,100.89171600341797,79.32331046443902
HistGB,7,2,glass_adhesion_kpa,hg0278,91.04033660888672,77.60289339633644
HistGB,7,2,glass_adhesion_kpa,hg0279,127.67162322998047,106.3725329593842
HistGB,7,2,glass_adhesion_kpa,hg0280,117.31068420410156,203.4156968018554
HistGB,7,2,glass_adhesion_kpa,hg0281,155.07431030273438,120.90079647724914
HistGB,7,2,glass_adhesion_kpa,hg0282,74.50814056396484,126.40444623257994
HistGB,7,2,glass_adhesion_kpa,hg0283,101.62773895263672,162.89003730545326
HistGB,7,2,glass_adhesion_kpa,hg0284,75.13092803955078,71.57997761573296
HistGB,7,2,glass_adhesion_kpa,hg0285,245.0955352783203,263.4769830774564
HistGB,7,2,glass_adhesion_kpa,hg0286,109.9504623413086,117.97690805460788
HistGB,7,2,glass_adhesion_kpa,hg0287,200.08493041992188,258.1860000911688
HistGB,7,2,glass_adhesion_kpa,hg0288,250.9837188720703,262.232894372067
HistGB,7,2,glass_adhesion_kpa,hg0289,81.07572174072266,115.7345080010685
HistGB,7,2,glass_adhesion_kpa,hg0290,235.4706268310547,265.47081079505637
HistGB,7,2,glass_adhesion_kpa,hg0291,225.3927764892578,251.8494214312833
HistGB,7,2,glass_adhesion_kpa,hg0334,206.6525115966797,249.66289465230668
HistGB,7,2,glass_adhesion_kpa,hg0335,193.57395935058594,146.0499905698296
HistGB,7,2,glass_adhesion_kpa,hg0336,62.22222137451172,164.67063483377825
HistGB,7,2,glass_adhesion_kpa,hg0337,147.99716186523438,149.81472573132606
HistGB,7,2,glass_adhesion_kpa,hg0338,229.75230407714844,268.3994544158405
HistGB,7,2,glass_adhesion_kpa,hg0339,232.0736083984375,263.4769830774564
HistGB,7,2,glass_adhesion_kpa,hg0340,199.1224365234375,186.2688132756712
MLP,7,2,glass_adhesion_kpa,hg0274,101.34465789794922,158.91734313964844
MLP,7,2,glass_adhesion_kpa,hg0275,229.6956787109375,220.95797729492188
MLP,7,2,glass_adhesion_kpa,hg0276,160.2830810546875,97.5967025756836
MLP,7,2,glass_adhesion_kpa,hg0277,100.89171600341797,124.45268249511719
MLP,7,2,glass_adhesion_kpa,hg0278,91.04033660888672,53.217288970947266
MLP,7,2,glass_adhesion_kpa,hg0279,127.67162322998047,121.92626953125
MLP,7,2,glass_adhesion_kpa,hg0280,117.31068420410156,182.37086486816406
MLP,7,2,glass_adhesion_kpa,hg0281,155.07431030273438,102.22665405273438
MLP,7,2,glass_adhesion_kpa,hg0282,74.50814056396484,83.78097534179688
MLP,7,2,glass_adhesion_kpa,hg0283,101.62773895263672,161.50096130371094
MLP,7,2,glass_adhesion_kpa,hg0284,75.13092803955078,98.7159652709961
MLP,7,2,glass_adhesion_kpa,hg0285,245.0955352783203,218.71145629882812
MLP,7,2,glass_adhesion_kpa,hg0286,109.9504623413086,91.64081573486328
MLP,7,2,glass_adhesion_kpa,hg0287,200.08493041992188,224.89089965820312
MLP,7,2,glass_adhesion_kpa,hg0288,250.9837188720703,218.01007080078125
MLP,7,2,glass_adhesion_kpa,hg0289,81.07572174072266,113.41505432128906
MLP,7,2,glass_adhesion_kpa,hg0290,235.4706268310547,220.94635009765625
MLP,7,2,glass_adhesion_kpa,hg0291,225.3927764892578,223.0853729248047
MLP,7,2,glass_adhesion_kpa,hg0334,206.6525115966797,218.654541015625
MLP,7,2,glass_adhesion_kpa,hg0335,193.57395935058594,135.56942749023438
MLP,7,2,glass_adhesion_kpa,hg0336,62.22222137451172,159.316162109375
MLP,7,2,glass_adhesion_kpa,hg0337,147.99716186523438,121.4959487915039
MLP,7,2,glass_adhesion_kpa,hg0338,229.75230407714844,220.97024536132812
MLP,7,2,glass_adhesion_kpa,hg0339,232.0736083984375,217.65557861328125
MLP,7,2,glass_adhesion_kpa,hg0340,199.1224365234375,227.19354248046875
Mean,7,3,glass_adhesion_kpa,hg0274,101.34465789794922,92.0202865600586
Mean,7,3,glass_adhesion_kpa,hg0275,229.6956787109375,92.0202865600586
Mean,7,3,glass_adhesion_kpa,hg0276,160.2830810546875,92.0202865600586
Mean,7,3,glass_adhesion_kpa,hg0277,100.89171600341797,92.0202865600586
Mean,7,3,glass_adhesion_kpa,hg0278,91.04033660888672,92.0202865600586
Mean,7,3,glass_adhesion_kpa,hg0279,127.67162322998047,92.0202865600586
Mean,7,3,glass_adhesion_kpa,hg0280,117.31068420410156,92.0202865600586
Mean,7,3,glass_adhesion_kpa,hg0281,155.07431030273438,92.0202865600586
Mean,7,3,glass_adhesion_kpa,hg0282,74.50814056396484,92.0202865600586
Mean,7,3,glass_adhesion_kpa,hg0283,101.62773895263672,92.0202865600586
Mean,7,3,glass_adhesion_kpa,hg0284,75.13092803955078,92.0202865600586
Mean,7,3,glass_adhesion_kpa,hg0285,245.0955352783203,92.0202865600586
Mean,7,3,glass_adhesion_kpa,hg0286,109.9504623413086,92.0202865600586
Mean,7,3,glass_adhesion_kpa,hg0287,200.08493041992188,92.0202865600586
Mean,7,3,glass_adhesion_kpa,hg0288,250.9837188720703,92.0202865600586
Mean,7,3,glass_adhesion_kpa,hg0289,81.07572174072266,92.0202865600586
Mean,7,3,glass_adhesion_kpa,hg0290,235.4706268310547,92.0202865600586
Mean,7,3,glass_adhesion_kpa,hg0291,225.3927764892578,92.0202865600586
Mean,7,3,glass_adhesion_kpa,hg0334,206.6525115966797,92.0202865600586
Mean,7,3,glass_adhesion_kpa,hg0335,193.57395935058594,92.0202865600586
Mean,7,3,glass_adhesion_kpa,hg0336,62.22222137451172,92.0202865600586
Mean,7,3,glass_adhesion_kpa,hg0337,147.99716186523438,92.0202865600586
Mean,7,3,glass_adhesion_kpa,hg0338,229.75230407714844,92.0202865600586
Mean,7,3,glass_adhesion_kpa,hg0339,232.0736083984375,92.0202865600586
Mean,7,3,glass_adhesion_kpa,hg0340,199.1224365234375,92.0202865600586
Ridge,7,3,glass_adhesion_kpa,hg0274,101.34465789794922,173.40106201171875
Ridge,7,3,glass_adhesion_kpa,hg0275,229.6956787109375,220.45736694335938
Ridge,7,3,glass_adhesion_kpa,hg0276,160.2830810546875,123.57498168945312
Ridge,7,3,glass_adhesion_kpa,hg0277,100.89171600341797,79.02092742919922
Ridge,7,3,glass_adhesion_kpa,hg0278,91.04033660888672,64.97616577148438
Ridge,7,3,glass_adhesion_kpa,hg0279,127.67162322998047,145.77005004882812
Ridge,7,3,glass_adhesion_kpa,hg0280,117.31068420410156,192.7289276123047
Ridge,7,3,glass_adhesion_kpa,hg0281,155.07431030273438,133.6643524169922
Ridge,7,3,glass_adhesion_kpa,hg0282,74.50814056396484,110.07960510253906
Ridge,7,3,glass_adhesion_kpa,hg0283,101.62773895263672,175.63311767578125
Ridge,7,3,glass_adhesion_kpa,hg0284,75.13092803955078,97.89705657958984
Ridge,7,3,glass_adhesion_kpa,hg0285,245.0955352783203,218.47207641601562
Ridge,7,3,glass_adhesion_kpa,hg0286,109.9504623413086,110.27096557617188
Ridge,7,3,glass_adhesion_kpa,hg0287,200.08493041992188,225.26141357421875
Ridge,7,3,glass_adhesion_kpa,hg0288,250.9837188720703,218.33572387695312
Ridge,7,3,glass_adhesion_kpa,hg0289,81.07572174072266,142.227294921875
Ridge,7,3,glass_adhesion_kpa,hg0290,235.4706268310547,220.93777465820312
Ridge,7,3,glass_adhesion_kpa,hg0291,225.3927764892578,222.65756225585938
Ridge,7,3,glass_adhesion_kpa,hg0334,206.6525115966797,217.7706298828125
Ridge,7,3,glass_adhesion_kpa,hg0335,193.57395935058594,161.1681671142578
Ridge,7,3,glass_adhesion_kpa,hg0336,62.22222137451172,173.88584899902344
Ridge,7,3,glass_adhesion_kpa,hg0337,147.99716186523438,143.47982788085938
Ridge,7,3,glass_adhesion_kpa,hg0338,229.75230407714844,220.4307861328125
Ridge,7,3,glass_adhesion_kpa,hg0339,232.0736083984375,217.302978515625
Ridge,7,3,glass_adhesion_kpa,hg0340,199.1224365234375,224.55502319335938
ElasticNet,7,3,glass_adhesion_kpa,hg0274,101.34465789794922,171.501708984375
ElasticNet,7,3,glass_adhesion_kpa,hg0275,229.6956787109375,215.79640197753906
ElasticNet,7,3,glass_adhesion_kpa,hg0276,160.2830810546875,124.76162719726562
ElasticNet,7,3,glass_adhesion_kpa,hg0277,100.89171600341797,78.20304107666016
ElasticNet,7,3,glass_adhesion_kpa,hg0278,91.04033660888672,67.3382568359375
ElasticNet,7,3,glass_adhesion_kpa,hg0279,127.67162322998047,143.85629272460938
ElasticNet,7,3,glass_adhesion_kpa,hg0280,117.31068420410156,190.83572387695312
ElasticNet,7,3,glass_adhesion_kpa,hg0281,155.07431030273438,134.89862060546875
ElasticNet,7,3,glass_adhesion_kpa,hg0282,74.50814056396484,110.2987289428711
ElasticNet,7,3,glass_adhesion_kpa,hg0283,101.62773895263672,173.59344482421875
ElasticNet,7,3,glass_adhesion_kpa,hg0284,75.13092803955078,100.21598815917969
ElasticNet,7,3,glass_adhesion_kpa,hg0285,245.0955352783203,213.60580444335938
ElasticNet,7,3,glass_adhesion_kpa,hg0286,109.9504623413086,111.81472778320312
ElasticNet,7,3,glass_adhesion_kpa,hg0287,200.08493041992188,219.89295959472656
ElasticNet,7,3,glass_adhesion_kpa,hg0288,250.9837188720703,213.117431640625
ElasticNet,7,3,glass_adhesion_kpa,hg0289,81.07572174072266,140.43228149414062
ElasticNet,7,3,glass_adhesion_kpa,hg0290,235.4706268310547,215.92791748046875
ElasticNet,7,3,glass_adhesion_kpa,hg0291,225.3927764892578,217.84152221679688
ElasticNet,7,3,glass_adhesion_kpa,hg0334,206.6525115966797,213.72140502929688
ElasticNet,7,3,glass_adhesion_kpa,hg0335,193.57395935058594,161.61383056640625
ElasticNet,7,3,glass_adhesion_kpa,hg0336,62.22222137451172,171.44369506835938
ElasticNet,7,3,glass_adhesion_kpa,hg0337,147.99716186523438,143.0001678466797
ElasticNet,7,3,glass_adhesion_kpa,hg0338,229.75230407714844,215.80319213867188
ElasticNet,7,3,glass_adhesion_kpa,hg0339,232.0736083984375,212.36224365234375
ElasticNet,7,3,glass_adhesion_kpa,hg0340,199.1224365234375,219.99647521972656
KNN,7,3,glass_adhesion_kpa,hg0274,101.34465789794922,160.68914153947955
KNN,7,3,glass_adhesion_kpa,hg0275,229.6956787109375,300.2624242017794
KNN,7,3,glass_adhesion_kpa,hg0276,160.2830810546875,95.70560412563547
KNN,7,3,glass_adhesion_kpa,hg0277,100.89171600341797,85.57621988942651
KNN,7,3,glass_adhesion_kpa,hg0278,91.04033660888672,95.5883208969983
KNN,7,3,glass_adhesion_kpa,hg0279,127.67162322998047,120.48745406780425
KNN,7,3,glass_adhesion_kpa,hg0280,117.31068420410156,188.66332107801185
KNN,7,3,glass_adhesion_kpa,hg0281,155.07431030273438,138.42471878491858
KNN,7,3,glass_adhesion_kpa,hg0282,74.50814056396484,79.03462190190753
KNN,7,3,glass_adhesion_kpa,hg0283,101.62773895263672,173.77343498974028
KNN,7,3,glass_adhesion_kpa,hg0284,75.13092803955078,80.60419385148401
KNN,7,3,glass_adhesion_kpa,hg0285,245.0955352783203,303.2438856512907
KNN,7,3,glass_adhesion_kpa,hg0286,109.9504623413086,93.49397054415614
KNN,7,3,glass_adhesion_kpa,hg0287,200.08493041992188,246.0243016038405
KNN,7,3,glass_adhesion_kpa,hg0288,250.9837188720703,262.90932933660355
KNN,7,3,glass_adhesion_kpa,hg0289,81.07572174072266,98.01328275241345
KNN,7,3,glass_adhesion_kpa,hg0290,235.4706268310547,281.61809509400604
KNN,7,3,glass_adhesion_kpa,hg0291,225.3927764892578,269.55638818735315
KNN,7,3,glass_adhesion_kpa,hg0334,206.6525115966797,294.57318760415575
KNN,7,3,glass_adhesion_kpa,hg0335,193.57395935058594,155.5423413059696
KNN,7,3,glass_adhesion_kpa,hg0336,62.22222137451172,178.9986912468292
KNN,7,3,glass_adhesion_kpa,hg0337,147.99716186523438,135.41206941192237
KNN,7,3,glass_adhesion_kpa,hg0338,229.75230407714844,294.5791597594213
KNN,7,3,glass_adhesion_kpa,hg0339,232.0736083984375,267.32768523131716
KNN,7,3,glass_adhesion_kpa,hg0340,199.1224365234375,226.55068017883713
SVR-RBF,7,3,glass_adhesion_kpa,hg0274,101.34465789794922,154.02536756475513
SVR-RBF,7,3,glass_adhesion_kpa,hg0275,229.6956787109375,236.3876133738513
SVR-RBF,7,3,glass_adhesion_kpa,hg0276,160.2830810546875,90.24985279950857
SVR-RBF,7,3,glass_adhesion_kpa,hg0277,100.89171600341797,100.5315321944054
SVR-RBF,7,3,glass_adhesion_kpa,hg0278,91.04033660888672,56.00393310744525
SVR-RBF,7,3,glass_adhesion_kpa,hg0279,127.67162322998047,107.52227428880758
SVR-RBF,7,3,glass_adhesion_kpa,hg0280,117.31068420410156,189.8198776416446
SVR-RBF,7,3,glass_adhesion_kpa,hg0281,155.07431030273438,117.83966395649841
SVR-RBF,7,3,glass_adhesion_kpa,hg0282,74.50814056396484,102.80473150282398
SVR-RBF,7,3,glass_adhesion_kpa,hg0283,101.62773895263672,158.35430266534973
SVR-RBF,7,3,glass_adhesion_kpa,hg0284,75.13092803955078,46.50696321965668
SVR-RBF,7,3,glass_adhesion_kpa,hg0285,245.0955352783203,236.6482977383729
SVR-RBF,7,3,glass_adhesion_kpa,hg0286,109.9504623413086,69.67345364799834
SVR-RBF,7,3,glass_adhesion_kpa,hg0287,200.08493041992188,240.78587297540435
SVR-RBF,7,3,glass_adhesion_kpa,hg0288,250.9837188720703,237.77128448141457
SVR-RBF,7,3,glass_adhesion_kpa,hg0289,81.07572174072266,108.88475976445648
SVR-RBF,7,3,glass_adhesion_kpa,hg0290,235.4706268310547,238.77644693225403
SVR-RBF,7,3,glass_adhesion_kpa,hg0291,225.3927764892578,237.58597711265202
SVR-RBF,7,3,glass_adhesion_kpa,hg0334,206.6525115966797,229.88568922289278
SVR-RBF,7,3,glass_adhesion_kpa,hg0335,193.57395935058594,154.9265466006085
SVR-RBF,7,3,glass_adhesion_kpa,hg0336,62.22222137451172,119.85216074531002
SVR-RBF,7,3,glass_adhesion_kpa,hg0337,147.99716186523438,131.56780382805476
SVR-RBF,7,3,glass_adhesion_kpa,hg0338,229.75230407714844,236.10615336059715
SVR-RBF,7,3,glass_adhesion_kpa,hg0339,232.0736083984375,235.93295459471693
SVR-RBF,7,3,glass_adhesion_kpa,hg0340,199.1224365234375,224.76580717153848
RandomForest,7,3,glass_adhesion_kpa,hg0274,101.34465789794922,182.04948408165757
RandomForest,7,3,glass_adhesion_kpa,hg0275,229.6956787109375,275.2205907082071
RandomForest,7,3,glass_adhesion_kpa,hg0276,160.2830810546875,124.26592759161579
RandomForest,7,3,glass_adhesion_kpa,hg0277,100.89171600341797,93.8869105081169
RandomForest,7,3,glass_adhesion_kpa,hg0278,91.04033660888672,82.80428072530397
RandomForest,7,3,glass_adhesion_kpa,hg0279,127.67162322998047,130.36116521407146
RandomForest,7,3,glass_adhesion_kpa,hg0280,117.31068420410156,178.91301018851144
RandomForest,7,3,glass_adhesion_kpa,hg0281,155.07431030273438,133.4270412946234
RandomForest,7,3,glass_adhesion_kpa,hg0282,74.50814056396484,111.2513819169025
RandomForest,7,3,glass_adhesion_kpa,hg0283,101.62773895263672,183.42724442773937
RandomForest,7,3,glass_adhesion_kpa,hg0284,75.13092803955078,78.80480070260106
RandomForest,7,3,glass_adhesion_kpa,hg0285,245.0955352783203,247.26305018833705
RandomForest,7,3,glass_adhesion_kpa,hg0286,109.9504623413086,106.9604980113555
RandomForest,7,3,glass_adhesion_kpa,hg0287,200.08493041992188,251.42718138402822
RandomForest,7,3,glass_adhesion_kpa,hg0288,250.9837188720703,240.5850018248266
RandomForest,7,3,glass_adhesion_kpa,hg0289,81.07572174072266,129.3741782519282
RandomForest,7,3,glass_adhesion_kpa,hg0290,235.4706268310547,273.95074391267735
RandomForest,7,3,glass_adhesion_kpa,hg0291,225.3927764892578,262.7504959417849
RandomForest,7,3,glass_adhesion_kpa,hg0334,206.6525115966797,272.08700393365353
RandomForest,7,3,glass_adhesion_kpa,hg0335,193.57395935058594,146.39028156825475
RandomForest,7,3,glass_adhesion_kpa,hg0336,62.22222137451172,158.14954554426427
RandomForest,7,3,glass_adhesion_kpa,hg0337,147.99716186523438,144.1001777026118
RandomForest,7,3,glass_adhesion_kpa,hg0338,229.75230407714844,275.3218090446628
RandomForest,7,3,glass_adhesion_kpa,hg0339,232.0736083984375,237.78395743856623
RandomForest,7,3,glass_adhesion_kpa,hg0340,199.1224365234375,203.54446467964016
HistGB,7,3,glass_adhesion_kpa,hg0274,101.34465789794922,174.621505783999
HistGB,7,3,glass_adhesion_kpa,hg0275,229.6956787109375,281.0300461970429
HistGB,7,3,glass_adhesion_kpa,hg0276,160.2830810546875,88.9761090481408
HistGB,7,3,glass_adhesion_kpa,hg0277,100.89171600341797,92.72105477221334
HistGB,7,3,glass_adhesion_kpa,hg0278,91.04033660888672,101.48588007323956
HistGB,7,3,glass_adhesion_kpa,hg0279,127.67162322998047,137.83631026783078
HistGB,7,3,glass_adhesion_kpa,hg0280,117.31068420410156,175.86810333298908
HistGB,7,3,glass_adhesion_kpa,hg0281,155.07431030273438,119.84484158198873
HistGB,7,3,glass_adhesion_kpa,hg0282,74.50814056396484,100.88274634113927
HistGB,7,3,glass_adhesion_kpa,hg0283,101.62773895263672,175.37490054470925
HistGB,7,3,glass_adhesion_kpa,hg0284,75.13092803955078,66.26200940151462
HistGB,7,3,glass_adhesion_kpa,hg0285,245.0955352783203,271.32837222858313
HistGB,7,3,glass_adhesion_kpa,hg0286,109.9504623413086,78.042878362223
HistGB,7,3,glass_adhesion_kpa,hg0287,200.08493041992188,251.19887296397806
HistGB,7,3,glass_adhesion_kpa,hg0288,250.9837188720703,266.50222039540495
HistGB,7,3,glass_adhesion_kpa,hg0289,81.07572174072266,138.9570582090078
HistGB,7,3,glass_adhesion_kpa,hg0290,235.4706268310547,285.4661356485574
HistGB,7,3,glass_adhesion_kpa,hg0291,225.3927764892578,260.4736327317334
HistGB,7,3,glass_adhesion_kpa,hg0334,206.6525115966797,230.20496179248823
HistGB,7,3,glass_adhesion_kpa,hg0335,193.57395935058594,164.1734176512973
HistGB,7,3,glass_adhesion_kpa,hg0336,62.22222137451172,171.47071363598508
HistGB,7,3,glass_adhesion_kpa,hg0337,147.99716186523438,154.85348146845013
HistGB,7,3,glass_adhesion_kpa,hg0338,229.75230407714844,281.0300461970429
HistGB,7,3,glass_adhesion_kpa,hg0339,232.0736083984375,273.2106913386626
HistGB,7,3,glass_adhesion_kpa,hg0340,199.1224365234375,193.613837315892
MLP,7,3,glass_adhesion_kpa,hg0274,101.34465789794922,174.6522216796875
MLP,7,3,glass_adhesion_kpa,hg0275,229.6956787109375,245.63870239257812
MLP,7,3,glass_adhesion_kpa,hg0276,160.2830810546875,97.83636474609375
MLP,7,3,glass_adhesion_kpa,hg0277,100.89171600341797,111.52485656738281
MLP,7,3,glass_adhesion_kpa,hg0278,91.04033660888672,51.091087341308594
MLP,7,3,glass_adhesion_kpa,hg0279,127.67162322998047,138.13385009765625
MLP,7,3,glass_adhesion_kpa,hg0280,117.31068420410156,194.40870666503906
MLP,7,3,glass_adhesion_kpa,hg0281,155.07431030273438,107.20170593261719
MLP,7,3,glass_adhesion_kpa,hg0282,74.50814056396484,90.44338989257812
MLP,7,3,glass_adhesion_kpa,hg0283,101.62773895263672,177.83558654785156
MLP,7,3,glass_adhesion_kpa,hg0284,75.13092803955078,85.11157989501953
MLP,7,3,glass_adhesion_kpa,hg0285,245.0955352783203,244.50479125976562
MLP,7,3,glass_adhesion_kpa,hg0286,109.9504623413086,87.26641082763672
MLP,7,3,glass_adhesion_kpa,hg0287,200.08493041992188,251.6841278076172
MLP,7,3,glass_adhesion_kpa,hg0288,250.9837188720703,245.21546936035156
MLP,7,3,glass_adhesion_kpa,hg0289,81.07572174072266,131.61703491210938
MLP,7,3,glass_adhesion_kpa,hg0290,235.4706268310547,247.05796813964844
MLP,7,3,glass_adhesion_kpa,hg0291,225.3927764892578,247.90313720703125
MLP,7,3,glass_adhesion_kpa,hg0334,206.6525115966797,240.8432159423828
MLP,7,3,glass_adhesion_kpa,hg0335,193.57395935058594,143.4949188232422
MLP,7,3,glass_adhesion_kpa,hg0336,62.22222137451172,169.03224182128906
MLP,7,3,glass_adhesion_kpa,hg0337,147.99716186523438,135.90736389160156
MLP,7,3,glass_adhesion_kpa,hg0338,229.75230407714844,245.48919677734375
MLP,7,3,glass_adhesion_kpa,hg0339,232.0736083984375,243.6076202392578
MLP,7,3,glass_adhesion_kpa,hg0340,199.1224365234375,247.15306091308594
Mean,7,4,glass_adhesion_kpa,hg0274,101.34465789794922,92.55848693847656
Mean,7,4,glass_adhesion_kpa,hg0275,229.6956787109375,92.55848693847656
Mean,7,4,glass_adhesion_kpa,hg0276,160.2830810546875,92.55848693847656
Mean,7,4,glass_adhesion_kpa,hg0277,100.89171600341797,92.55848693847656
Mean,7,4,glass_adhesion_kpa,hg0278,91.04033660888672,92.55848693847656
Mean,7,4,glass_adhesion_kpa,hg0279,127.67162322998047,92.55848693847656
Mean,7,4,glass_adhesion_kpa,hg0280,117.31068420410156,92.55848693847656
Mean,7,4,glass_adhesion_kpa,hg0281,155.07431030273438,92.55848693847656
Mean,7,4,glass_adhesion_kpa,hg0282,74.50814056396484,92.55848693847656
Mean,7,4,glass_adhesion_kpa,hg0283,101.62773895263672,92.55848693847656
Mean,7,4,glass_adhesion_kpa,hg0284,75.13092803955078,92.55848693847656
Mean,7,4,glass_adhesion_kpa,hg0285,245.0955352783203,92.55848693847656
Mean,7,4,glass_adhesion_kpa,hg0286,109.9504623413086,92.55848693847656
Mean,7,4,glass_adhesion_kpa,hg0287,200.08493041992188,92.55848693847656
Mean,7,4,glass_adhesion_kpa,hg0288,250.9837188720703,92.55848693847656
Mean,7,4,glass_adhesion_kpa,hg0289,81.07572174072266,92.55848693847656
Mean,7,4,glass_adhesion_kpa,hg0290,235.4706268310547,92.55848693847656
Mean,7,4,glass_adhesion_kpa,hg0291,225.3927764892578,92.55848693847656
Mean,7,4,glass_adhesion_kpa,hg0334,206.6525115966797,92.55848693847656
Mean,7,4,glass_adhesion_kpa,hg0335,193.57395935058594,92.55848693847656
Mean,7,4,glass_adhesion_kpa,hg0336,62.22222137451172,92.55848693847656
Mean,7,4,glass_adhesion_kpa,hg0337,147.99716186523438,92.55848693847656
Mean,7,4,glass_adhesion_kpa,hg0338,229.75230407714844,92.55848693847656
Mean,7,4,glass_adhesion_kpa,hg0339,232.0736083984375,92.55848693847656
Mean,7,4,glass_adhesion_kpa,hg0340,199.1224365234375,92.55848693847656
Ridge,7,4,glass_adhesion_kpa,hg0274,101.34465789794922,176.22669982910156
Ridge,7,4,glass_adhesion_kpa,hg0275,229.6956787109375,229.25440979003906
Ridge,7,4,glass_adhesion_kpa,hg0276,160.2830810546875,134.96800231933594
Ridge,7,4,glass_adhesion_kpa,hg0277,100.89171600341797,82.49124908447266
Ridge,7,4,glass_adhesion_kpa,hg0278,91.04033660888672,63.70790100097656
Ridge,7,4,glass_adhesion_kpa,hg0279,127.67162322998047,140.422119140625
Ridge,7,4,glass_adhesion_kpa,hg0280,117.31068420410156,204.16880798339844
Ridge,7,4,glass_adhesion_kpa,hg0281,155.07431030273438,150.45863342285156
Ridge,7,4,glass_adhesion_kpa,hg0282,74.50814056396484,116.79972839355469
Ridge,7,4,glass_adhesion_kpa,hg0283,101.62773895263672,178.78536987304688
Ridge,7,4,glass_adhesion_kpa,hg0284,75.13092803955078,81.84579467773438
Ridge,7,4,glass_adhesion_kpa,hg0285,245.0955352783203,230.81324768066406
Ridge,7,4,glass_adhesion_kpa,hg0286,109.9504623413086,117.4803695678711
Ridge,7,4,glass_adhesion_kpa,hg0287,200.08493041992188,227.0979461669922
Ridge,7,4,glass_adhesion_kpa,hg0288,250.9837188720703,230.99114990234375
Ridge,7,4,glass_adhesion_kpa,hg0289,81.07572174072266,133.5879669189453
Ridge,7,4,glass_adhesion_kpa,hg0290,235.4706268310547,229.91549682617188
Ridge,7,4,glass_adhesion_kpa,hg0291,225.3927764892578,227.72259521484375
Ridge,7,4,glass_adhesion_kpa,hg0334,206.6525115966797,228.2222442626953
Ridge,7,4,glass_adhesion_kpa,hg0335,193.57395935058594,177.53176879882812
Ridge,7,4,glass_adhesion_kpa,hg0336,62.22222137451172,134.91018676757812
Ridge,7,4,glass_adhesion_kpa,hg0337,147.99716186523438,139.10549926757812
Ridge,7,4,glass_adhesion_kpa,hg0338,229.75230407714844,229.13262939453125
Ridge,7,4,glass_adhesion_kpa,hg0339,232.0736083984375,231.1278839111328
Ridge,7,4,glass_adhesion_kpa,hg0340,199.1224365234375,212.84219360351562
ElasticNet,7,4,glass_adhesion_kpa,hg0274,101.34465789794922,176.3631134033203
ElasticNet,7,4,glass_adhesion_kpa,hg0275,229.6956787109375,228.80979919433594
ElasticNet,7,4,glass_adhesion_kpa,hg0276,160.2830810546875,133.44549560546875
ElasticNet,7,4,glass_adhesion_kpa,hg0277,100.89171600341797,82.54615020751953
ElasticNet,7,4,glass_adhesion_kpa,hg0278,91.04033660888672,63.21003723144531
ElasticNet,7,4,glass_adhesion_kpa,hg0279,127.67162322998047,140.50489807128906
ElasticNet,7,4,glass_adhesion_kpa,hg0280,117.31068420410156,203.3414306640625
ElasticNet,7,4,glass_adhesion_kpa,hg0281,155.07431030273438,148.37588500976562
ElasticNet,7,4,glass_adhesion_kpa,hg0282,74.50814056396484,116.21450805664062
ElasticNet,7,4,glass_adhesion_kpa,hg0283,101.62773895263672,178.90078735351562
ElasticNet,7,4,glass_adhesion_kpa,hg0284,75.13092803955078,82.96243286132812
ElasticNet,7,4,glass_adhesion_kpa,hg0285,245.0955352783203,230.0722198486328
ElasticNet,7,4,glass_adhesion_kpa,hg0286,109.9504623413086,116.26273345947266
ElasticNet,7,4,glass_adhesion_kpa,hg0287,200.08493041992188,227.68020629882812
ElasticNet,7,4,glass_adhesion_kpa,hg0288,250.9837188720703,230.38430786132812
ElasticNet,7,4,glass_adhesion_kpa,hg0289,81.07572174072266,133.16773986816406
ElasticNet,7,4,glass_adhesion_kpa,hg0290,235.4706268310547,229.55320739746094
ElasticNet,7,4,glass_adhesion_kpa,hg0291,225.3927764892578,227.78250122070312
ElasticNet,7,4,glass_adhesion_kpa,hg0334,206.6525115966797,227.44793701171875
ElasticNet,7,4,glass_adhesion_kpa,hg0335,193.57395935058594,175.38601684570312
ElasticNet,7,4,glass_adhesion_kpa,hg0336,62.22222137451172,141.7041778564453
ElasticNet,7,4,glass_adhesion_kpa,hg0337,147.99716186523438,139.66847229003906
ElasticNet,7,4,glass_adhesion_kpa,hg0338,229.75230407714844,228.69137573242188
ElasticNet,7,4,glass_adhesion_kpa,hg0339,232.0736083984375,230.30458068847656
ElasticNet,7,4,glass_adhesion_kpa,hg0340,199.1224365234375,215.80746459960938
KNN,7,4,glass_adhesion_kpa,hg0274,101.34465789794922,145.90743874926113
KNN,7,4,glass_adhesion_kpa,hg0275,229.6956787109375,265.3873280730873
KNN,7,4,glass_adhesion_kpa,hg0276,160.2830810546875,117.87164245680927
KNN,7,4,glass_adhesion_kpa,hg0277,100.89171600341797,83.23340272383176
KNN,7,4,glass_adhesion_kpa,hg0278,91.04033660888672,65.06616433023
KNN,7,4,glass_adhesion_kpa,hg0279,127.67162322998047,100.39158466568588
KNN,7,4,glass_adhesion_kpa,hg0280,117.31068420410156,213.87814343443677
KNN,7,4,glass_adhesion_kpa,hg0281,155.07431030273438,127.35628237827845
KNN,7,4,glass_adhesion_kpa,hg0282,74.50814056396484,116.98249058507037
KNN,7,4,glass_adhesion_kpa,hg0283,101.62773895263672,145.94395064907158
KNN,7,4,glass_adhesion_kpa,hg0284,75.13092803955078,97.9593074522088
KNN,7,4,glass_adhesion_kpa,hg0285,245.0955352783203,267.5280591082596
KNN,7,4,glass_adhesion_kpa,hg0286,109.9504623413086,111.66543933467281
KNN,7,4,glass_adhesion_kpa,hg0287,200.08493041992188,241.98804118641357
KNN,7,4,glass_adhesion_kpa,hg0288,250.9837188720703,267.92083773472456
KNN,7,4,glass_adhesion_kpa,hg0289,81.07572174072266,93.36613221827362
KNN,7,4,glass_adhesion_kpa,hg0290,235.4706268310547,263.40917921014415
KNN,7,4,glass_adhesion_kpa,hg0291,225.3927764892578,255.66132859519726
KNN,7,4,glass_adhesion_kpa,hg0334,206.6525115966797,274.83585999206275
KNN,7,4,glass_adhesion_kpa,hg0335,193.57395935058594,166.1745969097706
KNN,7,4,glass_adhesion_kpa,hg0336,62.22222137451172,144.43125633475233
KNN,7,4,glass_adhesion_kpa,hg0337,147.99716186523438,163.61092024963204
KNN,7,4,glass_adhesion_kpa,hg0338,229.75230407714844,266.3915974753255
KNN,7,4,glass_adhesion_kpa,hg0339,232.0736083984375,263.918579410536
KNN,7,4,glass_adhesion_kpa,hg0340,199.1224365234375,236.27545345186246
SVR-RBF,7,4,glass_adhesion_kpa,hg0274,101.34465789794922,149.69892466785834
SVR-RBF,7,4,glass_adhesion_kpa,hg0275,229.6956787109375,229.7270959100467
SVR-RBF,7,4,glass_adhesion_kpa,hg0276,160.2830810546875,105.40105983503143
SVR-RBF,7,4,glass_adhesion_kpa,hg0277,100.89171600341797,94.1231890059664
SVR-RBF,7,4,glass_adhesion_kpa,hg0278,91.04033660888672,54.9957808813523
SVR-RBF,7,4,glass_adhesion_kpa,hg0279,127.67162322998047,90.24185105960204
SVR-RBF,7,4,glass_adhesion_kpa,hg0280,117.31068420410156,202.62455594419689
SVR-RBF,7,4,glass_adhesion_kpa,hg0281,155.07431030273438,141.95193923781144
SVR-RBF,7,4,glass_adhesion_kpa,hg0282,74.50814056396484,128.12983489292301
SVR-RBF,7,4,glass_adhesion_kpa,hg0283,101.62773895263672,153.22834053096923
SVR-RBF,7,4,glass_adhesion_kpa,hg0284,75.13092803955078,45.663860789540436
SVR-RBF,7,4,glass_adhesion_kpa,hg0285,245.0955352783203,232.369288435475
SVR-RBF,7,4,glass_adhesion_kpa,hg0286,109.9504623413086,78.13772843800068
SVR-RBF,7,4,glass_adhesion_kpa,hg0287,200.08493041992188,218.55066771377207
SVR-RBF,7,4,glass_adhesion_kpa,hg0288,250.9837188720703,230.25973354022992
SVR-RBF,7,4,glass_adhesion_kpa,hg0289,81.07572174072266,85.90065674194962
SVR-RBF,7,4,glass_adhesion_kpa,hg0290,235.4706268310547,228.85910908616697
SVR-RBF,7,4,glass_adhesion_kpa,hg0291,225.3927764892578,224.93662514599814
SVR-RBF,7,4,glass_adhesion_kpa,hg0334,206.6525115966797,230.70055650581307
SVR-RBF,7,4,glass_adhesion_kpa,hg0335,193.57395935058594,174.89340441600112
SVR-RBF,7,4,glass_adhesion_kpa,hg0336,62.22222137451172,109.8710387508536
SVR-RBF,7,4,glass_adhesion_kpa,hg0337,147.99716186523438,122.70462876337503
SVR-RBF,7,4,glass_adhesion_kpa,hg0338,229.75230407714844,229.64877672309794
SVR-RBF,7,4,glass_adhesion_kpa,hg0339,232.0736083984375,232.77384112261709
SVR-RBF,7,4,glass_adhesion_kpa,hg0340,199.1224365234375,197.4203256987466
RandomForest,7,4,glass_adhesion_kpa,hg0274,101.34465789794922,177.10170885745256
RandomForest,7,4,glass_adhesion_kpa,hg0275,229.6956787109375,271.3453870840587
RandomForest,7,4,glass_adhesion_kpa,hg0276,160.2830810546875,132.4187883024527
RandomForest,7,4,glass_adhesion_kpa,hg0277,100.89171600341797,97.95058569963076
RandomForest,7,4,glass_adhesion_kpa,hg0278,91.04033660888672,83.92087053968814
RandomForest,7,4,glass_adhesion_kpa,hg0279,127.67162322998047,124.75584289693829
RandomForest,7,4,glass_adhesion_kpa,hg0280,117.31068420410156,167.75393122332363
RandomForest,7,4,glass_adhesion_kpa,hg0281,155.07431030273438,133.66409576481402
RandomForest,7,4,glass_adhesion_kpa,hg0282,74.50814056396484,108.93985798785893
RandomForest,7,4,glass_adhesion_kpa,hg0283,101.62773895263672,178.38714370936137
RandomForest,7,4,glass_adhesion_kpa,hg0284,75.13092803955078,94.43718847617521
RandomForest,7,4,glass_adhesion_kpa,hg0285,245.0955352783203,259.1752816577389
RandomForest,7,4,glass_adhesion_kpa,hg0286,109.9504623413086,112.28237972285758
RandomForest,7,4,glass_adhesion_kpa,hg0287,200.08493041992188,249.47552602474738
RandomForest,7,4,glass_adhesion_kpa,hg0288,250.9837188720703,260.21565058272085
RandomForest,7,4,glass_adhesion_kpa,hg0289,81.07572174072266,124.84649266487077
RandomForest,7,4,glass_adhesion_kpa,hg0290,235.4706268310547,270.3566941802792
RandomForest,7,4,glass_adhesion_kpa,hg0291,225.3927764892578,267.9377588579389
RandomForest,7,4,glass_adhesion_kpa,hg0334,206.6525115966797,262.3151770407898
RandomForest,7,4,glass_adhesion_kpa,hg0335,193.57395935058594,133.86085622743238
RandomForest,7,4,glass_adhesion_kpa,hg0336,62.22222137451172,107.31499152828874
RandomForest,7,4,glass_adhesion_kpa,hg0337,147.99716186523438,134.332028380957
RandomForest,7,4,glass_adhesion_kpa,hg0338,229.75230407714844,271.5514420797015
RandomForest,7,4,glass_adhesion_kpa,hg0339,232.0736083984375,259.91475749794324
RandomForest,7,4,glass_adhesion_kpa,hg0340,199.1224365234375,204.26352626051303
HistGB,7,4,glass_adhesion_kpa,hg0274,101.34465789794922,157.88074123844095
HistGB,7,4,glass_adhesion_kpa,hg0275,229.6956787109375,265.49220903091964
HistGB,7,4,glass_adhesion_kpa,hg0276,160.2830810546875,133.24462736090337
HistGB,7,4,glass_adhesion_kpa,hg0277,100.89171600341797,91.29341539366757
HistGB,7,4,glass_adhesion_kpa,hg0278,91.04033660888672,88.47665474369992
HistGB,7,4,glass_adhesion_kpa,hg0279,127.67162322998047,104.08763912694921
HistGB,7,4,glass_adhesion_kpa,hg0280,117.31068420410156,176.85477456511904
HistGB,7,4,glass_adhesion_kpa,hg0281,155.07431030273438,116.67821555692996
HistGB,7,4,glass_adhesion_kpa,hg0282,74.50814056396484,118.98423465792159
HistGB,7,4,glass_adhesion_kpa,hg0283,101.62773895263672,157.8611348022511
HistGB,7,4,glass_adhesion_kpa,hg0284,75.13092803955078,73.0304916509827
HistGB,7,4,glass_adhesion_kpa,hg0285,245.0955352783203,251.8976943931002
HistGB,7,4,glass_adhesion_kpa,hg0286,109.9504623413086,107.32954993763289
HistGB,7,4,glass_adhesion_kpa,hg0287,200.08493041992188,221.61760435177874
HistGB,7,4,glass_adhesion_kpa,hg0288,250.9837188720703,270.02669545758624
HistGB,7,4,glass_adhesion_kpa,hg0289,81.07572174072266,101.55080021634026
HistGB,7,4,glass_adhesion_kpa,hg0290,235.4706268310547,253.51031692158037
HistGB,7,4,glass_adhesion_kpa,hg0291,225.3927764892578,239.902987806423
HistGB,7,4,glass_adhesion_kpa,hg0334,206.6525115966797,258.54319571913715
HistGB,7,4,glass_adhesion_kpa,hg0335,193.57395935058594,141.85897838570108
HistGB,7,4,glass_adhesion_kpa,hg0336,62.22222137451172,134.40720794307205
HistGB,7,4,glass_adhesion_kpa,hg0337,147.99716186523438,139.29752462810177
HistGB,7,4,glass_adhesion_kpa,hg0338,229.75230407714844,265.5938775476875
HistGB,7,4,glass_adhesion_kpa,hg0339,232.0736083984375,267.5289139570309
HistGB,7,4,glass_adhesion_kpa,hg0340,199.1224365234375,165.5097432755453
MLP,7,4,glass_adhesion_kpa,hg0274,101.34465789794922,181.98092651367188
MLP,7,4,glass_adhesion_kpa,hg0275,229.6956787109375,238.07135009765625
MLP,7,4,glass_adhesion_kpa,hg0276,160.2830810546875,124.89827728271484
MLP,7,4,glass_adhesion_kpa,hg0277,100.89171600341797,78.25078582763672
MLP,7,4,glass_adhesion_kpa,hg0278,91.04033660888672,42.361488342285156
MLP,7,4,glass_adhesion_kpa,hg0279,127.67162322998047,132.77255249023438
MLP,7,4,glass_adhesion_kpa,hg0280,117.31068420410156,213.81414794921875
MLP,7,4,glass_adhesion_kpa,hg0281,155.07431030273438,133.73532104492188
MLP,7,4,glass_adhesion_kpa,hg0282,74.50814056396484,90.29188537597656
MLP,7,4,glass_adhesion_kpa,hg0283,101.62773895263672,184.48109436035156
MLP,7,4,glass_adhesion_kpa,hg0284,75.13092803955078,127.20157623291016
MLP,7,4,glass_adhesion_kpa,hg0285,245.0955352783203,235.42169189453125
MLP,7,4,glass_adhesion_kpa,hg0286,109.9504623413086,118.88890075683594
MLP,7,4,glass_adhesion_kpa,hg0287,200.08493041992188,237.17428588867188
MLP,7,4,glass_adhesion_kpa,hg0288,250.9837188720703,232.96861267089844
MLP,7,4,glass_adhesion_kpa,hg0289,81.07572174072266,121.8099136352539
MLP,7,4,glass_adhesion_kpa,hg0290,235.4706268310547,236.31170654296875
MLP,7,4,glass_adhesion_kpa,hg0291,225.3927764892578,238.74258422851562
MLP,7,4,glass_adhesion_kpa,hg0334,206.6525115966797,239.30886840820312
MLP,7,4,glass_adhesion_kpa,hg0335,193.57395935058594,177.41363525390625
MLP,7,4,glass_adhesion_kpa,hg0336,62.22222137451172,165.30975341796875
MLP,7,4,glass_adhesion_kpa,hg0337,147.99716186523438,141.62913513183594
MLP,7,4,glass_adhesion_kpa,hg0338,229.75230407714844,238.23873901367188
MLP,7,4,glass_adhesion_kpa,hg0339,232.0736083984375,234.08973693847656
MLP,7,4,glass_adhesion_kpa,hg0340,199.1224365234375,240.95547485351562
Mean,1337,0,glass_adhesion_kpa,hg0274,101.34465789794922,92.26972961425781
Mean,1337,0,glass_adhesion_kpa,hg0275,229.6956787109375,92.26972961425781
Mean,1337,0,glass_adhesion_kpa,hg0276,160.2830810546875,92.26972961425781
Mean,1337,0,glass_adhesion_kpa,hg0277,100.89171600341797,92.26972961425781
Mean,1337,0,glass_adhesion_kpa,hg0278,91.04033660888672,92.26972961425781
Mean,1337,0,glass_adhesion_kpa,hg0279,127.67162322998047,92.26972961425781
Mean,1337,0,glass_adhesion_kpa,hg0280,117.31068420410156,92.26972961425781
Mean,1337,0,glass_adhesion_kpa,hg0281,155.07431030273438,92.26972961425781
Mean,1337,0,glass_adhesion_kpa,hg0282,74.50814056396484,92.26972961425781
Mean,1337,0,glass_adhesion_kpa,hg0283,101.62773895263672,92.26972961425781
Mean,1337,0,glass_adhesion_kpa,hg0284,75.13092803955078,92.26972961425781
Mean,1337,0,glass_adhesion_kpa,hg0285,245.0955352783203,92.26972961425781
Mean,1337,0,glass_adhesion_kpa,hg0286,109.9504623413086,92.26972961425781
Mean,1337,0,glass_adhesion_kpa,hg0287,200.08493041992188,92.26972961425781
Mean,1337,0,glass_adhesion_kpa,hg0288,250.9837188720703,92.26972961425781
Mean,1337,0,glass_adhesion_kpa,hg0289,81.07572174072266,92.26972961425781
Mean,1337,0,glass_adhesion_kpa,hg0290,235.4706268310547,92.26972961425781
Mean,1337,0,glass_adhesion_kpa,hg0291,225.3927764892578,92.26972961425781
Mean,1337,0,glass_adhesion_kpa,hg0334,206.6525115966797,92.26972961425781
Mean,1337,0,glass_adhesion_kpa,hg0335,193.57395935058594,92.26972961425781
Mean,1337,0,glass_adhesion_kpa,hg0336,62.22222137451172,92.26972961425781
Mean,1337,0,glass_adhesion_kpa,hg0337,147.99716186523438,92.26972961425781
Mean,1337,0,glass_adhesion_kpa,hg0338,229.75230407714844,92.26972961425781
Mean,1337,0,glass_adhesion_kpa,hg0339,232.0736083984375,92.26972961425781
Mean,1337,0,glass_adhesion_kpa,hg0340,199.1224365234375,92.26972961425781
Ridge,1337,0,glass_adhesion_kpa,hg0274,101.34465789794922,176.3687744140625
Ridge,1337,0,glass_adhesion_kpa,hg0275,229.6956787109375,230.30511474609375
Ridge,1337,0,glass_adhesion_kpa,hg0276,160.2830810546875,136.93832397460938
Ridge,1337,0,glass_adhesion_kpa,hg0277,100.89171600341797,78.79207611083984
Ridge,1337,0,glass_adhesion_kpa,hg0278,91.04033660888672,61.564048767089844
Ridge,1337,0,glass_adhesion_kpa,hg0279,127.67162322998047,151.61456298828125
Ridge,1337,0,glass_adhesion_kpa,hg0280,117.31068420410156,206.30101013183594
Ridge,1337,0,glass_adhesion_kpa,hg0281,155.07431030273438,150.74053955078125
Ridge,1337,0,glass_adhesion_kpa,hg0282,74.50814056396484,120.57373046875
Ridge,1337,0,glass_adhesion_kpa,hg0283,101.62773895263672,178.9572296142578
Ridge,1337,0,glass_adhesion_kpa,hg0284,75.13092803955078,83.07058715820312
Ridge,1337,0,glass_adhesion_kpa,hg0285,245.0955352783203,230.39463806152344
Ridge,1337,0,glass_adhesion_kpa,hg0286,109.9504623413086,120.57124328613281
Ridge,1337,0,glass_adhesion_kpa,hg0287,200.08493041992188,230.07704162597656
Ridge,1337,0,glass_adhesion_kpa,hg0288,250.9837188720703,230.41253662109375
Ridge,1337,0,glass_adhesion_kpa,hg0289,81.07572174072266,144.91893005371094
Ridge,1337,0,glass_adhesion_kpa,hg0290,235.4706268310547,230.7406768798828
Ridge,1337,0,glass_adhesion_kpa,hg0291,225.3927764892578,230.02572631835938
Ridge,1337,0,glass_adhesion_kpa,hg0334,206.6525115966797,228.98179626464844
Ridge,1337,0,glass_adhesion_kpa,hg0335,193.57395935058594,175.50927734375
Ridge,1337,0,glass_adhesion_kpa,hg0336,62.22222137451172,145.5797882080078
Ridge,1337,0,glass_adhesion_kpa,hg0337,147.99716186523438,137.60208129882812
Ridge,1337,0,glass_adhesion_kpa,hg0338,229.75230407714844,230.23826599121094
Ridge,1337,0,glass_adhesion_kpa,hg0339,232.0736083984375,230.08607482910156
Ridge,1337,0,glass_adhesion_kpa,hg0340,199.1224365234375,220.76483154296875
ElasticNet,1337,0,glass_adhesion_kpa,hg0274,101.34465789794922,176.22718811035156
ElasticNet,1337,0,glass_adhesion_kpa,hg0275,229.6956787109375,230.1564483642578
ElasticNet,1337,0,glass_adhesion_kpa,hg0276,160.2830810546875,135.68914794921875
ElasticNet,1337,0,glass_adhesion_kpa,hg0277,100.89171600341797,78.05326843261719
ElasticNet,1337,0,glass_adhesion_kpa,hg0278,91.04033660888672,61.49532699584961
ElasticNet,1337,0,glass_adhesion_kpa,hg0279,127.67162322998047,151.97610473632812
ElasticNet,1337,0,glass_adhesion_kpa,hg0280,117.31068420410156,205.55755615234375
ElasticNet,1337,0,glass_adhesion_kpa,hg0281,155.07431030273438,149.28451538085938
ElasticNet,1337,0,glass_adhesion_kpa,hg0282,74.50814056396484,119.74590301513672
ElasticNet,1337,0,glass_adhesion_kpa,hg0283,101.62773895263672,178.80950927734375
ElasticNet,1337,0,glass_adhesion_kpa,hg0284,75.13092803955078,83.99666595458984
ElasticNet,1337,0,glass_adhesion_kpa,hg0285,245.0955352783203,230.18362426757812
ElasticNet,1337,0,glass_adhesion_kpa,hg0286,109.9504623413086,119.51578521728516
ElasticNet,1337,0,glass_adhesion_kpa,hg0287,200.08493041992188,230.27603149414062
ElasticNet,1337,0,glass_adhesion_kpa,hg0288,250.9837188720703,230.25120544433594
ElasticNet,1337,0,glass_adhesion_kpa,hg0289,81.07572174072266,145.2678680419922
ElasticNet,1337,0,glass_adhesion_kpa,hg0290,235.4706268310547,230.64767456054688
ElasticNet,1337,0,glass_adhesion_kpa,hg0291,225.3927764892578,230.0154266357422
ElasticNet,1337,0,glass_adhesion_kpa,hg0334,206.6525115966797,228.68702697753906
ElasticNet,1337,0,glass_adhesion_kpa,hg0335,193.57395935058594,174.76361083984375
ElasticNet,1337,0,glass_adhesion_kpa,hg0336,62.22222137451172,147.21597290039062
ElasticNet,1337,0,glass_adhesion_kpa,hg0337,147.99716186523438,137.5258026123047
ElasticNet,1337,0,glass_adhesion_kpa,hg0338,229.75230407714844,230.08656311035156
ElasticNet,1337,0,glass_adhesion_kpa,hg0339,232.0736083984375,229.84909057617188
ElasticNet,1337,0,glass_adhesion_kpa,hg0340,199.1224365234375,221.26124572753906
KNN,1337,0,glass_adhesion_kpa,hg0274,101.34465789794922,166.4728859477593
KNN,1337,0,glass_adhesion_kpa,hg0275,229.6956787109375,270.38434071262503
KNN,1337,0,glass_adhesion_kpa,hg0276,160.2830810546875,123.1022540548235
KNN,1337,0,glass_adhesion_kpa,hg0277,100.89171600341797,91.22695043728382
KNN,1337,0,glass_adhesion_kpa,hg0278,91.04033660888672,117.24515653847598
KNN,1337,0,glass_adhesion_kpa,hg0279,127.67162322998047,126.40901462418647
KNN,1337,0,glass_adhesion_kpa,hg0280,117.31068420410156,204.68934426409646
KNN,1337,0,glass_adhesion_kpa,hg0281,155.07431030273438,141.0474412803843
KNN,1337,0,glass_adhesion_kpa,hg0282,74.50814056396484,112.06602022157136
KNN,1337,0,glass_adhesion_kpa,hg0283,101.62773895263672,167.4988007952709
KNN,1337,0,glass_adhesion_kpa,hg0284,75.13092803955078,89.92750964016511
KNN,1337,0,glass_adhesion_kpa,hg0285,245.0955352783203,277.6795327813915
KNN,1337,0,glass_adhesion_kpa,hg0286,109.9504623413086,113.44855613713398
KNN,1337,0,glass_adhesion_kpa,hg0287,200.08493041992188,247.72870012368645
KNN,1337,0,glass_adhesion_kpa,hg0288,250.9837188720703,274.88175303053
KNN,1337,0,glass_adhesion_kpa,hg0289,81.07572174072266,105.07363334248141
KNN,1337,0,glass_adhesion_kpa,hg0290,235.4706268310547,269.2786704747595
KNN,1337,0,glass_adhesion_kpa,hg0291,225.3927764892578,262.26575617098024
KNN,1337,0,glass_adhesion_kpa,hg0334,206.6525115966797,283.781111435978
KNN,1337,0,glass_adhesion_kpa,hg0335,193.57395935058594,152.6835310714336
KNN,1337,0,glass_adhesion_kpa,hg0336,62.22222137451172,168.5879835629852
KNN,1337,0,glass_adhesion_kpa,hg0337,147.99716186523438,156.292031333386
KNN,1337,0,glass_adhesion_kpa,hg0338,229.75230407714844,271.51752867987193
KNN,1337,0,glass_adhesion_kpa,hg0339,232.0736083984375,276.70479368856587
KNN,1337,0,glass_adhesion_kpa,hg0340,199.1224365234375,249.0345149759598
SVR-RBF,1337,0,glass_adhesion_kpa,hg0274,101.34465789794922,143.48369453091732
SVR-RBF,1337,0,glass_adhesion_kpa,hg0275,229.6956787109375,250.19020850630358
SVR-RBF,1337,0,glass_adhesion_kpa,hg0276,160.2830810546875,97.59814836810713
SVR-RBF,1337,0,glass_adhesion_kpa,hg0277,100.89171600341797,84.75487791280594
SVR-RBF,1337,0,glass_adhesion_kpa,hg0278,91.04033660888672,75.05379905199955
SVR-RBF,1337,0,glass_adhesion_kpa,hg0279,127.67162322998047,99.93338150991148
SVR-RBF,1337,0,glass_adhesion_kpa,hg0280,117.31068420410156,181.31058513988495
SVR-RBF,1337,0,glass_adhesion_kpa,hg0281,155.07431030273438,97.59592619595463
SVR-RBF,1337,0,glass_adhesion_kpa,hg0282,74.50814056396484,113.60717290412214
SVR-RBF,1337,0,glass_adhesion_kpa,hg0283,101.62773895263672,146.7680636559143
SVR-RBF,1337,0,glass_adhesion_kpa,hg0284,75.13092803955078,54.51116530103313
SVR-RBF,1337,0,glass_adhesion_kpa,hg0285,245.0955352783203,249.49435307858516
SVR-RBF,1337,0,glass_adhesion_kpa,hg0286,109.9504623413086,87.10525344795906
SVR-RBF,1337,0,glass_adhesion_kpa,hg0287,200.08493041992188,240.55316087835484
SVR-RBF,1337,0,glass_adhesion_kpa,hg0288,250.9837188720703,246.05383104731533
SVR-RBF,1337,0,glass_adhesion_kpa,hg0289,81.07572174072266,98.94171065259813
SVR-RBF,1337,0,glass_adhesion_kpa,hg0290,235.4706268310547,249.37935511909677
SVR-RBF,1337,0,glass_adhesion_kpa,hg0291,225.3927764892578,247.84296275053134
SVR-RBF,1337,0,glass_adhesion_kpa,hg0334,206.6525115966797,245.20445559339703
SVR-RBF,1337,0,glass_adhesion_kpa,hg0335,193.57395935058594,138.41080835616077
SVR-RBF,1337,0,glass_adhesion_kpa,hg0336,62.22222137451172,145.5874447014947
SVR-RBF,1337,0,glass_adhesion_kpa,hg0337,147.99716186523438,129.25462177091373
SVR-RBF,1337,0,glass_adhesion_kpa,hg0338,229.75230407714844,250.07139728930827
SVR-RBF,1337,0,glass_adhesion_kpa,hg0339,232.0736083984375,247.6732823287232
SVR-RBF,1337,0,glass_adhesion_kpa,hg0340,199.1224365234375,219.81499418970685
RandomForest,1337,0,glass_adhesion_kpa,hg0274,101.34465789794922,183.4285361574868
RandomForest,1337,0,glass_adhesion_kpa,hg0275,229.6956787109375,282.60886781229135
RandomForest,1337,0,glass_adhesion_kpa,hg0276,160.2830810546875,128.83771110961666
RandomForest,1337,0,glass_adhesion_kpa,hg0277,100.89171600341797,96.18474177957255
RandomForest,1337,0,glass_adhesion_kpa,hg0278,91.04033660888672,80.59112121930903
RandomForest,1337,0,glass_adhesion_kpa,hg0279,127.67162322998047,128.48865108537134
RandomForest,1337,0,glass_adhesion_kpa,hg0280,117.31068420410156,176.53732184602717
RandomForest,1337,0,glass_adhesion_kpa,hg0281,155.07431030273438,131.64497633101576
RandomForest,1337,0,glass_adhesion_kpa,hg0282,74.50814056396484,110.0272294144846
RandomForest,1337,0,glass_adhesion_kpa,hg0283,101.62773895263672,183.82573570201626
RandomForest,1337,0,glass_adhesion_kpa,hg0284,75.13092803955078,80.59903792068783
RandomForest,1337,0,glass_adhesion_kpa,hg0285,245.0955352783203,267.7566270127808
RandomForest,1337,0,glass_adhesion_kpa,hg0286,109.9504623413086,104.94552300373714
RandomForest,1337,0,glass_adhesion_kpa,hg0287,200.08493041992188,244.74879897381626
RandomForest,1337,0,glass_adhesion_kpa,hg0288,250.9837188720703,261.31930802770927
RandomForest,1337,0,glass_adhesion_kpa,hg0289,81.07572174072266,126.34183823860297
RandomForest,1337,0,glass_adhesion_kpa,hg0290,235.4706268310547,267.98197457480563
RandomForest,1337,0,glass_adhesion_kpa,hg0291,225.3927764892578,273.182117586082
RandomForest,1337,0,glass_adhesion_kpa,hg0334,206.6525115966797,293.26639942126087
RandomForest,1337,0,glass_adhesion_kpa,hg0335,193.57395935058594,143.36759963278044
RandomForest,1337,0,glass_adhesion_kpa,hg0336,62.22222137451172,127.95310807867912
RandomForest,1337,0,glass_adhesion_kpa,hg0337,147.99716186523438,142.59391263531427
RandomForest,1337,0,glass_adhesion_kpa,hg0338,229.75230407714844,283.0993103361399
RandomForest,1337,0,glass_adhesion_kpa,hg0339,232.0736083984375,278.1599457034957
RandomForest,1337,0,glass_adhesion_kpa,hg0340,199.1224365234375,217.26862624001367
HistGB,1337,0,glass_adhesion_kpa,hg0274,101.34465789794922,176.31954721327003
HistGB,1337,0,glass_adhesion_kpa,hg0275,229.6956787109375,311.0891026267725
HistGB,1337,0,glass_adhesion_kpa,hg0276,160.2830810546875,127.34383878181315
HistGB,1337,0,glass_adhesion_kpa,hg0277,100.89171600341797,108.83135587383003
HistGB,1337,0,glass_adhesion_kpa,hg0278,91.04033660888672,83.29062767930407
HistGB,1337,0,glass_adhesion_kpa,hg0279,127.67162322998047,124.33131248019147
HistGB,1337,0,glass_adhesion_kpa,hg0280,117.31068420410156,172.77145201214825
HistGB,1337,0,glass_adhesion_kpa,hg0281,155.07431030273438,124.35726360442023
HistGB,1337,0,glass_adhesion_kpa,hg0282,74.50814056396484,84.86143317189763
HistGB,1337,0,glass_adhesion_kpa,hg0283,101.62773895263672,174.48869158321378
HistGB,1337,0,glass_adhesion_kpa,hg0284,75.13092803955078,72.84631941587475
HistGB,1337,0,glass_adhesion_kpa,hg0285,245.0955352783203,260.1147811336254
HistGB,1337,0,glass_adhesion_kpa,hg0286,109.9504623413086,73.69385370184247
HistGB,1337,0,glass_adhesion_kpa,hg0287,200.08493041992188,237.84486920656659
HistGB,1337,0,glass_adhesion_kpa,hg0288,250.9837188720703,257.74994328727996
HistGB,1337,0,glass_adhesion_kpa,hg0289,81.07572174072266,116.93998173318256
HistGB,1337,0,glass_adhesion_kpa,hg0290,235.4706268310547,272.7258034894109
HistGB,1337,0,glass_adhesion_kpa,hg0291,225.3927764892578,274.8228596438276
HistGB,1337,0,glass_adhesion_kpa,hg0334,206.6525115966797,280.22865362375876
HistGB,1337,0,glass_adhesion_kpa,hg0335,193.57395935058594,156.78756988929706
HistGB,1337,0,glass_adhesion_kpa,hg0336,62.22222137451172,171.82024169624012
HistGB,1337,0,glass_adhesion_kpa,hg0337,147.99716186523438,150.05389306261236
HistGB,1337,0,glass_adhesion_kpa,hg0338,229.75230407714844,312.3863162384154
HistGB,1337,0,glass_adhesion_kpa,hg0339,232.0736083984375,259.3466479952674
HistGB,1337,0,glass_adhesion_kpa,hg0340,199.1224365234375,211.1363367382021
MLP,1337,0,glass_adhesion_kpa,hg0274,101.34465789794922,180.6739501953125
MLP,1337,0,glass_adhesion_kpa,hg0275,229.6956787109375,234.9874267578125
MLP,1337,0,glass_adhesion_kpa,hg0276,160.2830810546875,121.19609832763672
MLP,1337,0,glass_adhesion_kpa,hg0277,100.89171600341797,74.42642211914062
MLP,1337,0,glass_adhesion_kpa,hg0278,91.04033660888672,49.527286529541016
MLP,1337,0,glass_adhesion_kpa,hg0279,127.67162322998047,138.31944274902344
MLP,1337,0,glass_adhesion_kpa,hg0280,117.31068420410156,209.66668701171875
MLP,1337,0,glass_adhesion_kpa,hg0281,155.07431030273438,130.18109130859375
MLP,1337,0,glass_adhesion_kpa,hg0282,74.50814056396484,87.44364166259766
MLP,1337,0,glass_adhesion_kpa,hg0283,101.62773895263672,183.06265258789062
MLP,1337,0,glass_adhesion_kpa,hg0284,75.13092803955078,115.75096893310547
MLP,1337,0,glass_adhesion_kpa,hg0285,245.0955352783203,232.45993041992188
MLP,1337,0,glass_adhesion_kpa,hg0286,109.9504623413086,111.41490936279297
MLP,1337,0,glass_adhesion_kpa,hg0287,200.08493041992188,234.7684783935547
MLP,1337,0,glass_adhesion_kpa,hg0288,250.9837188720703,230.38623046875
MLP,1337,0,glass_adhesion_kpa,hg0289,81.07572174072266,128.50698852539062
MLP,1337,0,glass_adhesion_kpa,hg0290,235.4706268310547,233.4601593017578
MLP,1337,0,glass_adhesion_kpa,hg0291,225.3927764892578,235.93832397460938
MLP,1337,0,glass_adhesion_kpa,hg0334,206.6525115966797,234.74827575683594
MLP,1337,0,glass_adhesion_kpa,hg0335,193.57395935058594,168.57717895507812
MLP,1337,0,glass_adhesion_kpa,hg0336,62.22222137451172,175.13232421875
MLP,1337,0,glass_adhesion_kpa,hg0337,147.99716186523438,136.2004852294922
MLP,1337,0,glass_adhesion_kpa,hg0338,229.75230407714844,235.13177490234375
MLP,1337,0,glass_adhesion_kpa,hg0339,232.0736083984375,231.19549560546875
MLP,1337,0,glass_adhesion_kpa,hg0340,199.1224365234375,238.50384521484375
Mean,1337,1,glass_adhesion_kpa,hg0274,101.34465789794922,94.35099029541016
Mean,1337,1,glass_adhesion_kpa,hg0275,229.6956787109375,94.35099029541016
Mean,1337,1,glass_adhesion_kpa,hg0276,160.2830810546875,94.35099029541016
Mean,1337,1,glass_adhesion_kpa,hg0277,100.89171600341797,94.35099029541016
Mean,1337,1,glass_adhesion_kpa,hg0278,91.04033660888672,94.35099029541016
Mean,1337,1,glass_adhesion_kpa,hg0279,127.67162322998047,94.35099029541016
Mean,1337,1,glass_adhesion_kpa,hg0280,117.31068420410156,94.35099029541016
Mean,1337,1,glass_adhesion_kpa,hg0281,155.07431030273438,94.35099029541016
Mean,1337,1,glass_adhesion_kpa,hg0282,74.50814056396484,94.35099029541016
Mean,1337,1,glass_adhesion_kpa,hg0283,101.62773895263672,94.35099029541016
Mean,1337,1,glass_adhesion_kpa,hg0284,75.13092803955078,94.35099029541016
Mean,1337,1,glass_adhesion_kpa,hg0285,245.0955352783203,94.35099029541016
Mean,1337,1,glass_adhesion_kpa,hg0286,109.9504623413086,94.35099029541016
Mean,1337,1,glass_adhesion_kpa,hg0287,200.08493041992188,94.35099029541016
Mean,1337,1,glass_adhesion_kpa,hg0288,250.9837188720703,94.35099029541016
Mean,1337,1,glass_adhesion_kpa,hg0289,81.07572174072266,94.35099029541016
Mean,1337,1,glass_adhesion_kpa,hg0290,235.4706268310547,94.35099029541016
Mean,1337,1,glass_adhesion_kpa,hg0291,225.3927764892578,94.35099029541016
Mean,1337,1,glass_adhesion_kpa,hg0334,206.6525115966797,94.35099029541016
Mean,1337,1,glass_adhesion_kpa,hg0335,193.57395935058594,94.35099029541016
Mean,1337,1,glass_adhesion_kpa,hg0336,62.22222137451172,94.35099029541016
Mean,1337,1,glass_adhesion_kpa,hg0337,147.99716186523438,94.35099029541016
Mean,1337,1,glass_adhesion_kpa,hg0338,229.75230407714844,94.35099029541016
Mean,1337,1,glass_adhesion_kpa,hg0339,232.0736083984375,94.35099029541016
Mean,1337,1,glass_adhesion_kpa,hg0340,199.1224365234375,94.35099029541016
Ridge,1337,1,glass_adhesion_kpa,hg0274,101.34465789794922,177.30126953125
Ridge,1337,1,glass_adhesion_kpa,hg0275,229.6956787109375,228.85159301757812
Ridge,1337,1,glass_adhesion_kpa,hg0276,160.2830810546875,141.44769287109375
Ridge,1337,1,glass_adhesion_kpa,hg0277,100.89171600341797,100.52963256835938
Ridge,1337,1,glass_adhesion_kpa,hg0278,91.04033660888672,63.11153030395508
Ridge,1337,1,glass_adhesion_kpa,hg0279,127.67162322998047,142.06924438476562
Ridge,1337,1,glass_adhesion_kpa,hg0280,117.31068420410156,206.50271606445312
Ridge,1337,1,glass_adhesion_kpa,hg0281,155.07431030273438,156.63319396972656
Ridge,1337,1,glass_adhesion_kpa,hg0282,74.50814056396484,125.95217895507812
Ridge,1337,1,glass_adhesion_kpa,hg0283,101.62773895263672,179.8450927734375
Ridge,1337,1,glass_adhesion_kpa,hg0284,75.13092803955078,78.62537384033203
Ridge,1337,1,glass_adhesion_kpa,hg0285,245.0955352783203,231.06365966796875
Ridge,1337,1,glass_adhesion_kpa,hg0286,109.9504623413086,123.64787292480469
Ridge,1337,1,glass_adhesion_kpa,hg0287,200.08493041992188,225.61312866210938
Ridge,1337,1,glass_adhesion_kpa,hg0288,250.9837188720703,231.5308837890625
Ridge,1337,1,glass_adhesion_kpa,hg0289,81.07572174072266,135.21372985839844
Ridge,1337,1,glass_adhesion_kpa,hg0290,235.4706268310547,229.632080078125
Ridge,1337,1,glass_adhesion_kpa,hg0291,225.3927764892578,226.77194213867188
Ridge,1337,1,glass_adhesion_kpa,hg0334,206.6525115966797,227.99557495117188
Ridge,1337,1,glass_adhesion_kpa,hg0335,193.57395935058594,177.84930419921875
Ridge,1337,1,glass_adhesion_kpa,hg0336,62.22222137451172,130.44378662109375
Ridge,1337,1,glass_adhesion_kpa,hg0337,147.99716186523438,135.98370361328125
Ridge,1337,1,glass_adhesion_kpa,hg0338,229.75230407714844,228.71115112304688
Ridge,1337,1,glass_adhesion_kpa,hg0339,232.0736083984375,231.70144653320312
Ridge,1337,1,glass_adhesion_kpa,hg0340,199.1224365234375,210.16015625
ElasticNet,1337,1,glass_adhesion_kpa,hg0274,101.34465789794922,177.30401611328125
ElasticNet,1337,1,glass_adhesion_kpa,hg0275,229.6956787109375,228.84909057617188
ElasticNet,1337,1,glass_adhesion_kpa,hg0276,160.2830810546875,141.3998260498047
ElasticNet,1337,1,glass_adhesion_kpa,hg0277,100.89171600341797,100.51360321044922
ElasticNet,1337,1,glass_adhesion_kpa,hg0278,91.04033660888672,63.10383605957031
ElasticNet,1337,1,glass_adhesion_kpa,hg0279,127.67162322998047,142.06431579589844
ElasticNet,1337,1,glass_adhesion_kpa,hg0280,117.31068420410156,206.47140502929688
ElasticNet,1337,1,glass_adhesion_kpa,hg0281,155.07431030273438,156.57736206054688
ElasticNet,1337,1,glass_adhesion_kpa,hg0282,74.50814056396484,125.92264556884766
ElasticNet,1337,1,glass_adhesion_kpa,hg0283,101.62773895263672,179.84771728515625
ElasticNet,1337,1,glass_adhesion_kpa,hg0284,75.13092803955078,78.64313507080078
ElasticNet,1337,1,glass_adhesion_kpa,hg0285,245.0955352783203,231.05831909179688
ElasticNet,1337,1,glass_adhesion_kpa,hg0286,109.9504623413086,123.60480499267578
ElasticNet,1337,1,glass_adhesion_kpa,hg0287,200.08493041992188,225.63131713867188
ElasticNet,1337,1,glass_adhesion_kpa,hg0288,250.9837188720703,231.5291748046875
ElasticNet,1337,1,glass_adhesion_kpa,hg0289,81.07572174072266,135.20867919921875
ElasticNet,1337,1,glass_adhesion_kpa,hg0290,235.4706268310547,229.63345336914062
ElasticNet,1337,1,glass_adhesion_kpa,hg0291,225.3927764892578,226.77740478515625
ElasticNet,1337,1,glass_adhesion_kpa,hg0334,206.6525115966797,227.98361206054688
ElasticNet,1337,1,glass_adhesion_kpa,hg0335,193.57395935058594,177.80703735351562
ElasticNet,1337,1,glass_adhesion_kpa,hg0336,62.22222137451172,130.54931640625
ElasticNet,1337,1,glass_adhesion_kpa,hg0337,147.99716186523438,135.98989868164062
ElasticNet,1337,1,glass_adhesion_kpa,hg0338,229.75230407714844,228.70843505859375
ElasticNet,1337,1,glass_adhesion_kpa,hg0339,232.0736083984375,231.69491577148438
ElasticNet,1337,1,glass_adhesion_kpa,hg0340,199.1224365234375,210.1942138671875
KNN,1337,1,glass_adhesion_kpa,hg0274,101.34465789794922,188.88342454325516
KNN,1337,1,glass_adhesion_kpa,hg0275,229.6956787109375,273.0734362358254
KNN,1337,1,glass_adhesion_kpa,hg0276,160.2830810546875,123.15482067548058
KNN,1337,1,glass_adhesion_kpa,hg0277,100.89171600341797,103.95676452279689
KNN,1337,1,glass_adhesion_kpa,hg0278,91.04033660888672,93.56966306914886
KNN,1337,1,glass_adhesion_kpa,hg0279,127.67162322998047,140.36488414846988
KNN,1337,1,glass_adhesion_kpa,hg0280,117.31068420410156,217.423154561233
KNN,1337,1,glass_adhesion_kpa,hg0281,155.07431030273438,148.2870935880319
KNN,1337,1,glass_adhesion_kpa,hg0282,74.50814056396484,112.57647704921264
KNN,1337,1,glass_adhesion_kpa,hg0283,101.62773895263672,189.8564065688365
KNN,1337,1,glass_adhesion_kpa,hg0284,75.13092803955078,91.96715336068642
KNN,1337,1,glass_adhesion_kpa,hg0285,245.0955352783203,265.2236049724025
KNN,1337,1,glass_adhesion_kpa,hg0286,109.9504623413086,115.23454068215467
KNN,1337,1,glass_adhesion_kpa,hg0287,200.08493041992188,254.2261414069103
KNN,1337,1,glass_adhesion_kpa,hg0288,250.9837188720703,269.8229791406828
KNN,1337,1,glass_adhesion_kpa,hg0289,81.07572174072266,98.74829052341988
KNN,1337,1,glass_adhesion_kpa,hg0290,235.4706268310547,276.83249294397365
KNN,1337,1,glass_adhesion_kpa,hg0291,225.3927764892578,269.8767535736945
KNN,1337,1,glass_adhesion_kpa,hg0334,206.6525115966797,283.20045409583025
KNN,1337,1,glass_adhesion_kpa,hg0335,193.57395935058594,169.68716240462606
KNN,1337,1,glass_adhesion_kpa,hg0336,62.22222137451172,148.3130654506111
KNN,1337,1,glass_adhesion_kpa,hg0337,147.99716186523438,152.01709894084573
KNN,1337,1,glass_adhesion_kpa,hg0338,229.75230407714844,273.99559871418825
KNN,1337,1,glass_adhesion_kpa,hg0339,232.0736083984375,261.49420534808337
KNN,1337,1,glass_adhesion_kpa,hg0340,199.1224365234375,253.3362168933408
SVR-RBF,1337,1,glass_adhesion_kpa,hg0274,101.34465789794922,181.34330338234886
SVR-RBF,1337,1,glass_adhesion_kpa,hg0275,229.6956787109375,223.0574093387858
SVR-RBF,1337,1,glass_adhesion_kpa,hg0276,160.2830810546875,119.97065380455032
SVR-RBF,1337,1,glass_adhesion_kpa,hg0277,100.89171600341797,113.91306683405575
SVR-RBF,1337,1,glass_adhesion_kpa,hg0278,91.04033660888672,59.78280554189708
SVR-RBF,1337,1,glass_adhesion_kpa,hg0279,127.67162322998047,100.68528443044991
SVR-RBF,1337,1,glass_adhesion_kpa,hg0280,117.31068420410156,206.27911149465805
SVR-RBF,1337,1,glass_adhesion_kpa,hg0281,155.07431030273438,149.4314643734979
SVR-RBF,1337,1,glass_adhesion_kpa,hg0282,74.50814056396484,117.55003388451902
SVR-RBF,1337,1,glass_adhesion_kpa,hg0283,101.62773895263672,184.4586780128748
SVR-RBF,1337,1,glass_adhesion_kpa,hg0284,75.13092803955078,57.62571573195711
SVR-RBF,1337,1,glass_adhesion_kpa,hg0285,245.0955352783203,224.19315621204484
SVR-RBF,1337,1,glass_adhesion_kpa,hg0286,109.9504623413086,91.64447724801303
SVR-RBF,1337,1,glass_adhesion_kpa,hg0287,200.08493041992188,221.53005029720717
SVR-RBF,1337,1,glass_adhesion_kpa,hg0288,250.9837188720703,224.3024456388869
SVR-RBF,1337,1,glass_adhesion_kpa,hg0289,81.07572174072266,97.22023266001892
SVR-RBF,1337,1,glass_adhesion_kpa,hg0290,235.4706268310547,224.00280089307816
SVR-RBF,1337,1,glass_adhesion_kpa,hg0291,225.3927764892578,222.05476310633222
SVR-RBF,1337,1,glass_adhesion_kpa,hg0334,206.6525115966797,220.35228518854453
SVR-RBF,1337,1,glass_adhesion_kpa,hg0335,193.57395935058594,169.68347332370578
SVR-RBF,1337,1,glass_adhesion_kpa,hg0336,62.22222137451172,150.94317007047104
SVR-RBF,1337,1,glass_adhesion_kpa,hg0337,147.99716186523438,128.7762935524144
SVR-RBF,1337,1,glass_adhesion_kpa,hg0338,229.75230407714844,222.89531222786096
SVR-RBF,1337,1,glass_adhesion_kpa,hg0339,232.0736083984375,224.1147542535297
SVR-RBF,1337,1,glass_adhesion_kpa,hg0340,199.1224365234375,207.228871454094
RandomForest,1337,1,glass_adhesion_kpa,hg0274,101.34465789794922,184.54464426687207
RandomForest,1337,1,glass_adhesion_kpa,hg0275,229.6956787109375,275.8467183894357
RandomForest,1337,1,glass_adhesion_kpa,hg0276,160.2830810546875,134.43768929593307
RandomForest,1337,1,glass_adhesion_kpa,hg0277,100.89171600341797,97.7093257769353
RandomForest,1337,1,glass_adhesion_kpa,hg0278,91.04033660888672,88.48961078177737
RandomForest,1337,1,glass_adhesion_kpa,hg0279,127.67162322998047,118.26238209851044
RandomForest,1337,1,glass_adhesion_kpa,hg0280,117.31068420410156,186.48562079600694
RandomForest,1337,1,glass_adhesion_kpa,hg0281,155.07431030273438,142.2444551970999
RandomForest,1337,1,glass_adhesion_kpa,hg0282,74.50814056396484,112.57068192756782
RandomForest,1337,1,glass_adhesion_kpa,hg0283,101.62773895263672,187.83139609482328
RandomForest,1337,1,glass_adhesion_kpa,hg0284,75.13092803955078,79.17417366289149
RandomForest,1337,1,glass_adhesion_kpa,hg0285,245.0955352783203,261.5576864070138
RandomForest,1337,1,glass_adhesion_kpa,hg0286,109.9504623413086,113.88079317175062
RandomForest,1337,1,glass_adhesion_kpa,hg0287,200.08493041992188,250.1832430564751
RandomForest,1337,1,glass_adhesion_kpa,hg0288,250.9837188720703,265.5613490821278
RandomForest,1337,1,glass_adhesion_kpa,hg0289,81.07572174072266,115.70717429609623
RandomForest,1337,1,glass_adhesion_kpa,hg0290,235.4706268310547,277.17193791017695
RandomForest,1337,1,glass_adhesion_kpa,hg0291,225.3927764892578,273.9204574358665
RandomForest,1337,1,glass_adhesion_kpa,hg0334,206.6525115966797,280.39503852391647
RandomForest,1337,1,glass_adhesion_kpa,hg0335,193.57395935058594,147.61396348190172
RandomForest,1337,1,glass_adhesion_kpa,hg0336,62.22222137451172,126.72784248364847
RandomForest,1337,1,glass_adhesion_kpa,hg0337,147.99716186523438,145.9969375135198
RandomForest,1337,1,glass_adhesion_kpa,hg0338,229.75230407714844,274.84024538697497
RandomForest,1337,1,glass_adhesion_kpa,hg0339,232.0736083984375,261.99774963034076
RandomForest,1337,1,glass_adhesion_kpa,hg0340,199.1224365234375,214.72797102577942
HistGB,1337,1,glass_adhesion_kpa,hg0274,101.34465789794922,183.39090792016216
HistGB,1337,1,glass_adhesion_kpa,hg0275,229.6956787109375,274.3264561204498
HistGB,1337,1,glass_adhesion_kpa,hg0276,160.2830810546875,138.78353675842368
HistGB,1337,1,glass_adhesion_kpa,hg0277,100.89171600341797,101.2582065400267
HistGB,1337,1,glass_adhesion_kpa,hg0278,91.04033660888672,100.67659781080701
HistGB,1337,1,glass_adhesion_kpa,hg0279,127.67162322998047,104.99054820477855
HistGB,1337,1,glass_adhesion_kpa,hg0280,117.31068420410156,193.7838204856753
HistGB,1337,1,glass_adhesion_kpa,hg0281,155.07431030273438,159.1223493458774
HistGB,1337,1,glass_adhesion_kpa,hg0282,74.50814056396484,121.01184697119773
HistGB,1337,1,glass_adhesion_kpa,hg0283,101.62773895263672,187.22093495945768
HistGB,1337,1,glass_adhesion_kpa,hg0284,75.13092803955078,76.12922302460227
HistGB,1337,1,glass_adhesion_kpa,hg0285,245.0955352783203,272.96825705689696
HistGB,1337,1,glass_adhesion_kpa,hg0286,109.9504623413086,94.01916337646043
HistGB,1337,1,glass_adhesion_kpa,hg0287,200.08493041992188,208.45596302711238
HistGB,1337,1,glass_adhesion_kpa,hg0288,250.9837188720703,247.1108395883438
HistGB,1337,1,glass_adhesion_kpa,hg0289,81.07572174072266,109.19328398629506
HistGB,1337,1,glass_adhesion_kpa,hg0290,235.4706268310547,284.8745006616757
HistGB,1337,1,glass_adhesion_kpa,hg0291,225.3927764892578,252.3296566503889
HistGB,1337,1,glass_adhesion_kpa,hg0334,206.6525115966797,282.3709192592416
HistGB,1337,1,glass_adhesion_kpa,hg0335,193.57395935058594,153.06747264571592
HistGB,1337,1,glass_adhesion_kpa,hg0336,62.22222137451172,114.24359952504952
HistGB,1337,1,glass_adhesion_kpa,hg0337,147.99716186523438,143.81499518006575
HistGB,1337,1,glass_adhesion_kpa,hg0338,229.75230407714844,275.55901876347576
HistGB,1337,1,glass_adhesion_kpa,hg0339,232.0736083984375,247.75463857141781
HistGB,1337,1,glass_adhesion_kpa,hg0340,199.1224365234375,185.56535714159128
MLP,1337,1,glass_adhesion_kpa,hg0274,101.34465789794922,180.9938201904297
MLP,1337,1,glass_adhesion_kpa,hg0275,229.6956787109375,241.4379119873047
MLP,1337,1,glass_adhesion_kpa,hg0276,160.2830810546875,118.9136734008789
MLP,1337,1,glass_adhesion_kpa,hg0277,100.89171600341797,126.44402313232422
MLP,1337,1,glass_adhesion_kpa,hg0278,91.04033660888672,78.28409576416016
MLP,1337,1,glass_adhesion_kpa,hg0279,127.67162322998047,130.73313903808594
MLP,1337,1,glass_adhesion_kpa,hg0280,117.31068420410156,198.26942443847656
MLP,1337,1,glass_adhesion_kpa,hg0281,155.07431030273438,128.30564880371094
MLP,1337,1,glass_adhesion_kpa,hg0282,74.50814056396484,94.69396209716797
MLP,1337,1,glass_adhesion_kpa,hg0283,101.62773895263672,183.90280151367188
MLP,1337,1,glass_adhesion_kpa,hg0284,75.13092803955078,81.09432220458984
MLP,1337,1,glass_adhesion_kpa,hg0285,245.0955352783203,241.28140258789062
MLP,1337,1,glass_adhesion_kpa,hg0286,109.9504623413086,105.8917465209961
MLP,1337,1,glass_adhesion_kpa,hg0287,200.08493041992188,241.4893035888672
MLP,1337,1,glass_adhesion_kpa,hg0288,250.9837188720703,240.40565490722656
MLP,1337,1,glass_adhesion_kpa,hg0289,81.07572174072266,118.80985260009766
MLP,1337,1,glass_adhesion_kpa,hg0290,235.4706268310547,241.50172424316406
MLP,1337,1,glass_adhesion_kpa,hg0291,225.3927764892578,241.3454132080078
MLP,1337,1,glass_adhesion_kpa,hg0334,206.6525115966797,238.56939697265625
MLP,1337,1,glass_adhesion_kpa,hg0335,193.57395935058594,151.9292449951172
MLP,1337,1,glass_adhesion_kpa,hg0336,62.22222137451172,167.2105255126953
MLP,1337,1,glass_adhesion_kpa,hg0337,147.99716186523438,131.49815368652344
MLP,1337,1,glass_adhesion_kpa,hg0338,229.75230407714844,241.38299560546875
MLP,1337,1,glass_adhesion_kpa,hg0339,232.0736083984375,240.87413024902344
MLP,1337,1,glass_adhesion_kpa,hg0340,199.1224365234375,234.91795349121094
Mean,1337,2,glass_adhesion_kpa,hg0274,101.34465789794922,94.27311706542969
Mean,1337,2,glass_adhesion_kpa,hg0275,229.6956787109375,94.27311706542969
Mean,1337,2,glass_adhesion_kpa,hg0276,160.2830810546875,94.27311706542969
Mean,1337,2,glass_adhesion_kpa,hg0277,100.89171600341797,94.27311706542969
Mean,1337,2,glass_adhesion_kpa,hg0278,91.04033660888672,94.27311706542969
Mean,1337,2,glass_adhesion_kpa,hg0279,127.67162322998047,94.27311706542969
Mean,1337,2,glass_adhesion_kpa,hg0280,117.31068420410156,94.27311706542969
Mean,1337,2,glass_adhesion_kpa,hg0281,155.07431030273438,94.27311706542969
Mean,1337,2,glass_adhesion_kpa,hg0282,74.50814056396484,94.27311706542969
Mean,1337,2,glass_adhesion_kpa,hg0283,101.62773895263672,94.27311706542969
Mean,1337,2,glass_adhesion_kpa,hg0284,75.13092803955078,94.27311706542969
Mean,1337,2,glass_adhesion_kpa,hg0285,245.0955352783203,94.27311706542969
Mean,1337,2,glass_adhesion_kpa,hg0286,109.9504623413086,94.27311706542969
Mean,1337,2,glass_adhesion_kpa,hg0287,200.08493041992188,94.27311706542969
Mean,1337,2,glass_adhesion_kpa,hg0288,250.9837188720703,94.27311706542969
Mean,1337,2,glass_adhesion_kpa,hg0289,81.07572174072266,94.27311706542969
Mean,1337,2,glass_adhesion_kpa,hg0290,235.4706268310547,94.27311706542969
Mean,1337,2,glass_adhesion_kpa,hg0291,225.3927764892578,94.27311706542969
Mean,1337,2,glass_adhesion_kpa,hg0334,206.6525115966797,94.27311706542969
Mean,1337,2,glass_adhesion_kpa,hg0335,193.57395935058594,94.27311706542969
Mean,1337,2,glass_adhesion_kpa,hg0336,62.22222137451172,94.27311706542969
Mean,1337,2,glass_adhesion_kpa,hg0337,147.99716186523438,94.27311706542969
Mean,1337,2,glass_adhesion_kpa,hg0338,229.75230407714844,94.27311706542969
Mean,1337,2,glass_adhesion_kpa,hg0339,232.0736083984375,94.27311706542969
Mean,1337,2,glass_adhesion_kpa,hg0340,199.1224365234375,94.27311706542969
Ridge,1337,2,glass_adhesion_kpa,hg0274,101.34465789794922,167.614990234375
Ridge,1337,2,glass_adhesion_kpa,hg0275,229.6956787109375,228.214599609375
Ridge,1337,2,glass_adhesion_kpa,hg0276,160.2830810546875,124.39645385742188
Ridge,1337,2,glass_adhesion_kpa,hg0277,100.89171600341797,97.18669128417969
Ridge,1337,2,glass_adhesion_kpa,hg0278,91.04033660888672,46.12942123413086
Ridge,1337,2,glass_adhesion_kpa,hg0279,127.67162322998047,145.72767639160156
Ridge,1337,2,glass_adhesion_kpa,hg0280,117.31068420410156,201.60133361816406
Ridge,1337,2,glass_adhesion_kpa,hg0281,155.07431030273438,143.341796875
Ridge,1337,2,glass_adhesion_kpa,hg0282,74.50814056396484,113.06388092041016
Ridge,1337,2,glass_adhesion_kpa,hg0283,101.62773895263672,170.46511840820312
Ridge,1337,2,glass_adhesion_kpa,hg0284,75.13092803955078,67.86315155029297
Ridge,1337,2,glass_adhesion_kpa,hg0285,245.0955352783203,230.39064025878906
Ridge,1337,2,glass_adhesion_kpa,hg0286,109.9504623413086,105.30036926269531
Ridge,1337,2,glass_adhesion_kpa,hg0287,200.08493041992188,224.91424560546875
Ridge,1337,2,glass_adhesion_kpa,hg0288,250.9837188720703,230.6011962890625
Ridge,1337,2,glass_adhesion_kpa,hg0289,81.07572174072266,138.0494842529297
Ridge,1337,2,glass_adhesion_kpa,hg0290,235.4706268310547,228.8331298828125
Ridge,1337,2,glass_adhesion_kpa,hg0291,225.3927764892578,226.10096740722656
Ridge,1337,2,glass_adhesion_kpa,hg0334,206.6525115966797,227.63404846191406
Ridge,1337,2,glass_adhesion_kpa,hg0335,193.57395935058594,178.73272705078125
Ridge,1337,2,glass_adhesion_kpa,hg0336,62.22222137451172,125.23287963867188
Ridge,1337,2,glass_adhesion_kpa,hg0337,147.99716186523438,134.35879516601562
Ridge,1337,2,glass_adhesion_kpa,hg0338,229.75230407714844,228.0861358642578
Ridge,1337,2,glass_adhesion_kpa,hg0339,232.0736083984375,231.02947998046875
Ridge,1337,2,glass_adhesion_kpa,hg0340,199.1224365234375,210.14244079589844
ElasticNet,1337,2,glass_adhesion_kpa,hg0274,101.34465789794922,167.31802368164062
ElasticNet,1337,2,glass_adhesion_kpa,hg0275,229.6956787109375,227.93243408203125
ElasticNet,1337,2,glass_adhesion_kpa,hg0276,160.2830810546875,123.57781982421875
ElasticNet,1337,2,glass_adhesion_kpa,hg0277,100.89171600341797,96.05516815185547
ElasticNet,1337,2,glass_adhesion_kpa,hg0278,91.04033660888672,46.13530731201172
ElasticNet,1337,2,glass_adhesion_kpa,hg0279,127.67162322998047,146.6375732421875
ElasticNet,1337,2,glass_adhesion_kpa,hg0280,117.31068420410156,201.39492797851562
ElasticNet,1337,2,glass_adhesion_kpa,hg0281,155.07431030273438,142.28860473632812
ElasticNet,1337,2,glass_adhesion_kpa,hg0282,74.50814056396484,112.51606750488281
ElasticNet,1337,2,glass_adhesion_kpa,hg0283,101.62773895263672,170.16015625
ElasticNet,1337,2,glass_adhesion_kpa,hg0284,75.13092803955078,68.58680725097656
ElasticNet,1337,2,glass_adhesion_kpa,hg0285,245.0955352783203,229.963623046875
ElasticNet,1337,2,glass_adhesion_kpa,hg0286,109.9504623413086,104.66043090820312
ElasticNet,1337,2,glass_adhesion_kpa,hg0287,200.08493041992188,224.8653564453125
ElasticNet,1337,2,glass_adhesion_kpa,hg0288,250.9837188720703,230.16204833984375
ElasticNet,1337,2,glass_adhesion_kpa,hg0289,81.07572174072266,138.36526489257812
ElasticNet,1337,2,glass_adhesion_kpa,hg0290,235.4706268310547,228.50735473632812
ElasticNet,1337,2,glass_adhesion_kpa,hg0291,225.3927764892578,225.98556518554688
ElasticNet,1337,2,glass_adhesion_kpa,hg0334,206.6525115966797,227.34939575195312
ElasticNet,1337,2,glass_adhesion_kpa,hg0335,193.57395935058594,178.19390869140625
ElasticNet,1337,2,glass_adhesion_kpa,hg0336,62.22222137451172,127.55354309082031
ElasticNet,1337,2,glass_adhesion_kpa,hg0337,147.99716186523438,134.81146240234375
ElasticNet,1337,2,glass_adhesion_kpa,hg0338,229.75230407714844,227.81260681152344
ElasticNet,1337,2,glass_adhesion_kpa,hg0339,232.0736083984375,230.5702362060547
ElasticNet,1337,2,glass_adhesion_kpa,hg0340,199.1224365234375,211.430908203125
KNN,1337,2,glass_adhesion_kpa,hg0274,101.34465789794922,147.9135658051991
KNN,1337,2,glass_adhesion_kpa,hg0275,229.6956787109375,269.5906698486876
KNN,1337,2,glass_adhesion_kpa,hg0276,160.2830810546875,113.95637752227647
KNN,1337,2,glass_adhesion_kpa,hg0277,100.89171600341797,83.61742648958557
KNN,1337,2,glass_adhesion_kpa,hg0278,91.04033660888672,83.61645484811973
KNN,1337,2,glass_adhesion_kpa,hg0279,127.67162322998047,100.93676511371575
KNN,1337,2,glass_adhesion_kpa,hg0280,117.31068420410156,208.51156447040643
KNN,1337,2,glass_adhesion_kpa,hg0281,155.07431030273438,127.61325267897747
KNN,1337,2,glass_adhesion_kpa,hg0282,74.50814056396484,107.5141963433945
KNN,1337,2,glass_adhesion_kpa,hg0283,101.62773895263672,146.66101069369577
KNN,1337,2,glass_adhesion_kpa,hg0284,75.13092803955078,95.5751371656345
KNN,1337,2,glass_adhesion_kpa,hg0285,245.0955352783203,271.73528220720254
KNN,1337,2,glass_adhesion_kpa,hg0286,109.9504623413086,107.42331589391623
KNN,1337,2,glass_adhesion_kpa,hg0287,200.08493041992188,256.126945487066
KNN,1337,2,glass_adhesion_kpa,hg0288,250.9837188720703,273.1692880650533
KNN,1337,2,glass_adhesion_kpa,hg0289,81.07572174072266,93.55856613830935
KNN,1337,2,glass_adhesion_kpa,hg0290,235.4706268310547,275.546491706351
KNN,1337,2,glass_adhesion_kpa,hg0291,225.3927764892578,272.35335212282354
KNN,1337,2,glass_adhesion_kpa,hg0334,206.6525115966797,279.915497297217
KNN,1337,2,glass_adhesion_kpa,hg0335,193.57395935058594,162.29075323351228
KNN,1337,2,glass_adhesion_kpa,hg0336,62.22222137451172,137.0953272768137
KNN,1337,2,glass_adhesion_kpa,hg0337,147.99716186523438,142.3251977843876
KNN,1337,2,glass_adhesion_kpa,hg0338,229.75230407714844,270.5160883602519
KNN,1337,2,glass_adhesion_kpa,hg0339,232.0736083984375,269.6183286986445
KNN,1337,2,glass_adhesion_kpa,hg0340,199.1224365234375,248.9247465721077
SVR-RBF,1337,2,glass_adhesion_kpa,hg0274,101.34465789794922,164.41287354445632
SVR-RBF,1337,2,glass_adhesion_kpa,hg0275,229.6956787109375,217.09097017237724
SVR-RBF,1337,2,glass_adhesion_kpa,hg0276,160.2830810546875,111.76697901376693
SVR-RBF,1337,2,glass_adhesion_kpa,hg0277,100.89171600341797,100.41949082538305
SVR-RBF,1337,2,glass_adhesion_kpa,hg0278,91.04033660888672,72.10219508671915
SVR-RBF,1337,2,glass_adhesion_kpa,hg0279,127.67162322998047,110.96199862118576
SVR-RBF,1337,2,glass_adhesion_kpa,hg0280,117.31068420410156,199.43906359878574
SVR-RBF,1337,2,glass_adhesion_kpa,hg0281,155.07431030273438,136.23047539719886
SVR-RBF,1337,2,glass_adhesion_kpa,hg0282,74.50814056396484,120.0830229390801
SVR-RBF,1337,2,glass_adhesion_kpa,hg0283,101.62773895263672,167.62881104682856
SVR-RBF,1337,2,glass_adhesion_kpa,hg0284,75.13092803955078,52.95478119808211
SVR-RBF,1337,2,glass_adhesion_kpa,hg0285,245.0955352783203,217.46399122599658
SVR-RBF,1337,2,glass_adhesion_kpa,hg0286,109.9504623413086,88.65957630875691
SVR-RBF,1337,2,glass_adhesion_kpa,hg0287,200.08493041992188,211.12118860528528
SVR-RBF,1337,2,glass_adhesion_kpa,hg0288,250.9837188720703,215.44635960957672
SVR-RBF,1337,2,glass_adhesion_kpa,hg0289,81.07572174072266,105.00061372181564
SVR-RBF,1337,2,glass_adhesion_kpa,hg0290,235.4706268310547,216.08360535556437
SVR-RBF,1337,2,glass_adhesion_kpa,hg0291,225.3927764892578,215.11855245722242
SVR-RBF,1337,2,glass_adhesion_kpa,hg0334,206.6525115966797,217.22178227568762
SVR-RBF,1337,2,glass_adhesion_kpa,hg0335,193.57395935058594,165.63004491038865
SVR-RBF,1337,2,glass_adhesion_kpa,hg0336,62.22222137451172,136.8440529630629
SVR-RBF,1337,2,glass_adhesion_kpa,hg0337,147.99716186523438,126.56431731864127
SVR-RBF,1337,2,glass_adhesion_kpa,hg0338,229.75230407714844,217.094385942048
SVR-RBF,1337,2,glass_adhesion_kpa,hg0339,232.0736083984375,217.19035666027415
SVR-RBF,1337,2,glass_adhesion_kpa,hg0340,199.1224365234375,202.7178208067568
RandomForest,1337,2,glass_adhesion_kpa,hg0274,101.34465789794922,182.79771229029774
RandomForest,1337,2,glass_adhesion_kpa,hg0275,229.6956787109375,279.7592773744918
RandomForest,1337,2,glass_adhesion_kpa,hg0276,160.2830810546875,125.01791627345457
RandomForest,1337,2,glass_adhesion_kpa,hg0277,100.89171600341797,92.63982326550999
RandomForest,1337,2,glass_adhesion_kpa,hg0278,91.04033660888672,85.64382391186177
RandomForest,1337,2,glass_adhesion_kpa,hg0279,127.67162322998047,117.47038676467886
RandomForest,1337,2,glass_adhesion_kpa,hg0280,117.31068420410156,175.57955785923875
RandomForest,1337,2,glass_adhesion_kpa,hg0281,155.07431030273438,127.56513167895716
RandomForest,1337,2,glass_adhesion_kpa,hg0282,74.50814056396484,107.53875016260298
RandomForest,1337,2,glass_adhesion_kpa,hg0283,101.62773895263672,182.85089982096798
RandomForest,1337,2,glass_adhesion_kpa,hg0284,75.13092803955078,91.70515449249287
RandomForest,1337,2,glass_adhesion_kpa,hg0285,245.0955352783203,259.61594754861596
RandomForest,1337,2,glass_adhesion_kpa,hg0286,109.9504623413086,109.6235116158782
RandomForest,1337,2,glass_adhesion_kpa,hg0287,200.08493041992188,241.11156528476528
RandomForest,1337,2,glass_adhesion_kpa,hg0288,250.9837188720703,258.7246508437559
RandomForest,1337,2,glass_adhesion_kpa,hg0289,81.07572174072266,117.0745454800772
RandomForest,1337,2,glass_adhesion_kpa,hg0290,235.4706268310547,273.8796074796057
RandomForest,1337,2,glass_adhesion_kpa,hg0291,225.3927764892578,272.69723584267
RandomForest,1337,2,glass_adhesion_kpa,hg0334,206.6525115966797,249.64629348672696
RandomForest,1337,2,glass_adhesion_kpa,hg0335,193.57395935058594,143.2081497379948
RandomForest,1337,2,glass_adhesion_kpa,hg0336,62.22222137451172,147.77030804188976
RandomForest,1337,2,glass_adhesion_kpa,hg0337,147.99716186523438,146.6872135472419
RandomForest,1337,2,glass_adhesion_kpa,hg0338,229.75230407714844,279.6562425739091
RandomForest,1337,2,glass_adhesion_kpa,hg0339,232.0736083984375,257.81481542586124
RandomForest,1337,2,glass_adhesion_kpa,hg0340,199.1224365234375,212.3795971103003
HistGB,1337,2,glass_adhesion_kpa,hg0274,101.34465789794922,195.63508665076614
HistGB,1337,2,glass_adhesion_kpa,hg0275,229.6956787109375,275.10027895907353
HistGB,1337,2,glass_adhesion_kpa,hg0276,160.2830810546875,107.62669801991285
HistGB,1337,2,glass_adhesion_kpa,hg0277,100.89171600341797,77.00861443795662
HistGB,1337,2,glass_adhesion_kpa,hg0278,91.04033660888672,84.07326484860411
HistGB,1337,2,glass_adhesion_kpa,hg0279,127.67162322998047,112.52450993438202
HistGB,1337,2,glass_adhesion_kpa,hg0280,117.31068420410156,175.50186970680446
HistGB,1337,2,glass_adhesion_kpa,hg0281,155.07431030273438,116.0154963783144
HistGB,1337,2,glass_adhesion_kpa,hg0282,74.50814056396484,120.64062396571528
HistGB,1337,2,glass_adhesion_kpa,hg0283,101.62773895263672,195.63508665076614
HistGB,1337,2,glass_adhesion_kpa,hg0284,75.13092803955078,74.0680210519571
HistGB,1337,2,glass_adhesion_kpa,hg0285,245.0955352783203,261.5464563461321
HistGB,1337,2,glass_adhesion_kpa,hg0286,109.9504623413086,96.18318870526419
HistGB,1337,2,glass_adhesion_kpa,hg0287,200.08493041992188,258.35081841523123
HistGB,1337,2,glass_adhesion_kpa,hg0288,250.9837188720703,256.79510511278863
HistGB,1337,2,glass_adhesion_kpa,hg0289,81.07572174072266,115.38848803236574
HistGB,1337,2,glass_adhesion_kpa,hg0290,235.4706268310547,270.98434820364827
HistGB,1337,2,glass_adhesion_kpa,hg0291,225.3927764892578,248.78511261339492
HistGB,1337,2,glass_adhesion_kpa,hg0334,206.6525115966797,244.49577611243697
HistGB,1337,2,glass_adhesion_kpa,hg0335,193.57395935058594,150.63711167605203
HistGB,1337,2,glass_adhesion_kpa,hg0336,62.22222137451172,140.04751970435885
HistGB,1337,2,glass_adhesion_kpa,hg0337,147.99716186523438,163.27788833998653
HistGB,1337,2,glass_adhesion_kpa,hg0338,229.75230407714844,275.10027895907353
HistGB,1337,2,glass_adhesion_kpa,hg0339,232.0736083984375,260.7128476937383
HistGB,1337,2,glass_adhesion_kpa,hg0340,199.1224365234375,195.87968178287989
MLP,1337,2,glass_adhesion_kpa,hg0274,101.34465789794922,174.3673858642578
MLP,1337,2,glass_adhesion_kpa,hg0275,229.6956787109375,230.174560546875
MLP,1337,2,glass_adhesion_kpa,hg0276,160.2830810546875,117.70272827148438
MLP,1337,2,glass_adhesion_kpa,hg0277,100.89171600341797,93.7571029663086
MLP,1337,2,glass_adhesion_kpa,hg0278,91.04033660888672,43.99885559082031
MLP,1337,2,glass_adhesion_kpa,hg0279,127.67162322998047,129.4764862060547
MLP,1337,2,glass_adhesion_kpa,hg0280,117.31068420410156,200.59925842285156
MLP,1337,2,glass_adhesion_kpa,hg0281,155.07431030273438,128.75341796875
MLP,1337,2,glass_adhesion_kpa,hg0282,74.50814056396484,95.38105010986328
MLP,1337,2,glass_adhesion_kpa,hg0283,101.62773895263672,176.76431274414062
MLP,1337,2,glass_adhesion_kpa,hg0284,75.13092803955078,110.18510437011719
MLP,1337,2,glass_adhesion_kpa,hg0285,245.0955352783203,231.1544952392578
MLP,1337,2,glass_adhesion_kpa,hg0286,109.9504623413086,106.26478576660156
MLP,1337,2,glass_adhesion_kpa,hg0287,200.08493041992188,226.1134033203125
MLP,1337,2,glass_adhesion_kpa,hg0288,250.9837188720703,229.8798370361328
MLP,1337,2,glass_adhesion_kpa,hg0289,81.07572174072266,119.90741729736328
MLP,1337,2,glass_adhesion_kpa,hg0290,235.4706268310547,229.44647216796875
MLP,1337,2,glass_adhesion_kpa,hg0291,225.3927764892578,228.40402221679688
MLP,1337,2,glass_adhesion_kpa,hg0334,206.6525115966797,230.54916381835938
MLP,1337,2,glass_adhesion_kpa,hg0335,193.57395935058594,164.14666748046875
MLP,1337,2,glass_adhesion_kpa,hg0336,62.22222137451172,156.4945526123047
MLP,1337,2,glass_adhesion_kpa,hg0337,147.99716186523438,134.2987518310547
MLP,1337,2,glass_adhesion_kpa,hg0338,229.75230407714844,230.16693115234375
MLP,1337,2,glass_adhesion_kpa,hg0339,232.0736083984375,231.29046630859375
MLP,1337,2,glass_adhesion_kpa,hg0340,199.1224365234375,221.41897583007812
Mean,1337,3,glass_adhesion_kpa,hg0274,101.34465789794922,92.60166931152344
Mean,1337,3,glass_adhesion_kpa,hg0275,229.6956787109375,92.60166931152344
Mean,1337,3,glass_adhesion_kpa,hg0276,160.2830810546875,92.60166931152344
Mean,1337,3,glass_adhesion_kpa,hg0277,100.89171600341797,92.60166931152344
Mean,1337,3,glass_adhesion_kpa,hg0278,91.04033660888672,92.60166931152344
Mean,1337,3,glass_adhesion_kpa,hg0279,127.67162322998047,92.60166931152344
Mean,1337,3,glass_adhesion_kpa,hg0280,117.31068420410156,92.60166931152344
Mean,1337,3,glass_adhesion_kpa,hg0281,155.07431030273438,92.60166931152344
Mean,1337,3,glass_adhesion_kpa,hg0282,74.50814056396484,92.60166931152344
Mean,1337,3,glass_adhesion_kpa,hg0283,101.62773895263672,92.60166931152344
Mean,1337,3,glass_adhesion_kpa,hg0284,75.13092803955078,92.60166931152344
Mean,1337,3,glass_adhesion_kpa,hg0285,245.0955352783203,92.60166931152344
Mean,1337,3,glass_adhesion_kpa,hg0286,109.9504623413086,92.60166931152344
Mean,1337,3,glass_adhesion_kpa,hg0287,200.08493041992188,92.60166931152344
Mean,1337,3,glass_adhesion_kpa,hg0288,250.9837188720703,92.60166931152344
Mean,1337,3,glass_adhesion_kpa,hg0289,81.07572174072266,92.60166931152344
Mean,1337,3,glass_adhesion_kpa,hg0290,235.4706268310547,92.60166931152344
Mean,1337,3,glass_adhesion_kpa,hg0291,225.3927764892578,92.60166931152344
Mean,1337,3,glass_adhesion_kpa,hg0334,206.6525115966797,92.60166931152344
Mean,1337,3,glass_adhesion_kpa,hg0335,193.57395935058594,92.60166931152344
Mean,1337,3,glass_adhesion_kpa,hg0336,62.22222137451172,92.60166931152344
Mean,1337,3,glass_adhesion_kpa,hg0337,147.99716186523438,92.60166931152344
Mean,1337,3,glass_adhesion_kpa,hg0338,229.75230407714844,92.60166931152344
Mean,1337,3,glass_adhesion_kpa,hg0339,232.0736083984375,92.60166931152344
Mean,1337,3,glass_adhesion_kpa,hg0340,199.1224365234375,92.60166931152344
Ridge,1337,3,glass_adhesion_kpa,hg0274,101.34465789794922,175.23516845703125
Ridge,1337,3,glass_adhesion_kpa,hg0275,229.6956787109375,227.0945281982422
Ridge,1337,3,glass_adhesion_kpa,hg0276,160.2830810546875,139.84596252441406
Ridge,1337,3,glass_adhesion_kpa,hg0277,100.89171600341797,67.68714141845703
Ridge,1337,3,glass_adhesion_kpa,hg0278,91.04033660888672,63.452606201171875
Ridge,1337,3,glass_adhesion_kpa,hg0279,127.67162322998047,141.987060546875
Ridge,1337,3,glass_adhesion_kpa,hg0280,117.31068420410156,202.641357421875
Ridge,1337,3,glass_adhesion_kpa,hg0281,155.07431030273438,152.47129821777344
Ridge,1337,3,glass_adhesion_kpa,hg0282,74.50814056396484,116.32136535644531
Ridge,1337,3,glass_adhesion_kpa,hg0283,101.62773895263672,177.6915283203125
Ridge,1337,3,glass_adhesion_kpa,hg0284,75.13092803955078,91.41201782226562
Ridge,1337,3,glass_adhesion_kpa,hg0285,245.0955352783203,227.65744018554688
Ridge,1337,3,glass_adhesion_kpa,hg0286,109.9504623413086,125.6855697631836
Ridge,1337,3,glass_adhesion_kpa,hg0287,200.08493041992188,227.43289184570312
Ridge,1337,3,glass_adhesion_kpa,hg0288,250.9837188720703,228.140380859375
Ridge,1337,3,glass_adhesion_kpa,hg0289,81.07572174072266,134.98362731933594
Ridge,1337,3,glass_adhesion_kpa,hg0290,235.4706268310547,227.9295654296875
Ridge,1337,3,glass_adhesion_kpa,hg0291,225.3927764892578,226.8258819580078
Ridge,1337,3,glass_adhesion_kpa,hg0334,206.6525115966797,225.30859375
Ridge,1337,3,glass_adhesion_kpa,hg0335,193.57395935058594,172.66229248046875
Ridge,1337,3,glass_adhesion_kpa,hg0336,62.22222137451172,143.8370361328125
Ridge,1337,3,glass_adhesion_kpa,hg0337,147.99716186523438,138.2181854248047
Ridge,1337,3,glass_adhesion_kpa,hg0338,229.75230407714844,226.98858642578125
Ridge,1337,3,glass_adhesion_kpa,hg0339,232.0736083984375,227.58164978027344
Ridge,1337,3,glass_adhesion_kpa,hg0340,199.1224365234375,217.53367614746094
ElasticNet,1337,3,glass_adhesion_kpa,hg0274,101.34465789794922,174.55882263183594
ElasticNet,1337,3,glass_adhesion_kpa,hg0275,229.6956787109375,226.67979431152344
ElasticNet,1337,3,glass_adhesion_kpa,hg0276,160.2830810546875,138.16531372070312
ElasticNet,1337,3,glass_adhesion_kpa,hg0277,100.89171600341797,63.93779754638672
ElasticNet,1337,3,glass_adhesion_kpa,hg0278,91.04033660888672,62.48949432373047
ElasticNet,1337,3,glass_adhesion_kpa,hg0279,127.67162322998047,142.20782470703125
ElasticNet,1337,3,glass_adhesion_kpa,hg0280,117.31068420410156,201.06283569335938
ElasticNet,1337,3,glass_adhesion_kpa,hg0281,155.07431030273438,150.34666442871094
ElasticNet,1337,3,glass_adhesion_kpa,hg0282,74.50814056396484,115.23741912841797
ElasticNet,1337,3,glass_adhesion_kpa,hg0283,101.62773895263672,177.01657104492188
ElasticNet,1337,3,glass_adhesion_kpa,hg0284,75.13092803955078,92.20646667480469
ElasticNet,1337,3,glass_adhesion_kpa,hg0285,245.0955352783203,226.94517517089844
ElasticNet,1337,3,glass_adhesion_kpa,hg0286,109.9504623413086,124.47174072265625
ElasticNet,1337,3,glass_adhesion_kpa,hg0287,200.08493041992188,227.8125762939453
ElasticNet,1337,3,glass_adhesion_kpa,hg0288,250.9837188720703,227.41783142089844
ElasticNet,1337,3,glass_adhesion_kpa,hg0289,81.07572174072266,135.19371032714844
ElasticNet,1337,3,glass_adhesion_kpa,hg0290,235.4706268310547,227.5371856689453
ElasticNet,1337,3,glass_adhesion_kpa,hg0291,225.3927764892578,226.80117797851562
ElasticNet,1337,3,glass_adhesion_kpa,hg0334,206.6525115966797,224.63446044921875
ElasticNet,1337,3,glass_adhesion_kpa,hg0335,193.57395935058594,170.68894958496094
ElasticNet,1337,3,glass_adhesion_kpa,hg0336,62.22222137451172,147.53302001953125
ElasticNet,1337,3,glass_adhesion_kpa,hg0337,147.99716186523438,138.5228729248047
ElasticNet,1337,3,glass_adhesion_kpa,hg0338,229.75230407714844,226.5780029296875
ElasticNet,1337,3,glass_adhesion_kpa,hg0339,232.0736083984375,226.7498779296875
ElasticNet,1337,3,glass_adhesion_kpa,hg0340,199.1224365234375,219.31985473632812
KNN,1337,3,glass_adhesion_kpa,hg0274,101.34465789794922,170.0518658350708
KNN,1337,3,glass_adhesion_kpa,hg0275,229.6956787109375,292.206124785991
KNN,1337,3,glass_adhesion_kpa,hg0276,160.2830810546875,119.60838025675613
KNN,1337,3,glass_adhesion_kpa,hg0277,100.89171600341797,92.80645910847603
KNN,1337,3,glass_adhesion_kpa,hg0278,91.04033660888672,94.99447853986364
KNN,1337,3,glass_adhesion_kpa,hg0279,127.67162322998047,94.42742986775573
KNN,1337,3,glass_adhesion_kpa,hg0280,117.31068420410156,182.835369284798
KNN,1337,3,glass_adhesion_kpa,hg0281,155.07431030273438,138.28633452672585
KNN,1337,3,glass_adhesion_kpa,hg0282,74.50814056396484,118.88091184361613
KNN,1337,3,glass_adhesion_kpa,hg0283,101.62773895263672,177.71747065875908
KNN,1337,3,glass_adhesion_kpa,hg0284,75.13092803955078,77.76681452574255
KNN,1337,3,glass_adhesion_kpa,hg0285,245.0955352783203,271.9612116417401
KNN,1337,3,glass_adhesion_kpa,hg0286,109.9504623413086,114.43029853678652
KNN,1337,3,glass_adhesion_kpa,hg0287,200.08493041992188,248.9298625212208
KNN,1337,3,glass_adhesion_kpa,hg0288,250.9837188720703,254.62609551487176
KNN,1337,3,glass_adhesion_kpa,hg0289,81.07572174072266,88.44916559162965
KNN,1337,3,glass_adhesion_kpa,hg0290,235.4706268310547,289.38409134533055
KNN,1337,3,glass_adhesion_kpa,hg0291,225.3927764892578,271.12715823918154
KNN,1337,3,glass_adhesion_kpa,hg0334,206.6525115966797,296.2764517410612
KNN,1337,3,glass_adhesion_kpa,hg0335,193.57395935058594,158.25813745734536
KNN,1337,3,glass_adhesion_kpa,hg0336,62.22222137451172,180.06576034901784
KNN,1337,3,glass_adhesion_kpa,hg0337,147.99716186523438,178.74922252905782
KNN,1337,3,glass_adhesion_kpa,hg0338,229.75230407714844,293.83845531054027
KNN,1337,3,glass_adhesion_kpa,hg0339,232.0736083984375,242.76255300743767
KNN,1337,3,glass_adhesion_kpa,hg0340,199.1224365234375,266.5222251344357
SVR-RBF,1337,3,glass_adhesion_kpa,hg0274,101.34465789794922,155.72648427964384
SVR-RBF,1337,3,glass_adhesion_kpa,hg0275,229.6956787109375,227.8365576570444
SVR-RBF,1337,3,glass_adhesion_kpa,hg0276,160.2830810546875,122.47430228853865
SVR-RBF,1337,3,glass_adhesion_kpa,hg0277,100.89171600341797,81.17758663602653
SVR-RBF,1337,3,glass_adhesion_kpa,hg0278,91.04033660888672,67.55308465988487
SVR-RBF,1337,3,glass_adhesion_kpa,hg0279,127.67162322998047,102.06549262146031
SVR-RBF,1337,3,glass_adhesion_kpa,hg0280,117.31068420410156,194.07000558593813
SVR-RBF,1337,3,glass_adhesion_kpa,hg0281,155.07431030273438,143.69241892411833
SVR-RBF,1337,3,glass_adhesion_kpa,hg0282,74.50814056396484,117.53904808136663
SVR-RBF,1337,3,glass_adhesion_kpa,hg0283,101.62773895263672,159.07900603330364
SVR-RBF,1337,3,glass_adhesion_kpa,hg0284,75.13092803955078,63.36346172833934
SVR-RBF,1337,3,glass_adhesion_kpa,hg0285,245.0955352783203,228.03488519146896
SVR-RBF,1337,3,glass_adhesion_kpa,hg0286,109.9504623413086,103.52805024891886
SVR-RBF,1337,3,glass_adhesion_kpa,hg0287,200.08493041992188,227.68855474928574
SVR-RBF,1337,3,glass_adhesion_kpa,hg0288,250.9837188720703,227.73603535615177
SVR-RBF,1337,3,glass_adhesion_kpa,hg0289,81.07572174072266,100.27786690563217
SVR-RBF,1337,3,glass_adhesion_kpa,hg0290,235.4706268310547,228.6986633039254
SVR-RBF,1337,3,glass_adhesion_kpa,hg0291,225.3927764892578,227.58396402663885
SVR-RBF,1337,3,glass_adhesion_kpa,hg0334,206.6525115966797,224.47547170690194
SVR-RBF,1337,3,glass_adhesion_kpa,hg0335,193.57395935058594,161.8140743634156
SVR-RBF,1337,3,glass_adhesion_kpa,hg0336,62.22222137451172,121.58393020826999
SVR-RBF,1337,3,glass_adhesion_kpa,hg0337,147.99716186523438,139.57737199658095
SVR-RBF,1337,3,glass_adhesion_kpa,hg0338,229.75230407714844,227.6864726640602
SVR-RBF,1337,3,glass_adhesion_kpa,hg0339,232.0736083984375,227.4197474381786
SVR-RBF,1337,3,glass_adhesion_kpa,hg0340,199.1224365234375,213.72160308125046
RandomForest,1337,3,glass_adhesion_kpa,hg0274,101.34465789794922,182.01566625584317
RandomForest,1337,3,glass_adhesion_kpa,hg0275,229.6956787109375,285.3623882390685
RandomForest,1337,3,glass_adhesion_kpa,hg0276,160.2830810546875,137.55171130639684
RandomForest,1337,3,glass_adhesion_kpa,hg0277,100.89171600341797,90.68808158390266
RandomForest,1337,3,glass_adhesion_kpa,hg0278,91.04033660888672,97.5835368921191
RandomForest,1337,3,glass_adhesion_kpa,hg0279,127.67162322998047,119.84382296972356
RandomForest,1337,3,glass_adhesion_kpa,hg0280,117.31068420410156,179.29444488697806
RandomForest,1337,3,glass_adhesion_kpa,hg0281,155.07431030273438,139.5568210691382
RandomForest,1337,3,glass_adhesion_kpa,hg0282,74.50814056396484,112.43601581370089
RandomForest,1337,3,glass_adhesion_kpa,hg0283,101.62773895263672,182.68283696902
RandomForest,1337,3,glass_adhesion_kpa,hg0284,75.13092803955078,92.12622068477216
RandomForest,1337,3,glass_adhesion_kpa,hg0285,245.0955352783203,250.37540329108805
RandomForest,1337,3,glass_adhesion_kpa,hg0286,109.9504623413086,116.93515894574634
RandomForest,1337,3,glass_adhesion_kpa,hg0287,200.08493041992188,249.5159120775212
RandomForest,1337,3,glass_adhesion_kpa,hg0288,250.9837188720703,253.23904651167703
RandomForest,1337,3,glass_adhesion_kpa,hg0289,81.07572174072266,117.10852801058925
RandomForest,1337,3,glass_adhesion_kpa,hg0290,235.4706268310547,272.15564255256436
RandomForest,1337,3,glass_adhesion_kpa,hg0291,225.3927764892578,269.4565754744966
RandomForest,1337,3,glass_adhesion_kpa,hg0334,206.6525115966797,281.84325136303227
RandomForest,1337,3,glass_adhesion_kpa,hg0335,193.57395935058594,141.35617186659474
RandomForest,1337,3,glass_adhesion_kpa,hg0336,62.22222137451172,131.27120684381933
RandomForest,1337,3,glass_adhesion_kpa,hg0337,147.99716186523438,143.60782259365934
RandomForest,1337,3,glass_adhesion_kpa,hg0338,229.75230407714844,285.10297311362575
RandomForest,1337,3,glass_adhesion_kpa,hg0339,232.0736083984375,243.82317162637656
RandomForest,1337,3,glass_adhesion_kpa,hg0340,199.1224365234375,223.65548356912905
HistGB,1337,3,glass_adhesion_kpa,hg0274,101.34465789794922,170.72745549998373
HistGB,1337,3,glass_adhesion_kpa,hg0275,229.6956787109375,291.88654368009543
HistGB,1337,3,glass_adhesion_kpa,hg0276,160.2830810546875,143.44513854165928
HistGB,1337,3,glass_adhesion_kpa,hg0277,100.89171600341797,67.06042647924114
HistGB,1337,3,glass_adhesion_kpa,hg0278,91.04033660888672,107.82002418091967
HistGB,1337,3,glass_adhesion_kpa,hg0279,127.67162322998047,91.36493103365865
HistGB,1337,3,glass_adhesion_kpa,hg0280,117.31068420410156,195.52981875032478
HistGB,1337,3,glass_adhesion_kpa,hg0281,155.07431030273438,124.69686921387834
HistGB,1337,3,glass_adhesion_kpa,hg0282,74.50814056396484,112.72334583914612
HistGB,1337,3,glass_adhesion_kpa,hg0283,101.62773895263672,169.41664074788076
HistGB,1337,3,glass_adhesion_kpa,hg0284,75.13092803955078,78.82310292056414
HistGB,1337,3,glass_adhesion_kpa,hg0285,245.0955352783203,274.618162222351
HistGB,1337,3,glass_adhesion_kpa,hg0286,109.9504623413086,110.39927986610769
HistGB,1337,3,glass_adhesion_kpa,hg0287,200.08493041992188,231.10335289567934
HistGB,1337,3,glass_adhesion_kpa,hg0288,250.9837188720703,247.9188865712271
HistGB,1337,3,glass_adhesion_kpa,hg0289,81.07572174072266,86.77166305011608
HistGB,1337,3,glass_adhesion_kpa,hg0290,235.4706268310547,284.5043694541159
HistGB,1337,3,glass_adhesion_kpa,hg0291,225.3927764892578,290.995153246119
HistGB,1337,3,glass_adhesion_kpa,hg0334,206.6525115966797,279.8432701968863
HistGB,1337,3,glass_adhesion_kpa,hg0335,193.57395935058594,116.5181966531845
HistGB,1337,3,glass_adhesion_kpa,hg0336,62.22222137451172,162.6362096897028
HistGB,1337,3,glass_adhesion_kpa,hg0337,147.99716186523438,138.74249982926574
HistGB,1337,3,glass_adhesion_kpa,hg0338,229.75230407714844,291.88654368009543
HistGB,1337,3,glass_adhesion_kpa,hg0339,232.0736083984375,246.912480848467
HistGB,1337,3,glass_adhesion_kpa,hg0340,199.1224365234375,226.78556302625427
MLP,1337,3,glass_adhesion_kpa,hg0274,101.34465789794922,181.1253204345703
MLP,1337,3,glass_adhesion_kpa,hg0275,229.6956787109375,238.91085815429688
MLP,1337,3,glass_adhesion_kpa,hg0276,160.2830810546875,140.73211669921875
MLP,1337,3,glass_adhesion_kpa,hg0277,100.89171600341797,72.40525817871094
MLP,1337,3,glass_adhesion_kpa,hg0278,91.04033660888672,56.68870162963867
MLP,1337,3,glass_adhesion_kpa,hg0279,127.67162322998047,124.48638153076172
MLP,1337,3,glass_adhesion_kpa,hg0280,117.31068420410156,203.49099731445312
MLP,1337,3,glass_adhesion_kpa,hg0281,155.07431030273438,140.809326171875
MLP,1337,3,glass_adhesion_kpa,hg0282,74.50814056396484,89.95052337646484
MLP,1337,3,glass_adhesion_kpa,hg0283,101.62773895263672,183.4622344970703
MLP,1337,3,glass_adhesion_kpa,hg0284,75.13092803955078,143.24136352539062
MLP,1337,3,glass_adhesion_kpa,hg0285,245.0955352783203,236.6751708984375
MLP,1337,3,glass_adhesion_kpa,hg0286,109.9504623413086,138.92578125
MLP,1337,3,glass_adhesion_kpa,hg0287,200.08493041992188,242.48175048828125
MLP,1337,3,glass_adhesion_kpa,hg0288,250.9837188720703,235.77334594726562
MLP,1337,3,glass_adhesion_kpa,hg0289,81.07572174072266,121.05264282226562
MLP,1337,3,glass_adhesion_kpa,hg0290,235.4706268310547,238.8233642578125
MLP,1337,3,glass_adhesion_kpa,hg0291,225.3927764892578,240.8356475830078
MLP,1337,3,glass_adhesion_kpa,hg0334,206.6525115966797,236.85845947265625
MLP,1337,3,glass_adhesion_kpa,hg0335,193.57395935058594,154.37693786621094
MLP,1337,3,glass_adhesion_kpa,hg0336,62.22222137451172,170.1559295654297
MLP,1337,3,glass_adhesion_kpa,hg0337,147.99716186523438,133.78460693359375
MLP,1337,3,glass_adhesion_kpa,hg0338,229.75230407714844,238.92413330078125
MLP,1337,3,glass_adhesion_kpa,hg0339,232.0736083984375,235.42080688476562
MLP,1337,3,glass_adhesion_kpa,hg0340,199.1224365234375,243.2621307373047
Mean,1337,4,glass_adhesion_kpa,hg0274,101.34465789794922,90.29715728759766
Mean,1337,4,glass_adhesion_kpa,hg0275,229.6956787109375,90.29715728759766
Mean,1337,4,glass_adhesion_kpa,hg0276,160.2830810546875,90.29715728759766
Mean,1337,4,glass_adhesion_kpa,hg0277,100.89171600341797,90.29715728759766
Mean,1337,4,glass_adhesion_kpa,hg0278,91.04033660888672,90.29715728759766
Mean,1337,4,glass_adhesion_kpa,hg0279,127.67162322998047,90.29715728759766
Mean,1337,4,glass_adhesion_kpa,hg0280,117.31068420410156,90.29715728759766
Mean,1337,4,glass_adhesion_kpa,hg0281,155.07431030273438,90.29715728759766
Mean,1337,4,glass_adhesion_kpa,hg0282,74.50814056396484,90.29715728759766
Mean,1337,4,glass_adhesion_kpa,hg0283,101.62773895263672,90.29715728759766
Mean,1337,4,glass_adhesion_kpa,hg0284,75.13092803955078,90.29715728759766
Mean,1337,4,glass_adhesion_kpa,hg0285,245.0955352783203,90.29715728759766
Mean,1337,4,glass_adhesion_kpa,hg0286,109.9504623413086,90.29715728759766
Mean,1337,4,glass_adhesion_kpa,hg0287,200.08493041992188,90.29715728759766
Mean,1337,4,glass_adhesion_kpa,hg0288,250.9837188720703,90.29715728759766
Mean,1337,4,glass_adhesion_kpa,hg0289,81.07572174072266,90.29715728759766
Mean,1337,4,glass_adhesion_kpa,hg0290,235.4706268310547,90.29715728759766
Mean,1337,4,glass_adhesion_kpa,hg0291,225.3927764892578,90.29715728759766
Mean,1337,4,glass_adhesion_kpa,hg0334,206.6525115966797,90.29715728759766
Mean,1337,4,glass_adhesion_kpa,hg0335,193.57395935058594,90.29715728759766
Mean,1337,4,glass_adhesion_kpa,hg0336,62.22222137451172,90.29715728759766
Mean,1337,4,glass_adhesion_kpa,hg0337,147.99716186523438,90.29715728759766
Mean,1337,4,glass_adhesion_kpa,hg0338,229.75230407714844,90.29715728759766
Mean,1337,4,glass_adhesion_kpa,hg0339,232.0736083984375,90.29715728759766
Mean,1337,4,glass_adhesion_kpa,hg0340,199.1224365234375,90.29715728759766
Ridge,1337,4,glass_adhesion_kpa,hg0274,101.34465789794922,174.6074676513672
Ridge,1337,4,glass_adhesion_kpa,hg0275,229.6956787109375,220.5831756591797
Ridge,1337,4,glass_adhesion_kpa,hg0276,160.2830810546875,138.04452514648438
Ridge,1337,4,glass_adhesion_kpa,hg0277,100.89171600341797,88.53787231445312
Ridge,1337,4,glass_adhesion_kpa,hg0278,91.04033660888672,62.548927307128906
Ridge,1337,4,glass_adhesion_kpa,hg0279,127.67162322998047,140.46713256835938
Ridge,1337,4,glass_adhesion_kpa,hg0280,117.31068420410156,198.94338989257812
Ridge,1337,4,glass_adhesion_kpa,hg0281,155.07431030273438,151.31591796875
Ridge,1337,4,glass_adhesion_kpa,hg0282,74.50814056396484,122.05912780761719
Ridge,1337,4,glass_adhesion_kpa,hg0283,101.62773895263672,176.9204559326172
Ridge,1337,4,glass_adhesion_kpa,hg0284,75.13092803955078,82.73727416992188
Ridge,1337,4,glass_adhesion_kpa,hg0285,245.0955352783203,222.30111694335938
Ridge,1337,4,glass_adhesion_kpa,hg0286,109.9504623413086,121.60023498535156
Ridge,1337,4,glass_adhesion_kpa,hg0287,200.08493041992188,219.2291259765625
Ridge,1337,4,glass_adhesion_kpa,hg0288,250.9837188720703,222.9615936279297
Ridge,1337,4,glass_adhesion_kpa,hg0289,81.07572174072266,132.8142547607422
Ridge,1337,4,glass_adhesion_kpa,hg0290,235.4706268310547,221.5448455810547
Ridge,1337,4,glass_adhesion_kpa,hg0291,225.3927764892578,219.3473358154297
Ridge,1337,4,glass_adhesion_kpa,hg0334,206.6525115966797,219.10597229003906
Ridge,1337,4,glass_adhesion_kpa,hg0335,193.57395935058594,170.90660095214844
Ridge,1337,4,glass_adhesion_kpa,hg0336,62.22222137451172,142.51736450195312
Ridge,1337,4,glass_adhesion_kpa,hg0337,147.99716186523438,136.16827392578125
Ridge,1337,4,glass_adhesion_kpa,hg0338,229.75230407714844,220.44207763671875
Ridge,1337,4,glass_adhesion_kpa,hg0339,232.0736083984375,222.76669311523438
Ridge,1337,4,glass_adhesion_kpa,hg0340,199.1224365234375,206.82347106933594
ElasticNet,1337,4,glass_adhesion_kpa,hg0274,101.34465789794922,174.6099395751953
ElasticNet,1337,4,glass_adhesion_kpa,hg0275,229.6956787109375,220.57498168945312
ElasticNet,1337,4,glass_adhesion_kpa,hg0276,160.2830810546875,137.8306884765625
ElasticNet,1337,4,glass_adhesion_kpa,hg0277,100.89171600341797,88.3887710571289
ElasticNet,1337,4,glass_adhesion_kpa,hg0278,91.04033660888672,62.53239822387695
ElasticNet,1337,4,glass_adhesion_kpa,hg0279,127.67162322998047,140.4371795654297
ElasticNet,1337,4,glass_adhesion_kpa,hg0280,117.31068420410156,198.81884765625
ElasticNet,1337,4,glass_adhesion_kpa,hg0281,155.07431030273438,151.0469970703125
ElasticNet,1337,4,glass_adhesion_kpa,hg0282,74.50814056396484,121.91604614257812
ElasticNet,1337,4,glass_adhesion_kpa,hg0283,101.62773895263672,176.92247009277344
ElasticNet,1337,4,glass_adhesion_kpa,hg0284,75.13092803955078,82.83737182617188
ElasticNet,1337,4,glass_adhesion_kpa,hg0285,245.0955352783203,222.26629638671875
ElasticNet,1337,4,glass_adhesion_kpa,hg0286,109.9504623413086,121.41860961914062
ElasticNet,1337,4,glass_adhesion_kpa,hg0287,200.08493041992188,219.31976318359375
ElasticNet,1337,4,glass_adhesion_kpa,hg0288,250.9837188720703,222.93679809570312
ElasticNet,1337,4,glass_adhesion_kpa,hg0289,81.07572174072266,132.79566955566406
ElasticNet,1337,4,glass_adhesion_kpa,hg0290,235.4706268310547,221.5470428466797
ElasticNet,1337,4,glass_adhesion_kpa,hg0291,225.3927764892578,219.38392639160156
ElasticNet,1337,4,glass_adhesion_kpa,hg0334,206.6525115966797,219.05996704101562
ElasticNet,1337,4,glass_adhesion_kpa,hg0335,193.57395935058594,170.67962646484375
ElasticNet,1337,4,glass_adhesion_kpa,hg0336,62.22222137451172,143.03173828125
ElasticNet,1337,4,glass_adhesion_kpa,hg0337,147.99716186523438,136.23770141601562
ElasticNet,1337,4,glass_adhesion_kpa,hg0338,229.75230407714844,220.43370056152344
ElasticNet,1337,4,glass_adhesion_kpa,hg0339,232.0736083984375,222.72183227539062
ElasticNet,1337,4,glass_adhesion_kpa,hg0340,199.1224365234375,207.05978393554688
KNN,1337,4,glass_adhesion_kpa,hg0274,101.34465789794922,156.22792758945968
KNN,1337,4,glass_adhesion_kpa,hg0275,229.6956787109375,251.9647468151666
KNN,1337,4,glass_adhesion_kpa,hg0276,160.2830810546875,123.86602968118207
KNN,1337,4,glass_adhesion_kpa,hg0277,100.89171600341797,73.86442966252078
KNN,1337,4,glass_adhesion_kpa,hg0278,91.04033660888672,77.87431725317437
KNN,1337,4,glass_adhesion_kpa,hg0279,127.67162322998047,101.35290489058485
KNN,1337,4,glass_adhesion_kpa,hg0280,117.31068420410156,197.36795057649883
KNN,1337,4,glass_adhesion_kpa,hg0281,155.07431030273438,144.6515385758483
KNN,1337,4,glass_adhesion_kpa,hg0282,74.50814056396484,113.69830229986387
KNN,1337,4,glass_adhesion_kpa,hg0283,101.62773895263672,159.7529825483256
KNN,1337,4,glass_adhesion_kpa,hg0284,75.13092803955078,86.60723240105716
KNN,1337,4,glass_adhesion_kpa,hg0285,245.0955352783203,254.50187804052936
KNN,1337,4,glass_adhesion_kpa,hg0286,109.9504623413086,100.28693736152084
KNN,1337,4,glass_adhesion_kpa,hg0287,200.08493041992188,233.57271557476506
KNN,1337,4,glass_adhesion_kpa,hg0288,250.9837188720703,261.42413870271787
KNN,1337,4,glass_adhesion_kpa,hg0289,81.07572174072266,91.63241958058762
KNN,1337,4,glass_adhesion_kpa,hg0290,235.4706268310547,255.3068742272854
KNN,1337,4,glass_adhesion_kpa,hg0291,225.3927764892578,241.99609505667178
KNN,1337,4,glass_adhesion_kpa,hg0334,206.6525115966797,235.83165266022095
KNN,1337,4,glass_adhesion_kpa,hg0335,193.57395935058594,161.58960237085077
KNN,1337,4,glass_adhesion_kpa,hg0336,62.22222137451172,157.05545574486112
KNN,1337,4,glass_adhesion_kpa,hg0337,147.99716186523438,162.8637256995478
KNN,1337,4,glass_adhesion_kpa,hg0338,229.75230407714844,245.52211444498553
KNN,1337,4,glass_adhesion_kpa,hg0339,232.0736083984375,252.64189974909124
KNN,1337,4,glass_adhesion_kpa,hg0340,199.1224365234375,218.54120530941046
SVR-RBF,1337,4,glass_adhesion_kpa,hg0274,101.34465789794922,163.22363857285362
SVR-RBF,1337,4,glass_adhesion_kpa,hg0275,229.6956787109375,215.40575702212809
SVR-RBF,1337,4,glass_adhesion_kpa,hg0276,160.2830810546875,116.24280863298463
SVR-RBF,1337,4,glass_adhesion_kpa,hg0277,100.89171600341797,103.21545669684383
SVR-RBF,1337,4,glass_adhesion_kpa,hg0278,91.04033660888672,71.52409096679781
SVR-RBF,1337,4,glass_adhesion_kpa,hg0279,127.67162322998047,109.12390242273699
SVR-RBF,1337,4,glass_adhesion_kpa,hg0280,117.31068420410156,197.92101782723265
SVR-RBF,1337,4,glass_adhesion_kpa,hg0281,155.07431030273438,141.61840739454217
SVR-RBF,1337,4,glass_adhesion_kpa,hg0282,74.50814056396484,110.97372661527393
SVR-RBF,1337,4,glass_adhesion_kpa,hg0283,101.62773895263672,166.38009990466463
SVR-RBF,1337,4,glass_adhesion_kpa,hg0284,75.13092803955078,53.70610966807144
SVR-RBF,1337,4,glass_adhesion_kpa,hg0285,245.0955352783203,217.22320314432832
SVR-RBF,1337,4,glass_adhesion_kpa,hg0286,109.9504623413086,92.98295675214501
SVR-RBF,1337,4,glass_adhesion_kpa,hg0287,200.08493041992188,211.65159870778623
SVR-RBF,1337,4,glass_adhesion_kpa,hg0288,250.9837188720703,217.42530609953363
SVR-RBF,1337,4,glass_adhesion_kpa,hg0289,81.07572174072266,98.33341988088148
SVR-RBF,1337,4,glass_adhesion_kpa,hg0290,235.4706268310547,215.99400530151243
SVR-RBF,1337,4,glass_adhesion_kpa,hg0291,225.3927764892578,213.64075716548268
SVR-RBF,1337,4,glass_adhesion_kpa,hg0334,206.6525115966797,213.95230540012594
SVR-RBF,1337,4,glass_adhesion_kpa,hg0335,193.57395935058594,169.48964476910754
SVR-RBF,1337,4,glass_adhesion_kpa,hg0336,62.22222137451172,134.97031906864234
SVR-RBF,1337,4,glass_adhesion_kpa,hg0337,147.99716186523438,151.6336429930028
SVR-RBF,1337,4,glass_adhesion_kpa,hg0338,229.75230407714844,215.27792026333879
SVR-RBF,1337,4,glass_adhesion_kpa,hg0339,232.0736083984375,217.68010279910624
SVR-RBF,1337,4,glass_adhesion_kpa,hg0340,199.1224365234375,201.00317067592832
RandomForest,1337,4,glass_adhesion_kpa,hg0274,101.34465789794922,182.35979274180883
RandomForest,1337,4,glass_adhesion_kpa,hg0275,229.6956787109375,231.65088347935054
RandomForest,1337,4,glass_adhesion_kpa,hg0276,160.2830810546875,136.26179956442914
RandomForest,1337,4,glass_adhesion_kpa,hg0277,100.89171600341797,91.26813825076518
RandomForest,1337,4,glass_adhesion_kpa,hg0278,91.04033660888672,83.48877248506601
RandomForest,1337,4,glass_adhesion_kpa,hg0279,127.67162322998047,125.57841729663012
RandomForest,1337,4,glass_adhesion_kpa,hg0280,117.31068420410156,181.01481959760847
RandomForest,1337,4,glass_adhesion_kpa,hg0281,155.07431030273438,140.89621444842206
RandomForest,1337,4,glass_adhesion_kpa,hg0282,74.50814056396484,115.14952263694886
RandomForest,1337,4,glass_adhesion_kpa,hg0283,101.62773895263672,182.72615056118198
RandomForest,1337,4,glass_adhesion_kpa,hg0284,75.13092803955078,82.56998422410874
RandomForest,1337,4,glass_adhesion_kpa,hg0285,245.0955352783203,243.30101329140987
RandomForest,1337,4,glass_adhesion_kpa,hg0286,109.9504623413086,107.98982745482834
RandomForest,1337,4,glass_adhesion_kpa,hg0287,200.08493041992188,224.31578511831924
RandomForest,1337,4,glass_adhesion_kpa,hg0288,250.9837188720703,250.99254453448583
RandomForest,1337,4,glass_adhesion_kpa,hg0289,81.07572174072266,124.18222395804544
RandomForest,1337,4,glass_adhesion_kpa,hg0290,235.4706268310547,239.72734816240683
RandomForest,1337,4,glass_adhesion_kpa,hg0291,225.3927764892578,228.88456549046037
RandomForest,1337,4,glass_adhesion_kpa,hg0334,206.6525115966797,211.76829077139604
RandomForest,1337,4,glass_adhesion_kpa,hg0335,193.57395935058594,163.3461592299447
RandomForest,1337,4,glass_adhesion_kpa,hg0336,62.22222137451172,168.21797454860177
RandomForest,1337,4,glass_adhesion_kpa,hg0337,147.99716186523438,166.62267489965592
RandomForest,1337,4,glass_adhesion_kpa,hg0338,229.75230407714844,230.82394930757488
RandomForest,1337,4,glass_adhesion_kpa,hg0339,232.0736083984375,249.17729776058368
RandomForest,1337,4,glass_adhesion_kpa,hg0340,199.1224365234375,199.32407719838673
HistGB,1337,4,glass_adhesion_kpa,hg0274,101.34465789794922,164.7038389236283
HistGB,1337,4,glass_adhesion_kpa,hg0275,229.6956787109375,259.25271879520074
HistGB,1337,4,glass_adhesion_kpa,hg0276,160.2830810546875,146.78155821293015
HistGB,1337,4,glass_adhesion_kpa,hg0277,100.89171600341797,100.20801319658804
HistGB,1337,4,glass_adhesion_kpa,hg0278,91.04033660888672,83.33096934672754
HistGB,1337,4,glass_adhesion_kpa,hg0279,127.67162322998047,101.37026548583965
HistGB,1337,4,glass_adhesion_kpa,hg0280,117.31068420410156,178.85783776610373
HistGB,1337,4,glass_adhesion_kpa,hg0281,155.07431030273438,154.47354745220284
HistGB,1337,4,glass_adhesion_kpa,hg0282,74.50814056396484,112.76615903551343
HistGB,1337,4,glass_adhesion_kpa,hg0283,101.62773895263672,157.79152469879477
HistGB,1337,4,glass_adhesion_kpa,hg0284,75.13092803955078,71.68007641170452
HistGB,1337,4,glass_adhesion_kpa,hg0285,245.0955352783203,263.0543660401994
HistGB,1337,4,glass_adhesion_kpa,hg0286,109.9504623413086,104.92138237401349
HistGB,1337,4,glass_adhesion_kpa,hg0287,200.08493041992188,240.40075335129086
HistGB,1337,4,glass_adhesion_kpa,hg0288,250.9837188720703,288.1451506465598
HistGB,1337,4,glass_adhesion_kpa,hg0289,81.07572174072266,111.81025912687873
HistGB,1337,4,glass_adhesion_kpa,hg0290,235.4706268310547,265.6555356563201
HistGB,1337,4,glass_adhesion_kpa,hg0291,225.3927764892578,250.06485028735528
HistGB,1337,4,glass_adhesion_kpa,hg0334,206.6525115966797,200.60618453513098
HistGB,1337,4,glass_adhesion_kpa,hg0335,193.57395935058594,159.96705647360645
HistGB,1337,4,glass_adhesion_kpa,hg0336,62.22222137451172,207.46845929591424
HistGB,1337,4,glass_adhesion_kpa,hg0337,147.99716186523438,166.80704604747237
HistGB,1337,4,glass_adhesion_kpa,hg0338,229.75230407714844,229.94161769703453
HistGB,1337,4,glass_adhesion_kpa,hg0339,232.0736083984375,286.64897961670493
HistGB,1337,4,glass_adhesion_kpa,hg0340,199.1224365234375,198.93537804055666
MLP,1337,4,glass_adhesion_kpa,hg0274,101.34465789794922,179.53549194335938
MLP,1337,4,glass_adhesion_kpa,hg0275,229.6956787109375,222.31210327148438
MLP,1337,4,glass_adhesion_kpa,hg0276,160.2830810546875,117.40987396240234
MLP,1337,4,glass_adhesion_kpa,hg0277,100.89171600341797,80.21236419677734
MLP,1337,4,glass_adhesion_kpa,hg0278,91.04033660888672,41.4793815612793
MLP,1337,4,glass_adhesion_kpa,hg0279,127.67162322998047,129.89358520507812
MLP,1337,4,glass_adhesion_kpa,hg0280,117.31068420410156,198.53945922851562
MLP,1337,4,glass_adhesion_kpa,hg0281,155.07431030273438,125.21150970458984
MLP,1337,4,glass_adhesion_kpa,hg0282,74.50814056396484,87.02783966064453
MLP,1337,4,glass_adhesion_kpa,hg0283,101.62773895263672,181.6910400390625
MLP,1337,4,glass_adhesion_kpa,hg0284,75.13092803955078,112.6760482788086
MLP,1337,4,glass_adhesion_kpa,hg0285,245.0955352783203,219.99075317382812
MLP,1337,4,glass_adhesion_kpa,hg0286,109.9504623413086,107.28186798095703
MLP,1337,4,glass_adhesion_kpa,hg0287,200.08493041992188,223.7448272705078
MLP,1337,4,glass_adhesion_kpa,hg0288,250.9837188720703,218.52587890625
MLP,1337,4,glass_adhesion_kpa,hg0289,81.07572174072266,126.39307403564453
MLP,1337,4,glass_adhesion_kpa,hg0290,235.4706268310547,221.5350799560547
MLP,1337,4,glass_adhesion_kpa,hg0291,225.3927764892578,223.62710571289062
MLP,1337,4,glass_adhesion_kpa,hg0334,206.6525115966797,221.69979858398438
MLP,1337,4,glass_adhesion_kpa,hg0335,193.57395935058594,158.72494506835938
MLP,1337,4,glass_adhesion_kpa,hg0336,62.22222137451172,175.668212890625
MLP,1337,4,glass_adhesion_kpa,hg0337,147.99716186523438,142.42007446289062
MLP,1337,4,glass_adhesion_kpa,hg0338,229.75230407714844,222.3902587890625
MLP,1337,4,glass_adhesion_kpa,hg0339,232.0736083984375,218.74819946289062
MLP,1337,4,glass_adhesion_kpa,hg0340,199.1224365234375,225.90565490722656
Mean,20260731,0,glass_adhesion_kpa,hg0274,101.34465789794922,93.07720947265625
Mean,20260731,0,glass_adhesion_kpa,hg0275,229.6956787109375,93.07720947265625
Mean,20260731,0,glass_adhesion_kpa,hg0276,160.2830810546875,93.07720947265625
Mean,20260731,0,glass_adhesion_kpa,hg0277,100.89171600341797,93.07720947265625
Mean,20260731,0,glass_adhesion_kpa,hg0278,91.04033660888672,93.07720947265625
Mean,20260731,0,glass_adhesion_kpa,hg0279,127.67162322998047,93.07720947265625
Mean,20260731,0,glass_adhesion_kpa,hg0280,117.31068420410156,93.07720947265625
Mean,20260731,0,glass_adhesion_kpa,hg0281,155.07431030273438,93.07720947265625
Mean,20260731,0,glass_adhesion_kpa,hg0282,74.50814056396484,93.07720947265625
Mean,20260731,0,glass_adhesion_kpa,hg0283,101.62773895263672,93.07720947265625
Mean,20260731,0,glass_adhesion_kpa,hg0284,75.13092803955078,93.07720947265625
Mean,20260731,0,glass_adhesion_kpa,hg0285,245.0955352783203,93.07720947265625
Mean,20260731,0,glass_adhesion_kpa,hg0286,109.9504623413086,93.07720947265625
Mean,20260731,0,glass_adhesion_kpa,hg0287,200.08493041992188,93.07720947265625
Mean,20260731,0,glass_adhesion_kpa,hg0288,250.9837188720703,93.07720947265625
Mean,20260731,0,glass_adhesion_kpa,hg0289,81.07572174072266,93.07720947265625
Mean,20260731,0,glass_adhesion_kpa,hg0290,235.4706268310547,93.07720947265625
Mean,20260731,0,glass_adhesion_kpa,hg0291,225.3927764892578,93.07720947265625
Mean,20260731,0,glass_adhesion_kpa,hg0334,206.6525115966797,93.07720947265625
Mean,20260731,0,glass_adhesion_kpa,hg0335,193.57395935058594,93.07720947265625
Mean,20260731,0,glass_adhesion_kpa,hg0336,62.22222137451172,93.07720947265625
Mean,20260731,0,glass_adhesion_kpa,hg0337,147.99716186523438,93.07720947265625
Mean,20260731,0,glass_adhesion_kpa,hg0338,229.75230407714844,93.07720947265625
Mean,20260731,0,glass_adhesion_kpa,hg0339,232.0736083984375,93.07720947265625
Mean,20260731,0,glass_adhesion_kpa,hg0340,199.1224365234375,93.07720947265625
Ridge,20260731,0,glass_adhesion_kpa,hg0274,101.34465789794922,170.86260986328125
Ridge,20260731,0,glass_adhesion_kpa,hg0275,229.6956787109375,231.7382354736328
Ridge,20260731,0,glass_adhesion_kpa,hg0276,160.2830810546875,126.73748779296875
Ridge,20260731,0,glass_adhesion_kpa,hg0277,100.89171600341797,89.26891326904297
Ridge,20260731,0,glass_adhesion_kpa,hg0278,91.04033660888672,47.317626953125
Ridge,20260731,0,glass_adhesion_kpa,hg0279,127.67162322998047,149.0242156982422
Ridge,20260731,0,glass_adhesion_kpa,hg0280,117.31068420410156,208.34085083007812
Ridge,20260731,0,glass_adhesion_kpa,hg0281,155.07431030273438,144.98956298828125
Ridge,20260731,0,glass_adhesion_kpa,hg0282,74.50814056396484,113.95463562011719
Ridge,20260731,0,glass_adhesion_kpa,hg0283,101.62773895263672,173.6923828125
Ridge,20260731,0,glass_adhesion_kpa,hg0284,75.13092803955078,71.75335693359375
Ridge,20260731,0,glass_adhesion_kpa,hg0285,245.0955352783203,231.59988403320312
Ridge,20260731,0,glass_adhesion_kpa,hg0286,109.9504623413086,107.57093811035156
Ridge,20260731,0,glass_adhesion_kpa,hg0287,200.08493041992188,229.31704711914062
Ridge,20260731,0,glass_adhesion_kpa,hg0288,250.9837188720703,230.684326171875
Ridge,20260731,0,glass_adhesion_kpa,hg0289,81.07572174072266,138.66329956054688
Ridge,20260731,0,glass_adhesion_kpa,hg0290,235.4706268310547,231.23129272460938
Ridge,20260731,0,glass_adhesion_kpa,hg0291,225.3927764892578,230.9185028076172
Ridge,20260731,0,glass_adhesion_kpa,hg0334,206.6525115966797,232.04750061035156
Ridge,20260731,0,glass_adhesion_kpa,hg0335,193.57395935058594,181.70404052734375
Ridge,20260731,0,glass_adhesion_kpa,hg0336,62.22222137451172,137.064697265625
Ridge,20260731,0,glass_adhesion_kpa,hg0337,147.99716186523438,144.08619689941406
Ridge,20260731,0,glass_adhesion_kpa,hg0338,229.75230407714844,231.75460815429688
Ridge,20260731,0,glass_adhesion_kpa,hg0339,232.0736083984375,231.30770874023438
Ridge,20260731,0,glass_adhesion_kpa,hg0340,199.1224365234375,223.60235595703125
ElasticNet,20260731,0,glass_adhesion_kpa,hg0274,101.34465789794922,170.89015197753906
ElasticNet,20260731,0,glass_adhesion_kpa,hg0275,229.6956787109375,231.7202606201172
ElasticNet,20260731,0,glass_adhesion_kpa,hg0276,160.2830810546875,126.61854553222656
ElasticNet,20260731,0,glass_adhesion_kpa,hg0277,100.89171600341797,89.12396240234375
ElasticNet,20260731,0,glass_adhesion_kpa,hg0278,91.04033660888672,47.34828186035156
ElasticNet,20260731,0,glass_adhesion_kpa,hg0279,127.67162322998047,148.96096801757812
ElasticNet,20260731,0,glass_adhesion_kpa,hg0280,117.31068420410156,208.24758911132812
ElasticNet,20260731,0,glass_adhesion_kpa,hg0281,155.07431030273438,144.81883239746094
ElasticNet,20260731,0,glass_adhesion_kpa,hg0282,74.50814056396484,113.8438949584961
ElasticNet,20260731,0,glass_adhesion_kpa,hg0283,101.62773895263672,173.718017578125
ElasticNet,20260731,0,glass_adhesion_kpa,hg0284,75.13092803955078,71.88319396972656
ElasticNet,20260731,0,glass_adhesion_kpa,hg0285,245.0955352783203,231.56890869140625
ElasticNet,20260731,0,glass_adhesion_kpa,hg0286,109.9504623413086,107.4794692993164
ElasticNet,20260731,0,glass_adhesion_kpa,hg0287,200.08493041992188,229.36387634277344
ElasticNet,20260731,0,glass_adhesion_kpa,hg0288,250.9837188720703,230.6612091064453
ElasticNet,20260731,0,glass_adhesion_kpa,hg0289,81.07572174072266,138.61328125
ElasticNet,20260731,0,glass_adhesion_kpa,hg0290,235.4706268310547,231.22183227539062
ElasticNet,20260731,0,glass_adhesion_kpa,hg0291,225.3927764892578,230.9284210205078
ElasticNet,20260731,0,glass_adhesion_kpa,hg0334,206.6525115966797,232.00253295898438
ElasticNet,20260731,0,glass_adhesion_kpa,hg0335,193.57395935058594,181.52804565429688
ElasticNet,20260731,0,glass_adhesion_kpa,hg0336,62.22222137451172,137.4999542236328
ElasticNet,20260731,0,glass_adhesion_kpa,hg0337,147.99716186523438,144.1033477783203
ElasticNet,20260731,0,glass_adhesion_kpa,hg0338,229.75230407714844,231.7362518310547
ElasticNet,20260731,0,glass_adhesion_kpa,hg0339,232.0736083984375,231.2723388671875
ElasticNet,20260731,0,glass_adhesion_kpa,hg0340,199.1224365234375,223.7421112060547
KNN,20260731,0,glass_adhesion_kpa,hg0274,101.34465789794922,187.47921597912548
KNN,20260731,0,glass_adhesion_kpa,hg0275,229.6956787109375,263.39040109894967
KNN,20260731,0,glass_adhesion_kpa,hg0276,160.2830810546875,108.6194423831359
KNN,20260731,0,glass_adhesion_kpa,hg0277,100.89171600341797,66.04790794795316
KNN,20260731,0,glass_adhesion_kpa,hg0278,91.04033660888672,94.6247098814244
KNN,20260731,0,glass_adhesion_kpa,hg0279,127.67162322998047,98.54038089168208
KNN,20260731,0,glass_adhesion_kpa,hg0280,117.31068420410156,206.59696944502716
KNN,20260731,0,glass_adhesion_kpa,hg0281,155.07431030273438,133.3177359957379
KNN,20260731,0,glass_adhesion_kpa,hg0282,74.50814056396484,107.26595772061418
KNN,20260731,0,glass_adhesion_kpa,hg0283,101.62773895263672,188.58839367979093
KNN,20260731,0,glass_adhesion_kpa,hg0284,75.13092803955078,65.37156234177861
KNN,20260731,0,glass_adhesion_kpa,hg0285,245.0955352783203,264.6908304318059
KNN,20260731,0,glass_adhesion_kpa,hg0286,109.9504623413086,106.96712091306854
KNN,20260731,0,glass_adhesion_kpa,hg0287,200.08493041992188,247.7709171567581
KNN,20260731,0,glass_adhesion_kpa,hg0288,250.9837188720703,271.8677209012344
KNN,20260731,0,glass_adhesion_kpa,hg0289,81.07572174072266,90.78639603335024
KNN,20260731,0,glass_adhesion_kpa,hg0290,235.4706268310547,272.8001331794034
KNN,20260731,0,glass_adhesion_kpa,hg0291,225.3927764892578,271.10921283852537
KNN,20260731,0,glass_adhesion_kpa,hg0334,206.6525115966797,250.96605488075616
KNN,20260731,0,glass_adhesion_kpa,hg0335,193.57395935058594,132.60508235413303
KNN,20260731,0,glass_adhesion_kpa,hg0336,62.22222137451172,171.00728336611473
KNN,20260731,0,glass_adhesion_kpa,hg0337,147.99716186523438,202.55312873521171
KNN,20260731,0,glass_adhesion_kpa,hg0338,229.75230407714844,262.86339808620505
KNN,20260731,0,glass_adhesion_kpa,hg0339,232.0736083984375,253.6565834352982
KNN,20260731,0,glass_adhesion_kpa,hg0340,199.1224365234375,251.4343015778083
SVR-RBF,20260731,0,glass_adhesion_kpa,hg0274,101.34465789794922,152.45709696088676
SVR-RBF,20260731,0,glass_adhesion_kpa,hg0275,229.6956787109375,227.3218789053368
SVR-RBF,20260731,0,glass_adhesion_kpa,hg0276,160.2830810546875,119.8888385595244
SVR-RBF,20260731,0,glass_adhesion_kpa,hg0277,100.89171600341797,80.62400445069007
SVR-RBF,20260731,0,glass_adhesion_kpa,hg0278,91.04033660888672,56.55306227996325
SVR-RBF,20260731,0,glass_adhesion_kpa,hg0279,127.67162322998047,109.21922794422724
SVR-RBF,20260731,0,glass_adhesion_kpa,hg0280,117.31068420410156,199.19008692434193
SVR-RBF,20260731,0,glass_adhesion_kpa,hg0281,155.07431030273438,142.01550690551878
SVR-RBF,20260731,0,glass_adhesion_kpa,hg0282,74.50814056396484,112.83396373918254
SVR-RBF,20260731,0,glass_adhesion_kpa,hg0283,101.62773895263672,156.17609092264144
SVR-RBF,20260731,0,glass_adhesion_kpa,hg0284,75.13092803955078,52.080223055793645
SVR-RBF,20260731,0,glass_adhesion_kpa,hg0285,245.0955352783203,226.74314286044643
SVR-RBF,20260731,0,glass_adhesion_kpa,hg0286,109.9504623413086,100.49912347701363
SVR-RBF,20260731,0,glass_adhesion_kpa,hg0287,200.08493041992188,224.31297350740607
SVR-RBF,20260731,0,glass_adhesion_kpa,hg0288,250.9837188720703,224.79416648773804
SVR-RBF,20260731,0,glass_adhesion_kpa,hg0289,81.07572174072266,99.583017881351
SVR-RBF,20260731,0,glass_adhesion_kpa,hg0290,235.4706268310547,226.6217086393687
SVR-RBF,20260731,0,glass_adhesion_kpa,hg0291,225.3927764892578,226.6114660088274
SVR-RBF,20260731,0,glass_adhesion_kpa,hg0334,206.6525115966797,226.19802263923958
SVR-RBF,20260731,0,glass_adhesion_kpa,hg0335,193.57395935058594,165.94899905756824
SVR-RBF,20260731,0,glass_adhesion_kpa,hg0336,62.22222137451172,121.44977502586732
SVR-RBF,20260731,0,glass_adhesion_kpa,hg0337,147.99716186523438,142.3811767890175
SVR-RBF,20260731,0,glass_adhesion_kpa,hg0338,229.75230407714844,227.31305890707307
SVR-RBF,20260731,0,glass_adhesion_kpa,hg0339,232.0736083984375,225.97475370738908
SVR-RBF,20260731,0,glass_adhesion_kpa,hg0340,199.1224365234375,216.78361232349363
RandomForest,20260731,0,glass_adhesion_kpa,hg0274,101.34465789794922,180.8290523243402
RandomForest,20260731,0,glass_adhesion_kpa,hg0275,229.6956787109375,254.2260769360572
RandomForest,20260731,0,glass_adhesion_kpa,hg0276,160.2830810546875,134.54343565098634
RandomForest,20260731,0,glass_adhesion_kpa,hg0277,100.89171600341797,85.8629442235707
RandomForest,20260731,0,glass_adhesion_kpa,hg0278,91.04033660888672,88.74304623484029
RandomForest,20260731,0,glass_adhesion_kpa,hg0279,127.67162322998047,120.63689331773375
RandomForest,20260731,0,glass_adhesion_kpa,hg0280,117.31068420410156,180.57480131342768
RandomForest,20260731,0,glass_adhesion_kpa,hg0281,155.07431030273438,137.85973581512977
RandomForest,20260731,0,glass_adhesion_kpa,hg0282,74.50814056396484,108.39778458371539
RandomForest,20260731,0,glass_adhesion_kpa,hg0283,101.62773895263672,182.90003622743845
RandomForest,20260731,0,glass_adhesion_kpa,hg0284,75.13092803955078,83.52135382316182
RandomForest,20260731,0,glass_adhesion_kpa,hg0285,245.0955352783203,256.9544521265182
RandomForest,20260731,0,glass_adhesion_kpa,hg0286,109.9504623413086,113.84551390499583
RandomForest,20260731,0,glass_adhesion_kpa,hg0287,200.08493041992188,250.5468029593589
RandomForest,20260731,0,glass_adhesion_kpa,hg0288,250.9837188720703,267.0019484499138
RandomForest,20260731,0,glass_adhesion_kpa,hg0289,81.07572174072266,119.3755713800295
RandomForest,20260731,0,glass_adhesion_kpa,hg0290,235.4706268310547,266.70389807402535
RandomForest,20260731,0,glass_adhesion_kpa,hg0291,225.3927764892578,259.0052467722546
RandomForest,20260731,0,glass_adhesion_kpa,hg0334,206.6525115966797,237.01529124182633
RandomForest,20260731,0,glass_adhesion_kpa,hg0335,193.57395935058594,143.08659404325223
RandomForest,20260731,0,glass_adhesion_kpa,hg0336,62.22222137451172,118.78978552007986
RandomForest,20260731,0,glass_adhesion_kpa,hg0337,147.99716186523438,152.567388703473
RandomForest,20260731,0,glass_adhesion_kpa,hg0338,229.75230407714844,250.9654022880092
RandomForest,20260731,0,glass_adhesion_kpa,hg0339,232.0736083984375,254.3945479185365
RandomForest,20260731,0,glass_adhesion_kpa,hg0340,199.1224365234375,216.29116977486365
HistGB,20260731,0,glass_adhesion_kpa,hg0274,101.34465789794922,157.64355115053937
HistGB,20260731,0,glass_adhesion_kpa,hg0275,229.6956787109375,242.757971959185
HistGB,20260731,0,glass_adhesion_kpa,hg0276,160.2830810546875,104.6207133343663
HistGB,20260731,0,glass_adhesion_kpa,hg0277,100.89171600341797,71.36682303578642
HistGB,20260731,0,glass_adhesion_kpa,hg0278,91.04033660888672,83.27799052250666
HistGB,20260731,0,glass_adhesion_kpa,hg0279,127.67162322998047,118.30736374050552
HistGB,20260731,0,glass_adhesion_kpa,hg0280,117.31068420410156,183.07467506087062
HistGB,20260731,0,glass_adhesion_kpa,hg0281,155.07431030273438,107.90125730087904
HistGB,20260731,0,glass_adhesion_kpa,hg0282,74.50814056396484,110.36223738568931
HistGB,20260731,0,glass_adhesion_kpa,hg0283,101.62773895263672,161.6863270850583
HistGB,20260731,0,glass_adhesion_kpa,hg0284,75.13092803955078,55.51500669035731
HistGB,20260731,0,glass_adhesion_kpa,hg0285,245.0955352783203,272.901751206536
HistGB,20260731,0,glass_adhesion_kpa,hg0286,109.9504623413086,92.65959003966957
HistGB,20260731,0,glass_adhesion_kpa,hg0287,200.08493041992188,236.47985216232965
HistGB,20260731,0,glass_adhesion_kpa,hg0288,250.9837188720703,268.45306164914695
HistGB,20260731,0,glass_adhesion_kpa,hg0289,81.07572174072266,104.81171695126572
HistGB,20260731,0,glass_adhesion_kpa,hg0290,235.4706268310547,278.1163040664396
HistGB,20260731,0,glass_adhesion_kpa,hg0291,225.3927764892578,246.3127108521285
HistGB,20260731,0,glass_adhesion_kpa,hg0334,206.6525115966797,239.18271389254855
HistGB,20260731,0,glass_adhesion_kpa,hg0335,193.57395935058594,176.15951672110933
HistGB,20260731,0,glass_adhesion_kpa,hg0336,62.22222137451172,142.47917225360456
HistGB,20260731,0,glass_adhesion_kpa,hg0337,147.99716186523438,169.25130518215485
HistGB,20260731,0,glass_adhesion_kpa,hg0338,229.75230407714844,242.757971959185
HistGB,20260731,0,glass_adhesion_kpa,hg0339,232.0736083984375,261.6197615662331
HistGB,20260731,0,glass_adhesion_kpa,hg0340,199.1224365234375,214.85450511892958
MLP,20260731,0,glass_adhesion_kpa,hg0274,101.34465789794922,174.43206787109375
MLP,20260731,0,glass_adhesion_kpa,hg0275,229.6956787109375,238.6239471435547
MLP,20260731,0,glass_adhesion_kpa,hg0276,160.2830810546875,113.97465515136719
MLP,20260731,0,glass_adhesion_kpa,hg0277,100.89171600341797,98.65699768066406
MLP,20260731,0,glass_adhesion_kpa,hg0278,91.04033660888672,35.918087005615234
MLP,20260731,0,glass_adhesion_kpa,hg0279,127.67162322998047,130.85447692871094
MLP,20260731,0,glass_adhesion_kpa,hg0280,117.31068420410156,201.40037536621094
MLP,20260731,0,glass_adhesion_kpa,hg0281,155.07431030273438,122.934814453125
MLP,20260731,0,glass_adhesion_kpa,hg0282,74.50814056396484,87.95059204101562
MLP,20260731,0,glass_adhesion_kpa,hg0283,101.62773895263672,176.9278106689453
MLP,20260731,0,glass_adhesion_kpa,hg0284,75.13092803955078,105.33259582519531
MLP,20260731,0,glass_adhesion_kpa,hg0285,245.0955352783203,236.48243713378906
MLP,20260731,0,glass_adhesion_kpa,hg0286,109.9504623413086,102.76173400878906
MLP,20260731,0,glass_adhesion_kpa,hg0287,200.08493041992188,240.9650421142578
MLP,20260731,0,glass_adhesion_kpa,hg0288,250.9837188720703,235.35215759277344
MLP,20260731,0,glass_adhesion_kpa,hg0289,81.07572174072266,121.79252624511719
MLP,20260731,0,glass_adhesion_kpa,hg0290,235.4706268310547,238.3137664794922
MLP,20260731,0,glass_adhesion_kpa,hg0291,225.3927764892578,240.20301818847656
MLP,20260731,0,glass_adhesion_kpa,hg0334,206.6525115966797,237.07240295410156
MLP,20260731,0,glass_adhesion_kpa,hg0335,193.57395935058594,159.64549255371094
MLP,20260731,0,glass_adhesion_kpa,hg0336,62.22222137451172,167.15455627441406
MLP,20260731,0,glass_adhesion_kpa,hg0337,147.99716186523438,142.305419921875
MLP,20260731,0,glass_adhesion_kpa,hg0338,229.75230407714844,238.65419006347656
MLP,20260731,0,glass_adhesion_kpa,hg0339,232.0736083984375,235.24217224121094
MLP,20260731,0,glass_adhesion_kpa,hg0340,199.1224365234375,241.33189392089844
Mean,20260731,1,glass_adhesion_kpa,hg0274,101.34465789794922,93.3902816772461
Mean,20260731,1,glass_adhesion_kpa,hg0275,229.6956787109375,93.3902816772461
Mean,20260731,1,glass_adhesion_kpa,hg0276,160.2830810546875,93.3902816772461
Mean,20260731,1,glass_adhesion_kpa,hg0277,100.89171600341797,93.3902816772461
Mean,20260731,1,glass_adhesion_kpa,hg0278,91.04033660888672,93.3902816772461
Mean,20260731,1,glass_adhesion_kpa,hg0279,127.67162322998047,93.3902816772461
Mean,20260731,1,glass_adhesion_kpa,hg0280,117.31068420410156,93.3902816772461
Mean,20260731,1,glass_adhesion_kpa,hg0281,155.07431030273438,93.3902816772461
Mean,20260731,1,glass_adhesion_kpa,hg0282,74.50814056396484,93.3902816772461
Mean,20260731,1,glass_adhesion_kpa,hg0283,101.62773895263672,93.3902816772461
Mean,20260731,1,glass_adhesion_kpa,hg0284,75.13092803955078,93.3902816772461
Mean,20260731,1,glass_adhesion_kpa,hg0285,245.0955352783203,93.3902816772461
Mean,20260731,1,glass_adhesion_kpa,hg0286,109.9504623413086,93.3902816772461
Mean,20260731,1,glass_adhesion_kpa,hg0287,200.08493041992188,93.3902816772461
Mean,20260731,1,glass_adhesion_kpa,hg0288,250.9837188720703,93.3902816772461
Mean,20260731,1,glass_adhesion_kpa,hg0289,81.07572174072266,93.3902816772461
Mean,20260731,1,glass_adhesion_kpa,hg0290,235.4706268310547,93.3902816772461
Mean,20260731,1,glass_adhesion_kpa,hg0291,225.3927764892578,93.3902816772461
Mean,20260731,1,glass_adhesion_kpa,hg0334,206.6525115966797,93.3902816772461
Mean,20260731,1,glass_adhesion_kpa,hg0335,193.57395935058594,93.3902816772461
Mean,20260731,1,glass_adhesion_kpa,hg0336,62.22222137451172,93.3902816772461
Mean,20260731,1,glass_adhesion_kpa,hg0337,147.99716186523438,93.3902816772461
Mean,20260731,1,glass_adhesion_kpa,hg0338,229.75230407714844,93.3902816772461
Mean,20260731,1,glass_adhesion_kpa,hg0339,232.0736083984375,93.3902816772461
Mean,20260731,1,glass_adhesion_kpa,hg0340,199.1224365234375,93.3902816772461
Ridge,20260731,1,glass_adhesion_kpa,hg0274,101.34465789794922,171.41403198242188
Ridge,20260731,1,glass_adhesion_kpa,hg0275,229.6956787109375,220.8683319091797
Ridge,20260731,1,glass_adhesion_kpa,hg0276,160.2830810546875,133.01654052734375
Ridge,20260731,1,glass_adhesion_kpa,hg0277,100.89171600341797,72.46322631835938
Ridge,20260731,1,glass_adhesion_kpa,hg0278,91.04033660888672,66.52185821533203
Ridge,20260731,1,glass_adhesion_kpa,hg0279,127.67162322998047,141.4214324951172
Ridge,20260731,1,glass_adhesion_kpa,hg0280,117.31068420410156,194.17800903320312
Ridge,20260731,1,glass_adhesion_kpa,hg0281,155.07431030273438,144.328125
Ridge,20260731,1,glass_adhesion_kpa,hg0282,74.50814056396484,114.20811462402344
Ridge,20260731,1,glass_adhesion_kpa,hg0283,101.62773895263672,173.73231506347656
Ridge,20260731,1,glass_adhesion_kpa,hg0284,75.13092803955078,95.20120239257812
Ridge,20260731,1,glass_adhesion_kpa,hg0285,245.0955352783203,219.2091064453125
Ridge,20260731,1,glass_adhesion_kpa,hg0286,109.9504623413086,120.49772644042969
Ridge,20260731,1,glass_adhesion_kpa,hg0287,200.08493041992188,224.82839965820312
Ridge,20260731,1,glass_adhesion_kpa,hg0288,250.9837188720703,218.96673583984375
Ridge,20260731,1,glass_adhesion_kpa,hg0289,81.07572174072266,137.18936157226562
Ridge,20260731,1,glass_adhesion_kpa,hg0290,235.4706268310547,221.2574005126953
Ridge,20260731,1,glass_adhesion_kpa,hg0291,225.3927764892578,222.66921997070312
Ridge,20260731,1,glass_adhesion_kpa,hg0334,206.6525115966797,218.49801635742188
Ridge,20260731,1,glass_adhesion_kpa,hg0335,193.57395935058594,163.87034606933594
Ridge,20260731,1,glass_adhesion_kpa,hg0336,62.22222137451172,165.01876831054688
Ridge,20260731,1,glass_adhesion_kpa,hg0337,147.99716186523438,139.40887451171875
Ridge,20260731,1,glass_adhesion_kpa,hg0338,229.75230407714844,220.84097290039062
Ridge,20260731,1,glass_adhesion_kpa,hg0339,232.0736083984375,218.1934814453125
Ridge,20260731,1,glass_adhesion_kpa,hg0340,199.1224365234375,223.40133666992188
ElasticNet,20260731,1,glass_adhesion_kpa,hg0274,101.34465789794922,171.0907745361328
ElasticNet,20260731,1,glass_adhesion_kpa,hg0275,229.6956787109375,218.02633666992188
ElasticNet,20260731,1,glass_adhesion_kpa,hg0276,160.2830810546875,132.10382080078125
ElasticNet,20260731,1,glass_adhesion_kpa,hg0277,100.89171600341797,73.57551574707031
ElasticNet,20260731,1,glass_adhesion_kpa,hg0278,91.04033660888672,68.98701477050781
ElasticNet,20260731,1,glass_adhesion_kpa,hg0279,127.67162322998047,139.97373962402344
ElasticNet,20260731,1,glass_adhesion_kpa,hg0280,117.31068420410156,192.8724822998047
ElasticNet,20260731,1,glass_adhesion_kpa,hg0281,155.07431030273438,143.2121124267578
ElasticNet,20260731,1,glass_adhesion_kpa,hg0282,74.50814056396484,113.6357192993164
ElasticNet,20260731,1,glass_adhesion_kpa,hg0283,101.62773895263672,173.2900390625
ElasticNet,20260731,1,glass_adhesion_kpa,hg0284,75.13092803955078,97.90233612060547
ElasticNet,20260731,1,glass_adhesion_kpa,hg0285,245.0955352783203,216.2618408203125
ElasticNet,20260731,1,glass_adhesion_kpa,hg0286,109.9504623413086,119.58430480957031
ElasticNet,20260731,1,glass_adhesion_kpa,hg0287,200.08493041992188,221.52346801757812
ElasticNet,20260731,1,glass_adhesion_kpa,hg0288,250.9837188720703,215.78836059570312
ElasticNet,20260731,1,glass_adhesion_kpa,hg0289,81.07572174072266,136.115478515625
ElasticNet,20260731,1,glass_adhesion_kpa,hg0290,235.4706268310547,218.2083740234375
ElasticNet,20260731,1,glass_adhesion_kpa,hg0291,225.3927764892578,219.70071411132812
ElasticNet,20260731,1,glass_adhesion_kpa,hg0334,206.6525115966797,216.0234375
ElasticNet,20260731,1,glass_adhesion_kpa,hg0335,193.57395935058594,163.96592712402344
ElasticNet,20260731,1,glass_adhesion_kpa,hg0336,62.22222137451172,165.46176147460938
ElasticNet,20260731,1,glass_adhesion_kpa,hg0337,147.99716186523438,139.01373291015625
ElasticNet,20260731,1,glass_adhesion_kpa,hg0338,229.75230407714844,218.01736450195312
ElasticNet,20260731,1,glass_adhesion_kpa,hg0339,232.0736083984375,215.19772338867188
ElasticNet,20260731,1,glass_adhesion_kpa,hg0340,199.1224365234375,220.214599609375
KNN,20260731,1,glass_adhesion_kpa,hg0274,101.34465789794922,174.24830098907586
KNN,20260731,1,glass_adhesion_kpa,hg0275,229.6956787109375,262.7634928834141
KNN,20260731,1,glass_adhesion_kpa,hg0276,160.2830810546875,132.42606522817357
KNN,20260731,1,glass_adhesion_kpa,hg0277,100.89171600341797,86.70479096626947
KNN,20260731,1,glass_adhesion_kpa,hg0278,91.04033660888672,108.69105402204654
KNN,20260731,1,glass_adhesion_kpa,hg0279,127.67162322998047,118.60040048366092
KNN,20260731,1,glass_adhesion_kpa,hg0280,117.31068420410156,210.87267544829993
KNN,20260731,1,glass_adhesion_kpa,hg0281,155.07431030273438,139.7166031010081
KNN,20260731,1,glass_adhesion_kpa,hg0282,74.50814056396484,108.55366750194355
KNN,20260731,1,glass_adhesion_kpa,hg0283,101.62773895263672,179.2417765059954
KNN,20260731,1,glass_adhesion_kpa,hg0284,75.13092803955078,89.24548042201864
KNN,20260731,1,glass_adhesion_kpa,hg0285,245.0955352783203,263.82975202631997
KNN,20260731,1,glass_adhesion_kpa,hg0286,109.9504623413086,116.36201941933186
KNN,20260731,1,glass_adhesion_kpa,hg0287,200.08493041992188,244.14268517434658
KNN,20260731,1,glass_adhesion_kpa,hg0288,250.9837188720703,264.47013283671697
KNN,20260731,1,glass_adhesion_kpa,hg0289,81.07572174072266,97.50256836720787
KNN,20260731,1,glass_adhesion_kpa,hg0290,235.4706268310547,266.2044139587485
KNN,20260731,1,glass_adhesion_kpa,hg0291,225.3927764892578,256.3049308856792
KNN,20260731,1,glass_adhesion_kpa,hg0334,206.6525115966797,273.2374340660164
KNN,20260731,1,glass_adhesion_kpa,hg0335,193.57395935058594,164.79333098009627
KNN,20260731,1,glass_adhesion_kpa,hg0336,62.22222137451172,177.62727385293235
KNN,20260731,1,glass_adhesion_kpa,hg0337,147.99716186523438,165.6736115454369
KNN,20260731,1,glass_adhesion_kpa,hg0338,229.75230407714844,264.0538469289452
KNN,20260731,1,glass_adhesion_kpa,hg0339,232.0736083984375,261.0192817262444
KNN,20260731,1,glass_adhesion_kpa,hg0340,199.1224365234375,226.95959631905572
SVR-RBF,20260731,1,glass_adhesion_kpa,hg0274,101.34465789794922,165.876820754989
SVR-RBF,20260731,1,glass_adhesion_kpa,hg0275,229.6956787109375,247.02134940852613
SVR-RBF,20260731,1,glass_adhesion_kpa,hg0276,160.2830810546875,122.11192332160124
SVR-RBF,20260731,1,glass_adhesion_kpa,hg0277,100.89171600341797,96.36014765449933
SVR-RBF,20260731,1,glass_adhesion_kpa,hg0278,91.04033660888672,75.24970016180436
SVR-RBF,20260731,1,glass_adhesion_kpa,hg0279,127.67162322998047,95.4481959741502
SVR-RBF,20260731,1,glass_adhesion_kpa,hg0280,117.31068420410156,162.3953726816252
SVR-RBF,20260731,1,glass_adhesion_kpa,hg0281,155.07431030273438,129.61797806248973
SVR-RBF,20260731,1,glass_adhesion_kpa,hg0282,74.50814056396484,93.87294592773092
SVR-RBF,20260731,1,glass_adhesion_kpa,hg0283,101.62773895263672,168.73587893909314
SVR-RBF,20260731,1,glass_adhesion_kpa,hg0284,75.13092803955078,19.029261250118395
SVR-RBF,20260731,1,glass_adhesion_kpa,hg0285,245.0955352783203,257.62745775144333
SVR-RBF,20260731,1,glass_adhesion_kpa,hg0286,109.9504623413086,110.29682070528207
SVR-RBF,20260731,1,glass_adhesion_kpa,hg0287,200.08493041992188,236.89820528560142
SVR-RBF,20260731,1,glass_adhesion_kpa,hg0288,250.9837188720703,260.75352294409834
SVR-RBF,20260731,1,glass_adhesion_kpa,hg0289,81.07572174072266,94.53854659360661
SVR-RBF,20260731,1,glass_adhesion_kpa,hg0290,235.4706268310547,252.95598135532293
SVR-RBF,20260731,1,glass_adhesion_kpa,hg0291,225.3927764892578,239.12150121230002
SVR-RBF,20260731,1,glass_adhesion_kpa,hg0334,206.6525115966797,237.42403384423653
SVR-RBF,20260731,1,glass_adhesion_kpa,hg0335,193.57395935058594,147.55030448563338
SVR-RBF,20260731,1,glass_adhesion_kpa,hg0336,62.22222137451172,206.62207748471178
SVR-RBF,20260731,1,glass_adhesion_kpa,hg0337,147.99716186523438,133.39571860576888
SVR-RBF,20260731,1,glass_adhesion_kpa,hg0338,229.75230407714844,246.12029669682227
SVR-RBF,20260731,1,glass_adhesion_kpa,hg0339,232.0736083984375,259.96428925679436
SVR-RBF,20260731,1,glass_adhesion_kpa,hg0340,199.1224365234375,176.02690499057599
RandomForest,20260731,1,glass_adhesion_kpa,hg0274,101.34465789794922,184.28434809010062
RandomForest,20260731,1,glass_adhesion_kpa,hg0275,229.6956787109375,270.60557051203403
RandomForest,20260731,1,glass_adhesion_kpa,hg0276,160.2830810546875,133.2991382968875
RandomForest,20260731,1,glass_adhesion_kpa,hg0277,100.89171600341797,95.42321150569414
RandomForest,20260731,1,glass_adhesion_kpa,hg0278,91.04033660888672,92.60598171487334
RandomForest,20260731,1,glass_adhesion_kpa,hg0279,127.67162322998047,120.51132056424807
RandomForest,20260731,1,glass_adhesion_kpa,hg0280,117.31068420410156,177.6141269973142
RandomForest,20260731,1,glass_adhesion_kpa,hg0281,155.07431030273438,140.01547997436853
RandomForest,20260731,1,glass_adhesion_kpa,hg0282,74.50814056396484,104.21613416299401
RandomForest,20260731,1,glass_adhesion_kpa,hg0283,101.62773895263672,186.75294207012342
RandomForest,20260731,1,glass_adhesion_kpa,hg0284,75.13092803955078,83.68953703714705
RandomForest,20260731,1,glass_adhesion_kpa,hg0285,245.0955352783203,261.9110716292434
RandomForest,20260731,1,glass_adhesion_kpa,hg0286,109.9504623413086,111.11192456374188
RandomForest,20260731,1,glass_adhesion_kpa,hg0287,200.08493041992188,246.1775397971385
RandomForest,20260731,1,glass_adhesion_kpa,hg0288,250.9837188720703,263.9139949189203
RandomForest,20260731,1,glass_adhesion_kpa,hg0289,81.07572174072266,121.51402827408246
RandomForest,20260731,1,glass_adhesion_kpa,hg0290,235.4706268310547,266.0209300960707
RandomForest,20260731,1,glass_adhesion_kpa,hg0291,225.3927764892578,260.9609756748483
RandomForest,20260731,1,glass_adhesion_kpa,hg0334,206.6525115966797,257.7172800436157
RandomForest,20260731,1,glass_adhesion_kpa,hg0335,193.57395935058594,145.14043677980118
RandomForest,20260731,1,glass_adhesion_kpa,hg0336,62.22222137451172,116.81451703833098
RandomForest,20260731,1,glass_adhesion_kpa,hg0337,147.99716186523438,138.96173523479186
RandomForest,20260731,1,glass_adhesion_kpa,hg0338,229.75230407714844,270.2147832731748
RandomForest,20260731,1,glass_adhesion_kpa,hg0339,232.0736083984375,258.5737193372156
RandomForest,20260731,1,glass_adhesion_kpa,hg0340,199.1224365234375,208.4716879642011
HistGB,20260731,1,glass_adhesion_kpa,hg0274,101.34465789794922,194.2092817097294
HistGB,20260731,1,glass_adhesion_kpa,hg0275,229.6956787109375,236.82530995767434
HistGB,20260731,1,glass_adhesion_kpa,hg0276,160.2830810546875,120.11935983924279
HistGB,20260731,1,glass_adhesion_kpa,hg0277,100.89171600341797,88.4478246917518
HistGB,20260731,1,glass_adhesion_kpa,hg0278,91.04033660888672,87.8126396845355
HistGB,20260731,1,glass_adhesion_kpa,hg0279,127.67162322998047,112.14960457044172
HistGB,20260731,1,glass_adhesion_kpa,hg0280,117.31068420410156,192.3472326362671
HistGB,20260731,1,glass_adhesion_kpa,hg0281,155.07431030273438,127.9400203615079
HistGB,20260731,1,glass_adhesion_kpa,hg0282,74.50814056396484,104.87379841671448
HistGB,20260731,1,glass_adhesion_kpa,hg0283,101.62773895263672,194.2092817097294
HistGB,20260731,1,glass_adhesion_kpa,hg0284,75.13092803955078,90.47723552722604
HistGB,20260731,1,glass_adhesion_kpa,hg0285,245.0955352783203,241.66148859644355
HistGB,20260731,1,glass_adhesion_kpa,hg0286,109.9504623413086,106.81026427276353
HistGB,20260731,1,glass_adhesion_kpa,hg0287,200.08493041992188,235.32927406052937
HistGB,20260731,1,glass_adhesion_kpa,hg0288,250.9837188720703,240.4626786978807
HistGB,20260731,1,glass_adhesion_kpa,hg0289,81.07572174072266,109.95094425501166
HistGB,20260731,1,glass_adhesion_kpa,hg0290,235.4706268310547,241.66148859644355
HistGB,20260731,1,glass_adhesion_kpa,hg0291,225.3927764892578,236.82530995767434
HistGB,20260731,1,glass_adhesion_kpa,hg0334,206.6525115966797,196.9667447498469
HistGB,20260731,1,glass_adhesion_kpa,hg0335,193.57395935058594,157.37806420194016
HistGB,20260731,1,glass_adhesion_kpa,hg0336,62.22222137451172,180.05193601674392
HistGB,20260731,1,glass_adhesion_kpa,hg0337,147.99716186523438,153.37646760242697
HistGB,20260731,1,glass_adhesion_kpa,hg0338,229.75230407714844,236.82530995767434
HistGB,20260731,1,glass_adhesion_kpa,hg0339,232.0736083984375,241.66148859644355
HistGB,20260731,1,glass_adhesion_kpa,hg0340,199.1224365234375,186.9940382823208
MLP,20260731,1,glass_adhesion_kpa,hg0274,101.34465789794922,167.24859619140625
MLP,20260731,1,glass_adhesion_kpa,hg0275,229.6956787109375,204.0404510498047
MLP,20260731,1,glass_adhesion_kpa,hg0276,160.2830810546875,147.31283569335938
MLP,20260731,1,glass_adhesion_kpa,hg0277,100.89171600341797,30.0585994720459
MLP,20260731,1,glass_adhesion_kpa,hg0278,91.04033660888672,30.294157028198242
MLP,20260731,1,glass_adhesion_kpa,hg0279,127.67162322998047,104.05935668945312
MLP,20260731,1,glass_adhesion_kpa,hg0280,117.31068420410156,202.9640655517578
MLP,20260731,1,glass_adhesion_kpa,hg0281,155.07431030273438,159.01455688476562
MLP,20260731,1,glass_adhesion_kpa,hg0282,74.50814056396484,85.31732940673828
MLP,20260731,1,glass_adhesion_kpa,hg0283,101.62773895263672,168.79881286621094
MLP,20260731,1,glass_adhesion_kpa,hg0284,75.13092803955078,127.3053207397461
MLP,20260731,1,glass_adhesion_kpa,hg0285,245.0955352783203,199.9324188232422
MLP,20260731,1,glass_adhesion_kpa,hg0286,109.9504623413086,139.24874877929688
MLP,20260731,1,glass_adhesion_kpa,hg0287,200.08493041992188,199.3402862548828
MLP,20260731,1,glass_adhesion_kpa,hg0288,250.9837188720703,195.62893676757812
MLP,20260731,1,glass_adhesion_kpa,hg0289,81.07572174072266,90.8652114868164
MLP,20260731,1,glass_adhesion_kpa,hg0290,235.4706268310547,200.23855590820312
MLP,20260731,1,glass_adhesion_kpa,hg0291,225.3927764892578,204.03941345214844
MLP,20260731,1,glass_adhesion_kpa,hg0334,206.6525115966797,208.9796905517578
MLP,20260731,1,glass_adhesion_kpa,hg0335,193.57395935058594,179.48056030273438
MLP,20260731,1,glass_adhesion_kpa,hg0336,62.22222137451172,145.61326599121094
MLP,20260731,1,glass_adhesion_kpa,hg0337,147.99716186523438,116.5893783569336
MLP,20260731,1,glass_adhesion_kpa,hg0338,229.75230407714844,204.41885375976562
MLP,20260731,1,glass_adhesion_kpa,hg0339,232.0736083984375,198.097412109375
MLP,20260731,1,glass_adhesion_kpa,hg0340,199.1224365234375,209.4196319580078
Mean,20260731,2,glass_adhesion_kpa,hg0274,101.34465789794922,92.29710388183594
Mean,20260731,2,glass_adhesion_kpa,hg0275,229.6956787109375,92.29710388183594
Mean,20260731,2,glass_adhesion_kpa,hg0276,160.2830810546875,92.29710388183594
Mean,20260731,2,glass_adhesion_kpa,hg0277,100.89171600341797,92.29710388183594
Mean,20260731,2,glass_adhesion_kpa,hg0278,91.04033660888672,92.29710388183594
Mean,20260731,2,glass_adhesion_kpa,hg0279,127.67162322998047,92.29710388183594
Mean,20260731,2,glass_adhesion_kpa,hg0280,117.31068420410156,92.29710388183594
Mean,20260731,2,glass_adhesion_kpa,hg0281,155.07431030273438,92.29710388183594
Mean,20260731,2,glass_adhesion_kpa,hg0282,74.50814056396484,92.29710388183594
Mean,20260731,2,glass_adhesion_kpa,hg0283,101.62773895263672,92.29710388183594
Mean,20260731,2,glass_adhesion_kpa,hg0284,75.13092803955078,92.29710388183594
Mean,20260731,2,glass_adhesion_kpa,hg0285,245.0955352783203,92.29710388183594
Mean,20260731,2,glass_adhesion_kpa,hg0286,109.9504623413086,92.29710388183594
Mean,20260731,2,glass_adhesion_kpa,hg0287,200.08493041992188,92.29710388183594
Mean,20260731,2,glass_adhesion_kpa,hg0288,250.9837188720703,92.29710388183594
Mean,20260731,2,glass_adhesion_kpa,hg0289,81.07572174072266,92.29710388183594
Mean,20260731,2,glass_adhesion_kpa,hg0290,235.4706268310547,92.29710388183594
Mean,20260731,2,glass_adhesion_kpa,hg0291,225.3927764892578,92.29710388183594
Mean,20260731,2,glass_adhesion_kpa,hg0334,206.6525115966797,92.29710388183594
Mean,20260731,2,glass_adhesion_kpa,hg0335,193.57395935058594,92.29710388183594
Mean,20260731,2,glass_adhesion_kpa,hg0336,62.22222137451172,92.29710388183594
Mean,20260731,2,glass_adhesion_kpa,hg0337,147.99716186523438,92.29710388183594
Mean,20260731,2,glass_adhesion_kpa,hg0338,229.75230407714844,92.29710388183594
Mean,20260731,2,glass_adhesion_kpa,hg0339,232.0736083984375,92.29710388183594
Mean,20260731,2,glass_adhesion_kpa,hg0340,199.1224365234375,92.29710388183594
Ridge,20260731,2,glass_adhesion_kpa,hg0274,101.34465789794922,176.42184448242188
Ridge,20260731,2,glass_adhesion_kpa,hg0275,229.6956787109375,226.5794677734375
Ridge,20260731,2,glass_adhesion_kpa,hg0276,160.2830810546875,141.60400390625
Ridge,20260731,2,glass_adhesion_kpa,hg0277,100.89171600341797,90.04888916015625
Ridge,20260731,2,glass_adhesion_kpa,hg0278,91.04033660888672,62.825714111328125
Ridge,20260731,2,glass_adhesion_kpa,hg0279,127.67162322998047,147.30943298339844
Ridge,20260731,2,glass_adhesion_kpa,hg0280,117.31068420410156,201.8197021484375
Ridge,20260731,2,glass_adhesion_kpa,hg0281,155.07431030273438,152.10450744628906
Ridge,20260731,2,glass_adhesion_kpa,hg0282,74.50814056396484,124.91565704345703
Ridge,20260731,2,glass_adhesion_kpa,hg0283,101.62773895263672,178.81546020507812
Ridge,20260731,2,glass_adhesion_kpa,hg0284,75.13092803955078,94.43563842773438
Ridge,20260731,2,glass_adhesion_kpa,hg0285,245.0955352783203,229.03207397460938
Ridge,20260731,2,glass_adhesion_kpa,hg0286,109.9504623413086,128.05813598632812
Ridge,20260731,2,glass_adhesion_kpa,hg0287,200.08493041992188,225.14447021484375
Ridge,20260731,2,glass_adhesion_kpa,hg0288,250.9837188720703,230.336181640625
Ridge,20260731,2,glass_adhesion_kpa,hg0289,81.07572174072266,141.43960571289062
Ridge,20260731,2,glass_adhesion_kpa,hg0290,235.4706268310547,228.10238647460938
Ridge,20260731,2,glass_adhesion_kpa,hg0291,225.3927764892578,224.990478515625
Ridge,20260731,2,glass_adhesion_kpa,hg0334,206.6525115966797,224.50253295898438
Ridge,20260731,2,glass_adhesion_kpa,hg0335,193.57395935058594,171.1119384765625
Ridge,20260731,2,glass_adhesion_kpa,hg0336,62.22222137451172,136.01820373535156
Ridge,20260731,2,glass_adhesion_kpa,hg0337,147.99716186523438,132.6086883544922
Ridge,20260731,2,glass_adhesion_kpa,hg0338,229.75230407714844,226.37753295898438
Ridge,20260731,2,glass_adhesion_kpa,hg0339,232.0736083984375,229.75259399414062
Ridge,20260731,2,glass_adhesion_kpa,hg0340,199.1224365234375,208.563720703125
ElasticNet,20260731,2,glass_adhesion_kpa,hg0274,101.34465789794922,176.43682861328125
ElasticNet,20260731,2,glass_adhesion_kpa,hg0275,229.6956787109375,226.54708862304688
ElasticNet,20260731,2,glass_adhesion_kpa,hg0276,160.2830810546875,141.33775329589844
ElasticNet,20260731,2,glass_adhesion_kpa,hg0277,100.89171600341797,89.96878051757812
ElasticNet,20260731,2,glass_adhesion_kpa,hg0278,91.04033660888672,62.79374694824219
ElasticNet,20260731,2,glass_adhesion_kpa,hg0279,127.67162322998047,147.26107788085938
ElasticNet,20260731,2,glass_adhesion_kpa,hg0280,117.31068420410156,201.6756591796875
ElasticNet,20260731,2,glass_adhesion_kpa,hg0281,155.07431030273438,151.81753540039062
ElasticNet,20260731,2,glass_adhesion_kpa,hg0282,74.50814056396484,124.75997161865234
ElasticNet,20260731,2,glass_adhesion_kpa,hg0283,101.62773895263672,178.8292236328125
ElasticNet,20260731,2,glass_adhesion_kpa,hg0284,75.13092803955078,94.48896026611328
ElasticNet,20260731,2,glass_adhesion_kpa,hg0285,245.0955352783203,228.969482421875
ElasticNet,20260731,2,glass_adhesion_kpa,hg0286,109.9504623413086,127.79883575439453
ElasticNet,20260731,2,glass_adhesion_kpa,hg0287,200.08493041992188,225.22573852539062
ElasticNet,20260731,2,glass_adhesion_kpa,hg0288,250.9837188720703,230.2835693359375
ElasticNet,20260731,2,glass_adhesion_kpa,hg0289,81.07572174072266,141.35592651367188
ElasticNet,20260731,2,glass_adhesion_kpa,hg0290,235.4706268310547,228.0809326171875
ElasticNet,20260731,2,glass_adhesion_kpa,hg0291,225.3927764892578,225.00894165039062
ElasticNet,20260731,2,glass_adhesion_kpa,hg0334,206.6525115966797,224.42996215820312
ElasticNet,20260731,2,glass_adhesion_kpa,hg0335,193.57395935058594,170.9127655029297
ElasticNet,20260731,2,glass_adhesion_kpa,hg0336,62.22222137451172,136.71884155273438
ElasticNet,20260731,2,glass_adhesion_kpa,hg0337,147.99716186523438,132.6437530517578
ElasticNet,20260731,2,glass_adhesion_kpa,hg0338,229.75230407714844,226.34503173828125
ElasticNet,20260731,2,glass_adhesion_kpa,hg0339,232.0736083984375,229.67886352539062
ElasticNet,20260731,2,glass_adhesion_kpa,hg0340,199.1224365234375,208.81716918945312
KNN,20260731,2,glass_adhesion_kpa,hg0274,101.34465789794922,157.12669584483717
KNN,20260731,2,glass_adhesion_kpa,hg0275,229.6956787109375,273.9074269787575
KNN,20260731,2,glass_adhesion_kpa,hg0276,160.2830810546875,132.1935351567883
KNN,20260731,2,glass_adhesion_kpa,hg0277,100.89171600341797,89.09847122975673
KNN,20260731,2,glass_adhesion_kpa,hg0278,91.04033660888672,75.36334848959882
KNN,20260731,2,glass_adhesion_kpa,hg0279,127.67162322998047,106.11407712417082
KNN,20260731,2,glass_adhesion_kpa,hg0280,117.31068420410156,205.73641248757306
KNN,20260731,2,glass_adhesion_kpa,hg0281,155.07431030273438,131.1146753749414
KNN,20260731,2,glass_adhesion_kpa,hg0282,74.50814056396484,117.47704002532771
KNN,20260731,2,glass_adhesion_kpa,hg0283,101.62773895263672,158.39290142534847
KNN,20260731,2,glass_adhesion_kpa,hg0284,75.13092803955078,99.36609331092241
KNN,20260731,2,glass_adhesion_kpa,hg0285,245.0955352783203,279.18471824882863
KNN,20260731,2,glass_adhesion_kpa,hg0286,109.9504623413086,117.61114844276268
KNN,20260731,2,glass_adhesion_kpa,hg0287,200.08493041992188,261.32162658462533
KNN,20260731,2,glass_adhesion_kpa,hg0288,250.9837188720703,281.161263884432
KNN,20260731,2,glass_adhesion_kpa,hg0289,81.07572174072266,90.2973610983963
KNN,20260731,2,glass_adhesion_kpa,hg0290,235.4706268310547,281.6727520891293
KNN,20260731,2,glass_adhesion_kpa,hg0291,225.3927764892578,278.95422569580364
KNN,20260731,2,glass_adhesion_kpa,hg0334,206.6525115966797,286.32469069704433
KNN,20260731,2,glass_adhesion_kpa,hg0335,193.57395935058594,168.61875007311767
KNN,20260731,2,glass_adhesion_kpa,hg0336,62.22222137451172,160.61434581772195
KNN,20260731,2,glass_adhesion_kpa,hg0337,147.99716186523438,126.62456493206273
KNN,20260731,2,glass_adhesion_kpa,hg0338,229.75230407714844,274.7582686105964
KNN,20260731,2,glass_adhesion_kpa,hg0339,232.0736083984375,277.0779864354145
KNN,20260731,2,glass_adhesion_kpa,hg0340,199.1224365234375,252.6296635671451
SVR-RBF,20260731,2,glass_adhesion_kpa,hg0274,101.34465789794922,168.38665848202882
SVR-RBF,20260731,2,glass_adhesion_kpa,hg0275,229.6956787109375,223.84449970945204
SVR-RBF,20260731,2,glass_adhesion_kpa,hg0276,160.2830810546875,121.43624443326482
SVR-RBF,20260731,2,glass_adhesion_kpa,hg0277,100.89171600341797,101.80537756190279
SVR-RBF,20260731,2,glass_adhesion_kpa,hg0278,91.04033660888672,68.12110397246826
SVR-RBF,20260731,2,glass_adhesion_kpa,hg0279,127.67162322998047,112.06648397679976
SVR-RBF,20260731,2,glass_adhesion_kpa,hg0280,117.31068420410156,197.46181278475504
SVR-RBF,20260731,2,glass_adhesion_kpa,hg0281,155.07431030273438,137.7265406034591
SVR-RBF,20260731,2,glass_adhesion_kpa,hg0282,74.50814056396484,112.79210148781678
SVR-RBF,20260731,2,glass_adhesion_kpa,hg0283,101.62773895263672,171.07111471112333
SVR-RBF,20260731,2,glass_adhesion_kpa,hg0284,75.13092803955078,87.17244581770322
SVR-RBF,20260731,2,glass_adhesion_kpa,hg0285,245.0955352783203,225.26954747739777
SVR-RBF,20260731,2,glass_adhesion_kpa,hg0286,109.9504623413086,103.29269996528399
SVR-RBF,20260731,2,glass_adhesion_kpa,hg0287,200.08493041992188,219.42333673174844
SVR-RBF,20260731,2,glass_adhesion_kpa,hg0288,250.9837188720703,224.62477700642776
SVR-RBF,20260731,2,glass_adhesion_kpa,hg0289,81.07572174072266,107.44249488619795
SVR-RBF,20260731,2,glass_adhesion_kpa,hg0290,235.4706268310547,224.13016869871794
SVR-RBF,20260731,2,glass_adhesion_kpa,hg0291,225.3927764892578,221.9212381548355
SVR-RBF,20260731,2,glass_adhesion_kpa,hg0334,206.6525115966797,222.07705661998537
SVR-RBF,20260731,2,glass_adhesion_kpa,hg0335,193.57395935058594,163.3811647525849
SVR-RBF,20260731,2,glass_adhesion_kpa,hg0336,62.22222137451172,144.93121164170057
SVR-RBF,20260731,2,glass_adhesion_kpa,hg0337,147.99716186523438,132.25352107827123
SVR-RBF,20260731,2,glass_adhesion_kpa,hg0338,229.75230407714844,223.71944758170187
SVR-RBF,20260731,2,glass_adhesion_kpa,hg0339,232.0736083984375,225.334676731389
SVR-RBF,20260731,2,glass_adhesion_kpa,hg0340,199.1224365234375,205.53449599392016
RandomForest,20260731,2,glass_adhesion_kpa,hg0274,101.34465789794922,177.9027641584343
RandomForest,20260731,2,glass_adhesion_kpa,hg0275,229.6956787109375,280.22909246620287
RandomForest,20260731,2,glass_adhesion_kpa,hg0276,160.2830810546875,127.89434075206181
RandomForest,20260731,2,glass_adhesion_kpa,hg0277,100.89171600341797,102.6834244728049
RandomForest,20260731,2,glass_adhesion_kpa,hg0278,91.04033660888672,90.06033149107964
RandomForest,20260731,2,glass_adhesion_kpa,hg0279,127.67162322998047,124.1352029669616
RandomForest,20260731,2,glass_adhesion_kpa,hg0280,117.31068420410156,178.74184766375086
RandomForest,20260731,2,glass_adhesion_kpa,hg0281,155.07431030273438,130.37687161162353
RandomForest,20260731,2,glass_adhesion_kpa,hg0282,74.50814056396484,114.85400368332255
RandomForest,20260731,2,glass_adhesion_kpa,hg0283,101.62773895263672,178.28394674892613
RandomForest,20260731,2,glass_adhesion_kpa,hg0284,75.13092803955078,94.48112360895674
RandomForest,20260731,2,glass_adhesion_kpa,hg0285,245.0955352783203,269.70099680098264
RandomForest,20260731,2,glass_adhesion_kpa,hg0286,109.9504623413086,114.38499226367749
RandomForest,20260731,2,glass_adhesion_kpa,hg0287,200.08493041992188,258.0081349265063
RandomForest,20260731,2,glass_adhesion_kpa,hg0288,250.9837188720703,271.1928862467697
RandomForest,20260731,2,glass_adhesion_kpa,hg0289,81.07572174072266,123.76376691674157
RandomForest,20260731,2,glass_adhesion_kpa,hg0290,235.4706268310547,277.9663241991827
RandomForest,20260731,2,glass_adhesion_kpa,hg0291,225.3927764892578,272.3432226611616
RandomForest,20260731,2,glass_adhesion_kpa,hg0334,206.6525115966797,273.61173148545123
RandomForest,20260731,2,glass_adhesion_kpa,hg0335,193.57395935058594,145.3263329747542
RandomForest,20260731,2,glass_adhesion_kpa,hg0336,62.22222137451172,126.02204201785666
RandomForest,20260731,2,glass_adhesion_kpa,hg0337,147.99716186523438,137.04229071595498
RandomForest,20260731,2,glass_adhesion_kpa,hg0338,229.75230407714844,280.56221253813123
RandomForest,20260731,2,glass_adhesion_kpa,hg0339,232.0736083984375,273.2079392862358
RandomForest,20260731,2,glass_adhesion_kpa,hg0340,199.1224365234375,214.7958411071672
HistGB,20260731,2,glass_adhesion_kpa,hg0274,101.34465789794922,173.49240171586277
HistGB,20260731,2,glass_adhesion_kpa,hg0275,229.6956787109375,308.3516273381165
HistGB,20260731,2,glass_adhesion_kpa,hg0276,160.2830810546875,131.42516103199543
HistGB,20260731,2,glass_adhesion_kpa,hg0277,100.89171600341797,110.61904206311155
HistGB,20260731,2,glass_adhesion_kpa,hg0278,91.04033660888672,88.87039116983583
HistGB,20260731,2,glass_adhesion_kpa,hg0279,127.67162322998047,110.85754653202444
HistGB,20260731,2,glass_adhesion_kpa,hg0280,117.31068420410156,187.83918253044
HistGB,20260731,2,glass_adhesion_kpa,hg0281,155.07431030273438,124.7193890511013
HistGB,20260731,2,glass_adhesion_kpa,hg0282,74.50814056396484,122.35955132516995
HistGB,20260731,2,glass_adhesion_kpa,hg0283,101.62773895263672,166.36054941521155
HistGB,20260731,2,glass_adhesion_kpa,hg0284,75.13092803955078,80.65723185371446
HistGB,20260731,2,glass_adhesion_kpa,hg0285,245.0955352783203,249.89333560124956
HistGB,20260731,2,glass_adhesion_kpa,hg0286,109.9504623413086,106.99875517250705
HistGB,20260731,2,glass_adhesion_kpa,hg0287,200.08493041992188,217.47010786960456
HistGB,20260731,2,glass_adhesion_kpa,hg0288,250.9837188720703,281.1383508139391
HistGB,20260731,2,glass_adhesion_kpa,hg0289,81.07572174072266,107.26034388964742
HistGB,20260731,2,glass_adhesion_kpa,hg0290,235.4706268310547,286.4537723376066
HistGB,20260731,2,glass_adhesion_kpa,hg0291,225.3927764892578,276.3413120126104
HistGB,20260731,2,glass_adhesion_kpa,hg0334,206.6525115966797,255.4343823171218
HistGB,20260731,2,glass_adhesion_kpa,hg0335,193.57395935058594,134.23039188838285
HistGB,20260731,2,glass_adhesion_kpa,hg0336,62.22222137451172,187.74071301087207
HistGB,20260731,2,glass_adhesion_kpa,hg0337,147.99716186523438,178.3195067394422
HistGB,20260731,2,glass_adhesion_kpa,hg0338,229.75230407714844,309.5645725965396
HistGB,20260731,2,glass_adhesion_kpa,hg0339,232.0736083984375,268.56050004031687
HistGB,20260731,2,glass_adhesion_kpa,hg0340,199.1224365234375,194.25036489653638
MLP,20260731,2,glass_adhesion_kpa,hg0274,101.34465789794922,184.87034606933594
MLP,20260731,2,glass_adhesion_kpa,hg0275,229.6956787109375,224.12863159179688
MLP,20260731,2,glass_adhesion_kpa,hg0276,160.2830810546875,143.41734313964844
MLP,20260731,2,glass_adhesion_kpa,hg0277,100.89171600341797,101.03169250488281
MLP,20260731,2,glass_adhesion_kpa,hg0278,91.04033660888672,48.70127868652344
MLP,20260731,2,glass_adhesion_kpa,hg0279,127.67162322998047,128.3079833984375
MLP,20260731,2,glass_adhesion_kpa,hg0280,117.31068420410156,206.6183624267578
MLP,20260731,2,glass_adhesion_kpa,hg0281,155.07431030273438,147.7002716064453
MLP,20260731,2,glass_adhesion_kpa,hg0282,74.50814056396484,102.59201049804688
MLP,20260731,2,glass_adhesion_kpa,hg0283,101.62773895263672,186.50306701660156
MLP,20260731,2,glass_adhesion_kpa,hg0284,75.13092803955078,141.57313537597656
MLP,20260731,2,glass_adhesion_kpa,hg0285,245.0955352783203,221.37425231933594
MLP,20260731,2,glass_adhesion_kpa,hg0286,109.9504623413086,135.03370666503906
MLP,20260731,2,glass_adhesion_kpa,hg0287,200.08493041992188,224.55526733398438
MLP,20260731,2,glass_adhesion_kpa,hg0288,250.9837188720703,219.4220428466797
MLP,20260731,2,glass_adhesion_kpa,hg0289,81.07572174072266,122.14102172851562
MLP,20260731,2,glass_adhesion_kpa,hg0290,235.4706268310547,222.76341247558594
MLP,20260731,2,glass_adhesion_kpa,hg0291,225.3927764892578,225.20179748535156
MLP,20260731,2,glass_adhesion_kpa,hg0334,206.6525115966797,224.8998565673828
MLP,20260731,2,glass_adhesion_kpa,hg0335,193.57395935058594,169.4590301513672
MLP,20260731,2,glass_adhesion_kpa,hg0336,62.22222137451172,182.97930908203125
MLP,20260731,2,glass_adhesion_kpa,hg0337,147.99716186523438,128.40760803222656
MLP,20260731,2,glass_adhesion_kpa,hg0338,229.75230407714844,224.26956176757812
MLP,20260731,2,glass_adhesion_kpa,hg0339,232.0736083984375,219.9558868408203
MLP,20260731,2,glass_adhesion_kpa,hg0340,199.1224365234375,227.77955627441406
Mean,20260731,3,glass_adhesion_kpa,hg0274,101.34465789794922,92.10868072509766
Mean,20260731,3,glass_adhesion_kpa,hg0275,229.6956787109375,92.10868072509766
Mean,20260731,3,glass_adhesion_kpa,hg0276,160.2830810546875,92.10868072509766
Mean,20260731,3,glass_adhesion_kpa,hg0277,100.89171600341797,92.10868072509766
Mean,20260731,3,glass_adhesion_kpa,hg0278,91.04033660888672,92.10868072509766
Mean,20260731,3,glass_adhesion_kpa,hg0279,127.67162322998047,92.10868072509766
Mean,20260731,3,glass_adhesion_kpa,hg0280,117.31068420410156,92.10868072509766
Mean,20260731,3,glass_adhesion_kpa,hg0281,155.07431030273438,92.10868072509766
Mean,20260731,3,glass_adhesion_kpa,hg0282,74.50814056396484,92.10868072509766
Mean,20260731,3,glass_adhesion_kpa,hg0283,101.62773895263672,92.10868072509766
Mean,20260731,3,glass_adhesion_kpa,hg0284,75.13092803955078,92.10868072509766
Mean,20260731,3,glass_adhesion_kpa,hg0285,245.0955352783203,92.10868072509766
Mean,20260731,3,glass_adhesion_kpa,hg0286,109.9504623413086,92.10868072509766
Mean,20260731,3,glass_adhesion_kpa,hg0287,200.08493041992188,92.10868072509766
Mean,20260731,3,glass_adhesion_kpa,hg0288,250.9837188720703,92.10868072509766
Mean,20260731,3,glass_adhesion_kpa,hg0289,81.07572174072266,92.10868072509766
Mean,20260731,3,glass_adhesion_kpa,hg0290,235.4706268310547,92.10868072509766
Mean,20260731,3,glass_adhesion_kpa,hg0291,225.3927764892578,92.10868072509766
Mean,20260731,3,glass_adhesion_kpa,hg0334,206.6525115966797,92.10868072509766
Mean,20260731,3,glass_adhesion_kpa,hg0335,193.57395935058594,92.10868072509766
Mean,20260731,3,glass_adhesion_kpa,hg0336,62.22222137451172,92.10868072509766
Mean,20260731,3,glass_adhesion_kpa,hg0337,147.99716186523438,92.10868072509766
Mean,20260731,3,glass_adhesion_kpa,hg0338,229.75230407714844,92.10868072509766
Mean,20260731,3,glass_adhesion_kpa,hg0339,232.0736083984375,92.10868072509766
Mean,20260731,3,glass_adhesion_kpa,hg0340,199.1224365234375,92.10868072509766
Ridge,20260731,3,glass_adhesion_kpa,hg0274,101.34465789794922,176.84078979492188
Ridge,20260731,3,glass_adhesion_kpa,hg0275,229.6956787109375,223.131591796875
Ridge,20260731,3,glass_adhesion_kpa,hg0276,160.2830810546875,138.4629669189453
Ridge,20260731,3,glass_adhesion_kpa,hg0277,100.89171600341797,85.6530990600586
Ridge,20260731,3,glass_adhesion_kpa,hg0278,91.04033660888672,61.26512145996094
Ridge,20260731,3,glass_adhesion_kpa,hg0279,127.67162322998047,141.1226348876953
Ridge,20260731,3,glass_adhesion_kpa,hg0280,117.31068420410156,201.518798828125
Ridge,20260731,3,glass_adhesion_kpa,hg0281,155.07431030273438,152.3946533203125
Ridge,20260731,3,glass_adhesion_kpa,hg0282,74.50814056396484,121.15248107910156
Ridge,20260731,3,glass_adhesion_kpa,hg0283,101.62773895263672,179.15771484375
Ridge,20260731,3,glass_adhesion_kpa,hg0284,75.13092803955078,84.54023742675781
Ridge,20260731,3,glass_adhesion_kpa,hg0285,245.0955352783203,224.57125854492188
Ridge,20260731,3,glass_adhesion_kpa,hg0286,109.9504623413086,121.46049499511719
Ridge,20260731,3,glass_adhesion_kpa,hg0287,200.08493041992188,221.40219116210938
Ridge,20260731,3,glass_adhesion_kpa,hg0288,250.9837188720703,224.87921142578125
Ridge,20260731,3,glass_adhesion_kpa,hg0289,81.07572174072266,135.29840087890625
Ridge,20260731,3,glass_adhesion_kpa,hg0290,235.4706268310547,223.82827758789062
Ridge,20260731,3,glass_adhesion_kpa,hg0291,225.3927764892578,221.83917236328125
Ridge,20260731,3,glass_adhesion_kpa,hg0334,206.6525115966797,222.00613403320312
Ridge,20260731,3,glass_adhesion_kpa,hg0335,193.57395935058594,173.7493896484375
Ridge,20260731,3,glass_adhesion_kpa,hg0336,62.22222137451172,142.1407470703125
Ridge,20260731,3,glass_adhesion_kpa,hg0337,147.99716186523438,134.79978942871094
Ridge,20260731,3,glass_adhesion_kpa,hg0338,229.75230407714844,223.014404296875
Ridge,20260731,3,glass_adhesion_kpa,hg0339,232.0736083984375,224.88308715820312
Ridge,20260731,3,glass_adhesion_kpa,hg0340,199.1224365234375,208.8614501953125
ElasticNet,20260731,3,glass_adhesion_kpa,hg0274,101.34465789794922,176.82022094726562
ElasticNet,20260731,3,glass_adhesion_kpa,hg0275,229.6956787109375,223.11990356445312
ElasticNet,20260731,3,glass_adhesion_kpa,hg0276,160.2830810546875,138.2463836669922
ElasticNet,20260731,3,glass_adhesion_kpa,hg0277,100.89171600341797,85.47201538085938
ElasticNet,20260731,3,glass_adhesion_kpa,hg0278,91.04033660888672,61.277099609375
ElasticNet,20260731,3,glass_adhesion_kpa,hg0279,127.67162322998047,141.1060333251953
ElasticNet,20260731,3,glass_adhesion_kpa,hg0280,117.31068420410156,201.40670776367188
ElasticNet,20260731,3,glass_adhesion_kpa,hg0281,155.07431030273438,152.12945556640625
ElasticNet,20260731,3,glass_adhesion_kpa,hg0282,74.50814056396484,120.98429870605469
ElasticNet,20260731,3,glass_adhesion_kpa,hg0283,101.62773895263672,179.1370391845703
ElasticNet,20260731,3,glass_adhesion_kpa,hg0284,75.13092803955078,84.64456176757812
ElasticNet,20260731,3,glass_adhesion_kpa,hg0285,245.0955352783203,224.53750610351562
ElasticNet,20260731,3,glass_adhesion_kpa,hg0286,109.9504623413086,121.27713012695312
ElasticNet,20260731,3,glass_adhesion_kpa,hg0287,200.08493041992188,221.47329711914062
ElasticNet,20260731,3,glass_adhesion_kpa,hg0288,250.9837188720703,224.85488891601562
ElasticNet,20260731,3,glass_adhesion_kpa,hg0289,81.07572174072266,135.26617431640625
ElasticNet,20260731,3,glass_adhesion_kpa,hg0290,235.4706268310547,223.82516479492188
ElasticNet,20260731,3,glass_adhesion_kpa,hg0291,225.3927764892578,221.86553955078125
ElasticNet,20260731,3,glass_adhesion_kpa,hg0334,206.6525115966797,221.96371459960938
ElasticNet,20260731,3,glass_adhesion_kpa,hg0335,193.57395935058594,173.5574493408203
ElasticNet,20260731,3,glass_adhesion_kpa,hg0336,62.22222137451172,142.57029724121094
ElasticNet,20260731,3,glass_adhesion_kpa,hg0337,147.99716186523438,134.87014770507812
ElasticNet,20260731,3,glass_adhesion_kpa,hg0338,229.75230407714844,223.00262451171875
ElasticNet,20260731,3,glass_adhesion_kpa,hg0339,232.0736083984375,224.84158325195312
ElasticNet,20260731,3,glass_adhesion_kpa,hg0340,199.1224365234375,209.06948852539062
KNN,20260731,3,glass_adhesion_kpa,hg0274,101.34465789794922,162.698766064657
KNN,20260731,3,glass_adhesion_kpa,hg0275,229.6956787109375,295.56591218717966
KNN,20260731,3,glass_adhesion_kpa,hg0276,160.2830810546875,97.81874816810488
KNN,20260731,3,glass_adhesion_kpa,hg0277,100.89171600341797,95.84724936860758
KNN,20260731,3,glass_adhesion_kpa,hg0278,91.04033660888672,117.06320582539996
KNN,20260731,3,glass_adhesion_kpa,hg0279,127.67162322998047,94.43034377388139
KNN,20260731,3,glass_adhesion_kpa,hg0280,117.31068420410156,184.37386118819248
KNN,20260731,3,glass_adhesion_kpa,hg0281,155.07431030273438,144.8798912490634
KNN,20260731,3,glass_adhesion_kpa,hg0282,74.50814056396484,97.55103701475782
KNN,20260731,3,glass_adhesion_kpa,hg0283,101.62773895263672,173.71532841837973
KNN,20260731,3,glass_adhesion_kpa,hg0284,75.13092803955078,78.98301829047288
KNN,20260731,3,glass_adhesion_kpa,hg0285,245.0955352783203,281.26306211162307
KNN,20260731,3,glass_adhesion_kpa,hg0286,109.9504623413086,95.69527968617332
KNN,20260731,3,glass_adhesion_kpa,hg0287,200.08493041992188,253.08872460124348
KNN,20260731,3,glass_adhesion_kpa,hg0288,250.9837188720703,258.5098359119984
KNN,20260731,3,glass_adhesion_kpa,hg0289,81.07572174072266,88.41067522144995
KNN,20260731,3,glass_adhesion_kpa,hg0290,235.4706268310547,279.20136261749144
KNN,20260731,3,glass_adhesion_kpa,hg0291,225.3927764892578,274.04638040201365
KNN,20260731,3,glass_adhesion_kpa,hg0334,206.6525115966797,290.35625002177335
KNN,20260731,3,glass_adhesion_kpa,hg0335,193.57395935058594,158.23314695739126
KNN,20260731,3,glass_adhesion_kpa,hg0336,62.22222137451172,170.77292747691152
KNN,20260731,3,glass_adhesion_kpa,hg0337,147.99716186523438,143.50426153123922
KNN,20260731,3,glass_adhesion_kpa,hg0338,229.75230407714844,284.9833186708805
KNN,20260731,3,glass_adhesion_kpa,hg0339,232.0736083984375,265.11011425002494
KNN,20260731,3,glass_adhesion_kpa,hg0340,199.1224365234375,250.34779451498025
SVR-RBF,20260731,3,glass_adhesion_kpa,hg0274,101.34465789794922,165.7186983524316
SVR-RBF,20260731,3,glass_adhesion_kpa,hg0275,229.6956787109375,216.60969795530144
SVR-RBF,20260731,3,glass_adhesion_kpa,hg0276,160.2830810546875,116.04174323669925
SVR-RBF,20260731,3,glass_adhesion_kpa,hg0277,100.89171600341797,89.11376072939657
SVR-RBF,20260731,3,glass_adhesion_kpa,hg0278,91.04033660888672,73.52611304424578
SVR-RBF,20260731,3,glass_adhesion_kpa,hg0279,127.67162322998047,112.72061500206637
SVR-RBF,20260731,3,glass_adhesion_kpa,hg0280,117.31068420410156,202.05567308364522
SVR-RBF,20260731,3,glass_adhesion_kpa,hg0281,155.07431030273438,146.49053881051336
SVR-RBF,20260731,3,glass_adhesion_kpa,hg0282,74.50814056396484,118.57683252629316
SVR-RBF,20260731,3,glass_adhesion_kpa,hg0283,101.62773895263672,169.0395262988024
SVR-RBF,20260731,3,glass_adhesion_kpa,hg0284,75.13092803955078,49.38623626608832
SVR-RBF,20260731,3,glass_adhesion_kpa,hg0285,245.0955352783203,217.6821622408762
SVR-RBF,20260731,3,glass_adhesion_kpa,hg0286,109.9504623413086,89.33794142391879
SVR-RBF,20260731,3,glass_adhesion_kpa,hg0287,200.08493041992188,212.28650813277062
SVR-RBF,20260731,3,glass_adhesion_kpa,hg0288,250.9837188720703,217.0074502548996
SVR-RBF,20260731,3,glass_adhesion_kpa,hg0289,81.07572174072266,107.07464797510981
SVR-RBF,20260731,3,glass_adhesion_kpa,hg0290,235.4706268310547,216.69427357084373
SVR-RBF,20260731,3,glass_adhesion_kpa,hg0291,225.3927764892578,214.80382431464415
SVR-RBF,20260731,3,glass_adhesion_kpa,hg0334,206.6525115966797,215.53206842043227
SVR-RBF,20260731,3,glass_adhesion_kpa,hg0335,193.57395935058594,171.2539558141047
SVR-RBF,20260731,3,glass_adhesion_kpa,hg0336,62.22222137451172,138.2403057369474
SVR-RBF,20260731,3,glass_adhesion_kpa,hg0337,147.99716186523438,133.15237943847006
SVR-RBF,20260731,3,glass_adhesion_kpa,hg0338,229.75230407714844,216.52144062908587
SVR-RBF,20260731,3,glass_adhesion_kpa,hg0339,232.0736083984375,217.63572642839307
SVR-RBF,20260731,3,glass_adhesion_kpa,hg0340,199.1224365234375,200.2404295555558
RandomForest,20260731,3,glass_adhesion_kpa,hg0274,101.34465789794922,170.96393631169602
RandomForest,20260731,3,glass_adhesion_kpa,hg0275,229.6956787109375,274.32202177982464
RandomForest,20260731,3,glass_adhesion_kpa,hg0276,160.2830810546875,131.43752828036006
RandomForest,20260731,3,glass_adhesion_kpa,hg0277,100.89171600341797,96.41591422946084
RandomForest,20260731,3,glass_adhesion_kpa,hg0278,91.04033660888672,88.37847924625348
RandomForest,20260731,3,glass_adhesion_kpa,hg0279,127.67162322998047,127.71027710897026
RandomForest,20260731,3,glass_adhesion_kpa,hg0280,117.31068420410156,177.06701783164405
RandomForest,20260731,3,glass_adhesion_kpa,hg0281,155.07431030273438,141.85087512250283
RandomForest,20260731,3,glass_adhesion_kpa,hg0282,74.50814056396484,109.99635885084386
RandomForest,20260731,3,glass_adhesion_kpa,hg0283,101.62773895263672,172.65801189179723
RandomForest,20260731,3,glass_adhesion_kpa,hg0284,75.13092803955078,81.7963306292446
RandomForest,20260731,3,glass_adhesion_kpa,hg0285,245.0955352783203,251.209722192003
RandomForest,20260731,3,glass_adhesion_kpa,hg0286,109.9504623413086,109.41304405697637
RandomForest,20260731,3,glass_adhesion_kpa,hg0287,200.08493041992188,250.38896400887714
RandomForest,20260731,3,glass_adhesion_kpa,hg0288,250.9837188720703,248.2482102756972
RandomForest,20260731,3,glass_adhesion_kpa,hg0289,81.07572174072266,123.12035555533184
RandomForest,20260731,3,glass_adhesion_kpa,hg0290,235.4706268310547,271.1999944593496
RandomForest,20260731,3,glass_adhesion_kpa,hg0291,225.3927764892578,266.9036032811464
RandomForest,20260731,3,glass_adhesion_kpa,hg0334,206.6525115966797,268.33955297827725
RandomForest,20260731,3,glass_adhesion_kpa,hg0335,193.57395935058594,143.47618527515468
RandomForest,20260731,3,glass_adhesion_kpa,hg0336,62.22222137451172,114.10017367890228
RandomForest,20260731,3,glass_adhesion_kpa,hg0337,147.99716186523438,141.5671186894982
RandomForest,20260731,3,glass_adhesion_kpa,hg0338,229.75230407714844,274.89254672247057
RandomForest,20260731,3,glass_adhesion_kpa,hg0339,232.0736083984375,246.5843887799512
RandomForest,20260731,3,glass_adhesion_kpa,hg0340,199.1224365234375,214.45369004610103
HistGB,20260731,3,glass_adhesion_kpa,hg0274,101.34465789794922,165.74769850612515
HistGB,20260731,3,glass_adhesion_kpa,hg0275,229.6956787109375,256.97848823095785
HistGB,20260731,3,glass_adhesion_kpa,hg0276,160.2830810546875,131.02972935215593
HistGB,20260731,3,glass_adhesion_kpa,hg0277,100.89171600341797,73.60439624947644
HistGB,20260731,3,glass_adhesion_kpa,hg0278,91.04033660888672,88.11657897583459
HistGB,20260731,3,glass_adhesion_kpa,hg0279,127.67162322998047,131.14698177079148
HistGB,20260731,3,glass_adhesion_kpa,hg0280,117.31068420410156,193.15360397708687
HistGB,20260731,3,glass_adhesion_kpa,hg0281,155.07431030273438,128.9376793226315
HistGB,20260731,3,glass_adhesion_kpa,hg0282,74.50814056396484,113.19437921310694
HistGB,20260731,3,glass_adhesion_kpa,hg0283,101.62773895263672,172.45559106390968
HistGB,20260731,3,glass_adhesion_kpa,hg0284,75.13092803955078,69.30328576136723
HistGB,20260731,3,glass_adhesion_kpa,hg0285,245.0955352783203,245.43971595442838
HistGB,20260731,3,glass_adhesion_kpa,hg0286,109.9504623413086,96.44750735111265
HistGB,20260731,3,glass_adhesion_kpa,hg0287,200.08493041992188,247.89663586870898
HistGB,20260731,3,glass_adhesion_kpa,hg0288,250.9837188720703,248.91966654179518
HistGB,20260731,3,glass_adhesion_kpa,hg0289,81.07572174072266,134.30698244112577
HistGB,20260731,3,glass_adhesion_kpa,hg0290,235.4706268310547,256.5163078487424
HistGB,20260731,3,glass_adhesion_kpa,hg0291,225.3927764892578,248.3876474810208
HistGB,20260731,3,glass_adhesion_kpa,hg0334,206.6525115966797,264.8004727782844
HistGB,20260731,3,glass_adhesion_kpa,hg0335,193.57395935058594,139.60789554463764
HistGB,20260731,3,glass_adhesion_kpa,hg0336,62.22222137451172,142.65549059593343
HistGB,20260731,3,glass_adhesion_kpa,hg0337,147.99716186523438,160.5262895112524
HistGB,20260731,3,glass_adhesion_kpa,hg0338,229.75230407714844,256.97848823095785
HistGB,20260731,3,glass_adhesion_kpa,hg0339,232.0736083984375,247.96869999426013
HistGB,20260731,3,glass_adhesion_kpa,hg0340,199.1224365234375,196.59766107390908
MLP,20260731,3,glass_adhesion_kpa,hg0274,101.34465789794922,172.3592987060547
MLP,20260731,3,glass_adhesion_kpa,hg0275,229.6956787109375,219.84922790527344
MLP,20260731,3,glass_adhesion_kpa,hg0276,160.2830810546875,119.29997253417969
MLP,20260731,3,glass_adhesion_kpa,hg0277,100.89171600341797,85.71746063232422
MLP,20260731,3,glass_adhesion_kpa,hg0278,91.04033660888672,45.67454147338867
MLP,20260731,3,glass_adhesion_kpa,hg0279,127.67162322998047,115.47881317138672
MLP,20260731,3,glass_adhesion_kpa,hg0280,117.31068420410156,193.06707763671875
MLP,20260731,3,glass_adhesion_kpa,hg0281,155.07431030273438,126.31897735595703
MLP,20260731,3,glass_adhesion_kpa,hg0282,74.50814056396484,77.9941635131836
MLP,20260731,3,glass_adhesion_kpa,hg0283,101.62773895263672,174.27085876464844
MLP,20260731,3,glass_adhesion_kpa,hg0284,75.13092803955078,124.07608032226562
MLP,20260731,3,glass_adhesion_kpa,hg0285,245.0955352783203,218.2065887451172
MLP,20260731,3,glass_adhesion_kpa,hg0286,109.9504623413086,109.61671447753906
MLP,20260731,3,glass_adhesion_kpa,hg0287,200.08493041992188,220.2186737060547
MLP,20260731,3,glass_adhesion_kpa,hg0288,250.9837188720703,216.86598205566406
MLP,20260731,3,glass_adhesion_kpa,hg0289,81.07572174072266,110.52438354492188
MLP,20260731,3,glass_adhesion_kpa,hg0290,235.4706268310547,219.1023712158203
MLP,20260731,3,glass_adhesion_kpa,hg0291,225.3927764892578,220.48114013671875
MLP,20260731,3,glass_adhesion_kpa,hg0334,206.6525115966797,219.6956787109375
MLP,20260731,3,glass_adhesion_kpa,hg0335,193.57395935058594,156.89137268066406
MLP,20260731,3,glass_adhesion_kpa,hg0336,62.22222137451172,158.7964630126953
MLP,20260731,3,glass_adhesion_kpa,hg0337,147.99716186523438,120.21680450439453
MLP,20260731,3,glass_adhesion_kpa,hg0338,229.75230407714844,219.91217041015625
MLP,20260731,3,glass_adhesion_kpa,hg0339,232.0736083984375,217.30410766601562
MLP,20260731,3,glass_adhesion_kpa,hg0340,199.1224365234375,219.93446350097656
Mean,20260731,4,glass_adhesion_kpa,hg0274,101.34465789794922,92.92256927490234
Mean,20260731,4,glass_adhesion_kpa,hg0275,229.6956787109375,92.92256927490234
Mean,20260731,4,glass_adhesion_kpa,hg0276,160.2830810546875,92.92256927490234
Mean,20260731,4,glass_adhesion_kpa,hg0277,100.89171600341797,92.92256927490234
Mean,20260731,4,glass_adhesion_kpa,hg0278,91.04033660888672,92.92256927490234
Mean,20260731,4,glass_adhesion_kpa,hg0279,127.67162322998047,92.92256927490234
Mean,20260731,4,glass_adhesion_kpa,hg0280,117.31068420410156,92.92256927490234
Mean,20260731,4,glass_adhesion_kpa,hg0281,155.07431030273438,92.92256927490234
Mean,20260731,4,glass_adhesion_kpa,hg0282,74.50814056396484,92.92256927490234
Mean,20260731,4,glass_adhesion_kpa,hg0283,101.62773895263672,92.92256927490234
Mean,20260731,4,glass_adhesion_kpa,hg0284,75.13092803955078,92.92256927490234
Mean,20260731,4,glass_adhesion_kpa,hg0285,245.0955352783203,92.92256927490234
Mean,20260731,4,glass_adhesion_kpa,hg0286,109.9504623413086,92.92256927490234
Mean,20260731,4,glass_adhesion_kpa,hg0287,200.08493041992188,92.92256927490234
Mean,20260731,4,glass_adhesion_kpa,hg0288,250.9837188720703,92.92256927490234
Mean,20260731,4,glass_adhesion_kpa,hg0289,81.07572174072266,92.92256927490234
Mean,20260731,4,glass_adhesion_kpa,hg0290,235.4706268310547,92.92256927490234
Mean,20260731,4,glass_adhesion_kpa,hg0291,225.3927764892578,92.92256927490234
Mean,20260731,4,glass_adhesion_kpa,hg0334,206.6525115966797,92.92256927490234
Mean,20260731,4,glass_adhesion_kpa,hg0335,193.57395935058594,92.92256927490234
Mean,20260731,4,glass_adhesion_kpa,hg0336,62.22222137451172,92.92256927490234
Mean,20260731,4,glass_adhesion_kpa,hg0337,147.99716186523438,92.92256927490234
Mean,20260731,4,glass_adhesion_kpa,hg0338,229.75230407714844,92.92256927490234
Mean,20260731,4,glass_adhesion_kpa,hg0339,232.0736083984375,92.92256927490234
Mean,20260731,4,glass_adhesion_kpa,hg0340,199.1224365234375,92.92256927490234
Ridge,20260731,4,glass_adhesion_kpa,hg0274,101.34465789794922,174.85382080078125
Ridge,20260731,4,glass_adhesion_kpa,hg0275,229.6956787109375,226.54351806640625
Ridge,20260731,4,glass_adhesion_kpa,hg0276,160.2830810546875,138.24728393554688
Ridge,20260731,4,glass_adhesion_kpa,hg0277,100.89171600341797,95.23021697998047
Ridge,20260731,4,glass_adhesion_kpa,hg0278,91.04033660888672,61.8259162902832
Ridge,20260731,4,glass_adhesion_kpa,hg0279,127.67162322998047,140.7622833251953
Ridge,20260731,4,glass_adhesion_kpa,hg0280,117.31068420410156,203.25735473632812
Ridge,20260731,4,glass_adhesion_kpa,hg0281,155.07431030273438,152.61386108398438
Ridge,20260731,4,glass_adhesion_kpa,hg0282,74.50814056396484,122.49034118652344
Ridge,20260731,4,glass_adhesion_kpa,hg0283,101.62773895263672,177.3807373046875
Ridge,20260731,4,glass_adhesion_kpa,hg0284,75.13092803955078,80.46907043457031
Ridge,20260731,4,glass_adhesion_kpa,hg0285,245.0955352783203,228.24118041992188
Ridge,20260731,4,glass_adhesion_kpa,hg0286,109.9504623413086,121.57423400878906
Ridge,20260731,4,glass_adhesion_kpa,hg0287,200.08493041992188,224.97836303710938
Ridge,20260731,4,glass_adhesion_kpa,hg0288,250.9837188720703,228.89401245117188
Ridge,20260731,4,glass_adhesion_kpa,hg0289,81.07572174072266,134.20425415039062
Ridge,20260731,4,glass_adhesion_kpa,hg0290,235.4706268310547,227.48397827148438
Ridge,20260731,4,glass_adhesion_kpa,hg0291,225.3927764892578,225.23104858398438
Ridge,20260731,4,glass_adhesion_kpa,hg0334,206.6525115966797,225.13656616210938
Ridge,20260731,4,glass_adhesion_kpa,hg0335,193.57395935058594,174.1182098388672
Ridge,20260731,4,glass_adhesion_kpa,hg0336,62.22222137451172,137.62960815429688
Ridge,20260731,4,glass_adhesion_kpa,hg0337,147.99716186523438,136.6400604248047
Ridge,20260731,4,glass_adhesion_kpa,hg0338,229.75230407714844,226.404541015625
Ridge,20260731,4,glass_adhesion_kpa,hg0339,232.0736083984375,228.67724609375
Ridge,20260731,4,glass_adhesion_kpa,hg0340,199.1224365234375,211.92654418945312
ElasticNet,20260731,4,glass_adhesion_kpa,hg0274,101.34465789794922,174.85186767578125
ElasticNet,20260731,4,glass_adhesion_kpa,hg0275,229.6956787109375,226.5418701171875
ElasticNet,20260731,4,glass_adhesion_kpa,hg0276,160.2830810546875,138.23098754882812
ElasticNet,20260731,4,glass_adhesion_kpa,hg0277,100.89171600341797,95.22127532958984
ElasticNet,20260731,4,glass_adhesion_kpa,hg0278,91.04033660888672,61.82459259033203
ElasticNet,20260731,4,glass_adhesion_kpa,hg0279,127.67162322998047,140.764404296875
ElasticNet,20260731,4,glass_adhesion_kpa,hg0280,117.31068420410156,203.2473907470703
ElasticNet,20260731,4,glass_adhesion_kpa,hg0281,155.07431030273438,152.59512329101562
ElasticNet,20260731,4,glass_adhesion_kpa,hg0282,74.50814056396484,122.48004913330078
ElasticNet,20260731,4,glass_adhesion_kpa,hg0283,101.62773895263672,177.3787841796875
ElasticNet,20260731,4,glass_adhesion_kpa,hg0284,75.13092803955078,80.47315979003906
ElasticNet,20260731,4,glass_adhesion_kpa,hg0285,245.0955352783203,228.23849487304688
ElasticNet,20260731,4,glass_adhesion_kpa,hg0286,109.9504623413086,121.55953216552734
ElasticNet,20260731,4,glass_adhesion_kpa,hg0287,200.08493041992188,224.98184204101562
ElasticNet,20260731,4,glass_adhesion_kpa,hg0288,250.9837188720703,228.89202880859375
ElasticNet,20260731,4,glass_adhesion_kpa,hg0289,81.07572174072266,134.20684814453125
ElasticNet,20260731,4,glass_adhesion_kpa,hg0290,235.4706268310547,227.48312377929688
ElasticNet,20260731,4,glass_adhesion_kpa,hg0291,225.3927764892578,225.23150634765625
ElasticNet,20260731,4,glass_adhesion_kpa,hg0334,206.6525115966797,225.13265991210938
ElasticNet,20260731,4,glass_adhesion_kpa,hg0335,193.57395935058594,174.10586547851562
ElasticNet,20260731,4,glass_adhesion_kpa,hg0336,62.22222137451172,137.65310668945312
ElasticNet,20260731,4,glass_adhesion_kpa,hg0337,147.99716186523438,136.6416778564453
ElasticNet,20260731,4,glass_adhesion_kpa,hg0338,229.75230407714844,226.40283203125
ElasticNet,20260731,4,glass_adhesion_kpa,hg0339,232.0736083984375,228.67416381835938
ElasticNet,20260731,4,glass_adhesion_kpa,hg0340,199.1224365234375,211.93463134765625
KNN,20260731,4,glass_adhesion_kpa,hg0274,101.34465789794922,150.1392820013999
KNN,20260731,4,glass_adhesion_kpa,hg0275,229.6956787109375,287.1630145631457
KNN,20260731,4,glass_adhesion_kpa,hg0276,160.2830810546875,108.72406158003133
KNN,20260731,4,glass_adhesion_kpa,hg0277,100.89171600341797,79.48062586022643
KNN,20260731,4,glass_adhesion_kpa,hg0278,91.04033660888672,82.54293182726416
KNN,20260731,4,glass_adhesion_kpa,hg0279,127.67162322998047,113.01285531193128
KNN,20260731,4,glass_adhesion_kpa,hg0280,117.31068420410156,187.53286079967867
KNN,20260731,4,glass_adhesion_kpa,hg0281,155.07431030273438,126.41262327821391
KNN,20260731,4,glass_adhesion_kpa,hg0282,74.50814056396484,104.80919120022638
KNN,20260731,4,glass_adhesion_kpa,hg0283,101.62773895263672,152.068164891176
KNN,20260731,4,glass_adhesion_kpa,hg0284,75.13092803955078,79.62395370926103
KNN,20260731,4,glass_adhesion_kpa,hg0285,245.0955352783203,277.6547914170041
KNN,20260731,4,glass_adhesion_kpa,hg0286,109.9504623413086,107.26032758723429
KNN,20260731,4,glass_adhesion_kpa,hg0287,200.08493041992188,248.14040458204823
KNN,20260731,4,glass_adhesion_kpa,hg0288,250.9837188720703,269.79272134736004
KNN,20260731,4,glass_adhesion_kpa,hg0289,81.07572174072266,91.77320316139964
KNN,20260731,4,glass_adhesion_kpa,hg0290,235.4706268310547,279.7795343832897
KNN,20260731,4,glass_adhesion_kpa,hg0291,225.3927764892578,279.2889991856483
KNN,20260731,4,glass_adhesion_kpa,hg0334,206.6525115966797,284.89670826637183
KNN,20260731,4,glass_adhesion_kpa,hg0335,193.57395935058594,158.19016550835667
KNN,20260731,4,glass_adhesion_kpa,hg0336,62.22222137451172,150.53563206601595
KNN,20260731,4,glass_adhesion_kpa,hg0337,147.99716186523438,148.23513035869126
KNN,20260731,4,glass_adhesion_kpa,hg0338,229.75230407714844,287.839302749
KNN,20260731,4,glass_adhesion_kpa,hg0339,232.0736083984375,274.5452873488262
KNN,20260731,4,glass_adhesion_kpa,hg0340,199.1224365234375,243.18085259828106
SVR-RBF,20260731,4,glass_adhesion_kpa,hg0274,101.34465789794922,165.81925863276524
SVR-RBF,20260731,4,glass_adhesion_kpa,hg0275,229.6956787109375,221.05616337814928
SVR-RBF,20260731,4,glass_adhesion_kpa,hg0276,160.2830810546875,127.14041614848286
SVR-RBF,20260731,4,glass_adhesion_kpa,hg0277,100.89171600341797,115.99640894482
SVR-RBF,20260731,4,glass_adhesion_kpa,hg0278,91.04033660888672,71.6736022060691
SVR-RBF,20260731,4,glass_adhesion_kpa,hg0279,127.67162322998047,103.67547416848471
SVR-RBF,20260731,4,glass_adhesion_kpa,hg0280,117.31068420410156,201.12065412699502
SVR-RBF,20260731,4,glass_adhesion_kpa,hg0281,155.07431030273438,153.02711238515175
SVR-RBF,20260731,4,glass_adhesion_kpa,hg0282,74.50814056396484,115.27363192281244
SVR-RBF,20260731,4,glass_adhesion_kpa,hg0283,101.62773895263672,168.85341089204263
SVR-RBF,20260731,4,glass_adhesion_kpa,hg0284,75.13092803955078,60.10105013181793
SVR-RBF,20260731,4,glass_adhesion_kpa,hg0285,245.0955352783203,221.139971925263
SVR-RBF,20260731,4,glass_adhesion_kpa,hg0286,109.9504623413086,102.2559821114164
SVR-RBF,20260731,4,glass_adhesion_kpa,hg0287,200.08493041992188,217.55547528715266
SVR-RBF,20260731,4,glass_adhesion_kpa,hg0288,250.9837188720703,219.90274111334622
SVR-RBF,20260731,4,glass_adhesion_kpa,hg0289,81.07572174072266,100.56731802561855
SVR-RBF,20260731,4,glass_adhesion_kpa,hg0290,235.4706268310547,220.77558972025503
SVR-RBF,20260731,4,glass_adhesion_kpa,hg0291,225.3927764892578,219.9387002676823
SVR-RBF,20260731,4,glass_adhesion_kpa,hg0334,206.6525115966797,219.75720068998442
SVR-RBF,20260731,4,glass_adhesion_kpa,hg0335,193.57395935058594,167.06291434327937
SVR-RBF,20260731,4,glass_adhesion_kpa,hg0336,62.22222137451172,128.90801634129815
SVR-RBF,20260731,4,glass_adhesion_kpa,hg0337,147.99716186523438,139.74122825037966
SVR-RBF,20260731,4,glass_adhesion_kpa,hg0338,229.75230407714844,221.0079862779956
SVR-RBF,20260731,4,glass_adhesion_kpa,hg0339,232.0736083984375,220.6508095906919
SVR-RBF,20260731,4,glass_adhesion_kpa,hg0340,199.1224365234375,207.63535282700587
RandomForest,20260731,4,glass_adhesion_kpa,hg0274,101.34465789794922,186.22982359384304
RandomForest,20260731,4,glass_adhesion_kpa,hg0275,229.6956787109375,265.5114392618798
RandomForest,20260731,4,glass_adhesion_kpa,hg0276,160.2830810546875,132.6340738075832
RandomForest,20260731,4,glass_adhesion_kpa,hg0277,100.89171600341797,95.44495509260236
RandomForest,20260731,4,glass_adhesion_kpa,hg0278,91.04033660888672,75.51888745490423
RandomForest,20260731,4,glass_adhesion_kpa,hg0279,127.67162322998047,123.77692537143153
RandomForest,20260731,4,glass_adhesion_kpa,hg0280,117.31068420410156,178.82001756667677
RandomForest,20260731,4,glass_adhesion_kpa,hg0281,155.07431030273438,135.69911351605958
RandomForest,20260731,4,glass_adhesion_kpa,hg0282,74.50814056396484,110.56348026213142
RandomForest,20260731,4,glass_adhesion_kpa,hg0283,101.62773895263672,187.47709583896247
RandomForest,20260731,4,glass_adhesion_kpa,hg0284,75.13092803955078,86.44532972624702
RandomForest,20260731,4,glass_adhesion_kpa,hg0285,245.0955352783203,250.16940509665076
RandomForest,20260731,4,glass_adhesion_kpa,hg0286,109.9504623413086,114.48960191523837
RandomForest,20260731,4,glass_adhesion_kpa,hg0287,200.08493041992188,243.53557120812508
RandomForest,20260731,4,glass_adhesion_kpa,hg0288,250.9837188720703,247.11657390383849
RandomForest,20260731,4,glass_adhesion_kpa,hg0289,81.07572174072266,122.47688440140682
RandomForest,20260731,4,glass_adhesion_kpa,hg0290,235.4706268310547,255.24471746557106
RandomForest,20260731,4,glass_adhesion_kpa,hg0291,225.3927764892578,264.0661037225889
RandomForest,20260731,4,glass_adhesion_kpa,hg0334,206.6525115966797,253.25969743567936
RandomForest,20260731,4,glass_adhesion_kpa,hg0335,193.57395935058594,142.5552426558416
RandomForest,20260731,4,glass_adhesion_kpa,hg0336,62.22222137451172,132.483406143017
RandomForest,20260731,4,glass_adhesion_kpa,hg0337,147.99716186523438,146.22323585961297
RandomForest,20260731,4,glass_adhesion_kpa,hg0338,229.75230407714844,266.65629781182696
RandomForest,20260731,4,glass_adhesion_kpa,hg0339,232.0736083984375,249.08993562573343
RandomForest,20260731,4,glass_adhesion_kpa,hg0340,199.1224365234375,216.88065138009773
HistGB,20260731,4,glass_adhesion_kpa,hg0274,101.34465789794922,187.16240671792696
HistGB,20260731,4,glass_adhesion_kpa,hg0275,229.6956787109375,278.64695214247325
HistGB,20260731,4,glass_adhesion_kpa,hg0276,160.2830810546875,129.25483630216536
HistGB,20260731,4,glass_adhesion_kpa,hg0277,100.89171600341797,82.00105973976733
HistGB,20260731,4,glass_adhesion_kpa,hg0278,91.04033660888672,71.60672185308013
HistGB,20260731,4,glass_adhesion_kpa,hg0279,127.67162322998047,115.1552848850275
HistGB,20260731,4,glass_adhesion_kpa,hg0280,117.31068420410156,199.12226249259078
HistGB,20260731,4,glass_adhesion_kpa,hg0281,155.07431030273438,115.56421088147387
HistGB,20260731,4,glass_adhesion_kpa,hg0282,74.50814056396484,117.56647538338561
HistGB,20260731,4,glass_adhesion_kpa,hg0283,101.62773895263672,186.18116438446836
HistGB,20260731,4,glass_adhesion_kpa,hg0284,75.13092803955078,51.81477678204866
HistGB,20260731,4,glass_adhesion_kpa,hg0285,245.0955352783203,263.8538035778501
HistGB,20260731,4,glass_adhesion_kpa,hg0286,109.9504623413086,106.47698716706756
HistGB,20260731,4,glass_adhesion_kpa,hg0287,200.08493041992188,236.78625800798176
HistGB,20260731,4,glass_adhesion_kpa,hg0288,250.9837188720703,236.43374657661084
HistGB,20260731,4,glass_adhesion_kpa,hg0289,81.07572174072266,137.86974952708988
HistGB,20260731,4,glass_adhesion_kpa,hg0290,235.4706268310547,249.80720811712084
HistGB,20260731,4,glass_adhesion_kpa,hg0291,225.3927764892578,253.46022294025985
HistGB,20260731,4,glass_adhesion_kpa,hg0334,206.6525115966797,260.89936530998875
HistGB,20260731,4,glass_adhesion_kpa,hg0335,193.57395935058594,146.35376420069971
HistGB,20260731,4,glass_adhesion_kpa,hg0336,62.22222137451172,155.65873246071052
HistGB,20260731,4,glass_adhesion_kpa,hg0337,147.99716186523438,198.4233207049105
HistGB,20260731,4,glass_adhesion_kpa,hg0338,229.75230407714844,278.64695214247325
HistGB,20260731,4,glass_adhesion_kpa,hg0339,232.0736083984375,252.9649563028636
HistGB,20260731,4,glass_adhesion_kpa,hg0340,199.1224365234375,185.82110615075575
MLP,20260731,4,glass_adhesion_kpa,hg0274,101.34465789794922,179.69972229003906
MLP,20260731,4,glass_adhesion_kpa,hg0275,229.6956787109375,227.17648315429688
MLP,20260731,4,glass_adhesion_kpa,hg0276,160.2830810546875,123.21147918701172
MLP,20260731,4,glass_adhesion_kpa,hg0277,100.89171600341797,104.52642059326172
MLP,20260731,4,glass_adhesion_kpa,hg0278,91.04033660888672,53.45140075683594
MLP,20260731,4,glass_adhesion_kpa,hg0279,127.67162322998047,114.61582946777344
MLP,20260731,4,glass_adhesion_kpa,hg0280,117.31068420410156,196.00794982910156
MLP,20260731,4,glass_adhesion_kpa,hg0281,155.07431030273438,126.09660339355469
MLP,20260731,4,glass_adhesion_kpa,hg0282,74.50814056396484,97.09613037109375
MLP,20260731,4,glass_adhesion_kpa,hg0283,101.62773895263672,181.809814453125
MLP,20260731,4,glass_adhesion_kpa,hg0284,75.13092803955078,119.63125610351562
MLP,20260731,4,glass_adhesion_kpa,hg0285,245.0955352783203,226.40457153320312
MLP,20260731,4,glass_adhesion_kpa,hg0286,109.9504623413086,114.20704650878906
MLP,20260731,4,glass_adhesion_kpa,hg0287,200.08493041992188,227.68869018554688
MLP,20260731,4,glass_adhesion_kpa,hg0288,250.9837188720703,225.57781982421875
MLP,20260731,4,glass_adhesion_kpa,hg0289,81.07572174072266,113.25330352783203
MLP,20260731,4,glass_adhesion_kpa,hg0290,235.4706268310547,226.8336181640625
MLP,20260731,4,glass_adhesion_kpa,hg0291,225.3927764892578,227.70938110351562
MLP,20260731,4,glass_adhesion_kpa,hg0334,206.6525115966797,225.52366638183594
MLP,20260731,4,glass_adhesion_kpa,hg0335,193.57395935058594,152.5657958984375
MLP,20260731,4,glass_adhesion_kpa,hg0336,62.22222137451172,171.46701049804688
MLP,20260731,4,glass_adhesion_kpa,hg0337,147.99716186523438,133.91761779785156
MLP,20260731,4,glass_adhesion_kpa,hg0338,229.75230407714844,227.17062377929688
MLP,20260731,4,glass_adhesion_kpa,hg0339,232.0736083984375,225.92568969726562
MLP,20260731,4,glass_adhesion_kpa,hg0340,199.1224365234375,225.8160400390625
Mean,11,0,glass_adhesion_kpa,hg0274,101.34465789794922,93.11180877685547
Mean,11,0,glass_adhesion_kpa,hg0275,229.6956787109375,93.11180877685547
Mean,11,0,glass_adhesion_kpa,hg0276,160.2830810546875,93.11180877685547
Mean,11,0,glass_adhesion_kpa,hg0277,100.89171600341797,93.11180877685547
Mean,11,0,glass_adhesion_kpa,hg0278,91.04033660888672,93.11180877685547
Mean,11,0,glass_adhesion_kpa,hg0279,127.67162322998047,93.11180877685547
Mean,11,0,glass_adhesion_kpa,hg0280,117.31068420410156,93.11180877685547
Mean,11,0,glass_adhesion_kpa,hg0281,155.07431030273438,93.11180877685547
Mean,11,0,glass_adhesion_kpa,hg0282,74.50814056396484,93.11180877685547
Mean,11,0,glass_adhesion_kpa,hg0283,101.62773895263672,93.11180877685547
Mean,11,0,glass_adhesion_kpa,hg0284,75.13092803955078,93.11180877685547
Mean,11,0,glass_adhesion_kpa,hg0285,245.0955352783203,93.11180877685547
Mean,11,0,glass_adhesion_kpa,hg0286,109.9504623413086,93.11180877685547
Mean,11,0,glass_adhesion_kpa,hg0287,200.08493041992188,93.11180877685547
Mean,11,0,glass_adhesion_kpa,hg0288,250.9837188720703,93.11180877685547
Mean,11,0,glass_adhesion_kpa,hg0289,81.07572174072266,93.11180877685547
Mean,11,0,glass_adhesion_kpa,hg0290,235.4706268310547,93.11180877685547
Mean,11,0,glass_adhesion_kpa,hg0291,225.3927764892578,93.11180877685547
Mean,11,0,glass_adhesion_kpa,hg0334,206.6525115966797,93.11180877685547
Mean,11,0,glass_adhesion_kpa,hg0335,193.57395935058594,93.11180877685547
Mean,11,0,glass_adhesion_kpa,hg0336,62.22222137451172,93.11180877685547
Mean,11,0,glass_adhesion_kpa,hg0337,147.99716186523438,93.11180877685547
Mean,11,0,glass_adhesion_kpa,hg0338,229.75230407714844,93.11180877685547
Mean,11,0,glass_adhesion_kpa,hg0339,232.0736083984375,93.11180877685547
Mean,11,0,glass_adhesion_kpa,hg0340,199.1224365234375,93.11180877685547
Ridge,11,0,glass_adhesion_kpa,hg0274,101.34465789794922,173.98953247070312
Ridge,11,0,glass_adhesion_kpa,hg0275,229.6956787109375,222.02989196777344
Ridge,11,0,glass_adhesion_kpa,hg0276,160.2830810546875,137.60960388183594
Ridge,11,0,glass_adhesion_kpa,hg0277,100.89171600341797,86.03484344482422
Ridge,11,0,glass_adhesion_kpa,hg0278,91.04033660888672,55.87051773071289
Ridge,11,0,glass_adhesion_kpa,hg0279,127.67162322998047,139.30955505371094
Ridge,11,0,glass_adhesion_kpa,hg0280,117.31068420410156,200.5097198486328
Ridge,11,0,glass_adhesion_kpa,hg0281,155.07431030273438,153.0177764892578
Ridge,11,0,glass_adhesion_kpa,hg0282,74.50814056396484,120.33875274658203
Ridge,11,0,glass_adhesion_kpa,hg0283,101.62773895263672,176.39930725097656
Ridge,11,0,glass_adhesion_kpa,hg0284,75.13092803955078,77.77993774414062
Ridge,11,0,glass_adhesion_kpa,hg0285,245.0955352783203,224.11952209472656
Ridge,11,0,glass_adhesion_kpa,hg0286,109.9504623413086,119.93002319335938
Ridge,11,0,glass_adhesion_kpa,hg0287,200.08493041992188,219.63986206054688
Ridge,11,0,glass_adhesion_kpa,hg0288,250.9837188720703,224.7045135498047
Ridge,11,0,glass_adhesion_kpa,hg0289,81.07572174072266,133.1637420654297
Ridge,11,0,glass_adhesion_kpa,hg0290,235.4706268310547,222.9082489013672
Ridge,11,0,glass_adhesion_kpa,hg0291,225.3927764892578,220.28927612304688
Ridge,11,0,glass_adhesion_kpa,hg0334,206.6525115966797,220.9598388671875
Ridge,11,0,glass_adhesion_kpa,hg0335,193.57395935058594,173.7696533203125
Ridge,11,0,glass_adhesion_kpa,hg0336,62.22222137451172,134.29844665527344
Ridge,11,0,glass_adhesion_kpa,hg0337,147.99716186523438,130.47682189941406
Ridge,11,0,glass_adhesion_kpa,hg0338,229.75230407714844,221.8872528076172
Ridge,11,0,glass_adhesion_kpa,hg0339,232.0736083984375,224.74209594726562
Ridge,11,0,glass_adhesion_kpa,hg0340,199.1224365234375,205.7491912841797
ElasticNet,11,0,glass_adhesion_kpa,hg0274,101.34465789794922,174.02117919921875
ElasticNet,11,0,glass_adhesion_kpa,hg0275,229.6956787109375,221.960205078125
ElasticNet,11,0,glass_adhesion_kpa,hg0276,160.2830810546875,136.99452209472656
ElasticNet,11,0,glass_adhesion_kpa,hg0277,100.89171600341797,85.64956665039062
ElasticNet,11,0,glass_adhesion_kpa,hg0278,91.04033660888672,55.94825744628906
ElasticNet,11,0,glass_adhesion_kpa,hg0279,127.67162322998047,139.05589294433594
ElasticNet,11,0,glass_adhesion_kpa,hg0280,117.31068420410156,200.07647705078125
ElasticNet,11,0,glass_adhesion_kpa,hg0281,155.07431030273438,152.2130584716797
ElasticNet,11,0,glass_adhesion_kpa,hg0282,74.50814056396484,119.89680480957031
ElasticNet,11,0,glass_adhesion_kpa,hg0283,101.62773895263672,176.42616271972656
ElasticNet,11,0,glass_adhesion_kpa,hg0284,75.13092803955078,78.31063842773438
ElasticNet,11,0,glass_adhesion_kpa,hg0285,245.0955352783203,223.994140625
ElasticNet,11,0,glass_adhesion_kpa,hg0286,109.9504623413086,119.44949340820312
ElasticNet,11,0,glass_adhesion_kpa,hg0287,200.08493041992188,219.88504028320312
ElasticNet,11,0,glass_adhesion_kpa,hg0288,250.9837188720703,224.63136291503906
ElasticNet,11,0,glass_adhesion_kpa,hg0289,81.07572174072266,132.88304138183594
ElasticNet,11,0,glass_adhesion_kpa,hg0290,235.4706268310547,222.88914489746094
ElasticNet,11,0,glass_adhesion_kpa,hg0291,225.3927764892578,220.34979248046875
ElasticNet,11,0,glass_adhesion_kpa,hg0334,206.6525115966797,220.75637817382812
ElasticNet,11,0,glass_adhesion_kpa,hg0335,193.57395935058594,173.07427978515625
ElasticNet,11,0,glass_adhesion_kpa,hg0336,62.22222137451172,136.02658081054688
ElasticNet,11,0,glass_adhesion_kpa,hg0337,147.99716186523438,130.59228515625
ElasticNet,11,0,glass_adhesion_kpa,hg0338,229.75230407714844,221.81503295898438
ElasticNet,11,0,glass_adhesion_kpa,hg0339,232.0736083984375,224.59713745117188
ElasticNet,11,0,glass_adhesion_kpa,hg0340,199.1224365234375,206.36087036132812
KNN,11,0,glass_adhesion_kpa,hg0274,101.34465789794922,208.49256896972656
KNN,11,0,glass_adhesion_kpa,hg0275,229.6956787109375,276.9992980957031
KNN,11,0,glass_adhesion_kpa,hg0276,160.2830810546875,124.75584411621094
KNN,11,0,glass_adhesion_kpa,hg0277,100.89171600341797,72.55484771728516
KNN,11,0,glass_adhesion_kpa,hg0278,91.04033660888672,75.41400909423828
KNN,11,0,glass_adhesion_kpa,hg0279,127.67162322998047,89.1719741821289
KNN,11,0,glass_adhesion_kpa,hg0280,117.31068420410156,197.87686157226562
KNN,11,0,glass_adhesion_kpa,hg0281,155.07431030273438,124.75584411621094
KNN,11,0,glass_adhesion_kpa,hg0282,74.50814056396484,124.75584411621094
KNN,11,0,glass_adhesion_kpa,hg0283,101.62773895263672,208.49256896972656
KNN,11,0,glass_adhesion_kpa,hg0284,75.13092803955078,59.108280181884766
KNN,11,0,glass_adhesion_kpa,hg0285,245.0955352783203,259.95751953125
KNN,11,0,glass_adhesion_kpa,hg0286,109.9504623413086,113.8287353515625
KNN,11,0,glass_adhesion_kpa,hg0287,200.08493041992188,247.41683959960938
KNN,11,0,glass_adhesion_kpa,hg0288,250.9837188720703,292.73883056640625
KNN,11,0,glass_adhesion_kpa,hg0289,81.07572174072266,76.15003967285156
KNN,11,0,glass_adhesion_kpa,hg0290,235.4706268310547,292.73883056640625
KNN,11,0,glass_adhesion_kpa,hg0291,225.3927764892578,268.05377197265625
KNN,11,0,glass_adhesion_kpa,hg0334,206.6525115966797,244.21798706054688
KNN,11,0,glass_adhesion_kpa,hg0335,193.57395935058594,122.60438537597656
KNN,11,0,glass_adhesion_kpa,hg0336,62.22222137451172,163.2554931640625
KNN,11,0,glass_adhesion_kpa,hg0337,147.99716186523438,175.7678680419922
KNN,11,0,glass_adhesion_kpa,hg0338,229.75230407714844,276.9992980957031
KNN,11,0,glass_adhesion_kpa,hg0339,232.0736083984375,259.95751953125
KNN,11,0,glass_adhesion_kpa,hg0340,199.1224365234375,253.33334350585938
SVR-RBF,11,0,glass_adhesion_kpa,hg0274,101.34465789794922,167.90303260909187
SVR-RBF,11,0,glass_adhesion_kpa,hg0275,229.6956787109375,251.05482505622714
SVR-RBF,11,0,glass_adhesion_kpa,hg0276,160.2830810546875,101.17637538437901
SVR-RBF,11,0,glass_adhesion_kpa,hg0277,100.89171600341797,95.47861215302242
SVR-RBF,11,0,glass_adhesion_kpa,hg0278,91.04033660888672,80.76312410603727
SVR-RBF,11,0,glass_adhesion_kpa,hg0279,127.67162322998047,78.20097914996236
SVR-RBF,11,0,glass_adhesion_kpa,hg0280,117.31068420410156,218.89222086833658
SVR-RBF,11,0,glass_adhesion_kpa,hg0281,155.07431030273438,142.522585081901
SVR-RBF,11,0,glass_adhesion_kpa,hg0282,74.50814056396484,94.11639159336065
SVR-RBF,11,0,glass_adhesion_kpa,hg0283,101.62773895263672,172.2264548115908
SVR-RBF,11,0,glass_adhesion_kpa,hg0284,75.13092803955078,42.49801341632638
SVR-RBF,11,0,glass_adhesion_kpa,hg0285,245.0955352783203,254.1336754752626
SVR-RBF,11,0,glass_adhesion_kpa,hg0286,109.9504623413086,73.819456790537
SVR-RBF,11,0,glass_adhesion_kpa,hg0287,200.08493041992188,240.03349659461182
SVR-RBF,11,0,glass_adhesion_kpa,hg0288,250.9837188720703,251.84062999492787
SVR-RBF,11,0,glass_adhesion_kpa,hg0289,81.07572174072266,74.6394170569609
SVR-RBF,11,0,glass_adhesion_kpa,hg0290,235.4706268310547,251.17751476095563
SVR-RBF,11,0,glass_adhesion_kpa,hg0291,225.3927764892578,246.71149210227676
SVR-RBF,11,0,glass_adhesion_kpa,hg0334,206.6525115966797,247.08292828058606
SVR-RBF,11,0,glass_adhesion_kpa,hg0335,193.57395935058594,165.52116037181312
SVR-RBF,11,0,glass_adhesion_kpa,hg0336,62.22222137451172,150.95711556931812
SVR-RBF,11,0,glass_adhesion_kpa,hg0337,147.99716186523438,128.00268003959312
SVR-RBF,11,0,glass_adhesion_kpa,hg0338,229.75230407714844,250.80264214956614
SVR-RBF,11,0,glass_adhesion_kpa,hg0339,232.0736083984375,254.27253318574307
SVR-RBF,11,0,glass_adhesion_kpa,hg0340,199.1224365234375,215.31989569562424
RandomForest,11,0,glass_adhesion_kpa,hg0274,101.34465789794922,181.9583547241097
RandomForest,11,0,glass_adhesion_kpa,hg0275,229.6956787109375,263.0117475527142
RandomForest,11,0,glass_adhesion_kpa,hg0276,160.2830810546875,138.04761987104328
RandomForest,11,0,glass_adhesion_kpa,hg0277,100.89171600341797,99.51979353832543
RandomForest,11,0,glass_adhesion_kpa,hg0278,91.04033660888672,88.69215795862566
RandomForest,11,0,glass_adhesion_kpa,hg0279,127.67162322998047,116.1910693536111
RandomForest,11,0,glass_adhesion_kpa,hg0280,117.31068420410156,180.5325403300994
RandomForest,11,0,glass_adhesion_kpa,hg0281,155.07431030273438,142.29741030056542
RandomForest,11,0,glass_adhesion_kpa,hg0282,74.50814056396484,109.11795427602365
RandomForest,11,0,glass_adhesion_kpa,hg0283,101.62773895263672,183.14445743374867
RandomForest,11,0,glass_adhesion_kpa,hg0284,75.13092803955078,91.97647085731182
RandomForest,11,0,glass_adhesion_kpa,hg0285,245.0955352783203,252.85260345738962
RandomForest,11,0,glass_adhesion_kpa,hg0286,109.9504623413086,121.21116605428381
RandomForest,11,0,glass_adhesion_kpa,hg0287,200.08493041992188,246.04257660612055
RandomForest,11,0,glass_adhesion_kpa,hg0288,250.9837188720703,259.032310030876
RandomForest,11,0,glass_adhesion_kpa,hg0289,81.07572174072266,114.62474909178708
RandomForest,11,0,glass_adhesion_kpa,hg0290,235.4706268310547,268.7047499910407
RandomForest,11,0,glass_adhesion_kpa,hg0291,225.3927764892578,264.4614570337698
RandomForest,11,0,glass_adhesion_kpa,hg0334,206.6525115966797,241.2014279146807
RandomForest,11,0,glass_adhesion_kpa,hg0335,193.57395935058594,135.55036110834243
RandomForest,11,0,glass_adhesion_kpa,hg0336,62.22222137451172,109.72632881588892
RandomForest,11,0,glass_adhesion_kpa,hg0337,147.99716186523438,128.4797135104827
RandomForest,11,0,glass_adhesion_kpa,hg0338,229.75230407714844,260.13648122385007
RandomForest,11,0,glass_adhesion_kpa,hg0339,232.0736083984375,252.27578455373782
RandomForest,11,0,glass_adhesion_kpa,hg0340,199.1224365234375,214.94757267805414
HistGB,11,0,glass_adhesion_kpa,hg0274,101.34465789794922,227.56147363052293
HistGB,11,0,glass_adhesion_kpa,hg0275,229.6956787109375,256.07031294640444
HistGB,11,0,glass_adhesion_kpa,hg0276,160.2830810546875,148.1032994732628
HistGB,11,0,glass_adhesion_kpa,hg0277,100.89171600341797,76.39805864559102
HistGB,11,0,glass_adhesion_kpa,hg0278,91.04033660888672,87.7440176904897
HistGB,11,0,glass_adhesion_kpa,hg0279,127.67162322998047,87.04645436865543
HistGB,11,0,glass_adhesion_kpa,hg0280,117.31068420410156,173.03008568396385
HistGB,11,0,glass_adhesion_kpa,hg0281,155.07431030273438,104.27761822298424
HistGB,11,0,glass_adhesion_kpa,hg0282,74.50814056396484,135.11175465888556
HistGB,11,0,glass_adhesion_kpa,hg0283,101.62773895263672,221.76980710127083
HistGB,11,0,glass_adhesion_kpa,hg0284,75.13092803955078,61.863822977818735
HistGB,11,0,glass_adhesion_kpa,hg0285,245.0955352783203,267.91505425242224
HistGB,11,0,glass_adhesion_kpa,hg0286,109.9504623413086,138.03786635715386
HistGB,11,0,glass_adhesion_kpa,hg0287,200.08493041992188,249.21630379253799
HistGB,11,0,glass_adhesion_kpa,hg0288,250.9837188720703,264.9705462367826
HistGB,11,0,glass_adhesion_kpa,hg0289,81.07572174072266,86.18797864472451
HistGB,11,0,glass_adhesion_kpa,hg0290,235.4706268310547,254.74491030969736
HistGB,11,0,glass_adhesion_kpa,hg0291,225.3927764892578,254.4720785503964
HistGB,11,0,glass_adhesion_kpa,hg0334,206.6525115966797,230.11933580833264
HistGB,11,0,glass_adhesion_kpa,hg0335,193.57395935058594,120.70256519139686
HistGB,11,0,glass_adhesion_kpa,hg0336,62.22222137451172,86.98707075491082
HistGB,11,0,glass_adhesion_kpa,hg0337,147.99716186523438,160.9873886056997
HistGB,11,0,glass_adhesion_kpa,hg0338,229.75230407714844,257.6749402683131
HistGB,11,0,glass_adhesion_kpa,hg0339,232.0736083984375,254.64297686981357
HistGB,11,0,glass_adhesion_kpa,hg0340,199.1224365234375,219.78813571190682
MLP,11,0,glass_adhesion_kpa,hg0274,101.34465789794922,181.00880432128906
MLP,11,0,glass_adhesion_kpa,hg0275,229.6956787109375,227.41261291503906
MLP,11,0,glass_adhesion_kpa,hg0276,160.2830810546875,116.35701751708984
MLP,11,0,glass_adhesion_kpa,hg0277,100.89171600341797,110.5503921508789
MLP,11,0,glass_adhesion_kpa,hg0278,91.04033660888672,52.456058502197266
MLP,11,0,glass_adhesion_kpa,hg0279,127.67162322998047,114.06107330322266
MLP,11,0,glass_adhesion_kpa,hg0280,117.31068420410156,190.9059295654297
MLP,11,0,glass_adhesion_kpa,hg0281,155.07431030273438,120.43472290039062
MLP,11,0,glass_adhesion_kpa,hg0282,74.50814056396484,96.48403930664062
MLP,11,0,glass_adhesion_kpa,hg0283,101.62773895263672,183.13534545898438
MLP,11,0,glass_adhesion_kpa,hg0284,75.13092803955078,113.40929412841797
MLP,11,0,glass_adhesion_kpa,hg0285,245.0955352783203,227.79832458496094
MLP,11,0,glass_adhesion_kpa,hg0286,109.9504623413086,106.9493179321289
MLP,11,0,glass_adhesion_kpa,hg0287,200.08493041992188,231.6960906982422
MLP,11,0,glass_adhesion_kpa,hg0288,250.9837188720703,228.82394409179688
MLP,11,0,glass_adhesion_kpa,hg0289,81.07572174072266,108.75301361083984
MLP,11,0,glass_adhesion_kpa,hg0290,235.4706268310547,228.96170043945312
MLP,11,0,glass_adhesion_kpa,hg0291,225.3927764892578,228.59535217285156
MLP,11,0,glass_adhesion_kpa,hg0334,206.6525115966797,223.3856658935547
MLP,11,0,glass_adhesion_kpa,hg0335,193.57395935058594,142.37648010253906
MLP,11,0,glass_adhesion_kpa,hg0336,62.22222137451172,176.28146362304688
MLP,11,0,glass_adhesion_kpa,hg0337,147.99716186523438,121.98436737060547
MLP,11,0,glass_adhesion_kpa,hg0338,229.75230407714844,227.24070739746094
MLP,11,0,glass_adhesion_kpa,hg0339,232.0736083984375,227.77328491210938
MLP,11,0,glass_adhesion_kpa,hg0340,199.1224365234375,224.44813537597656
Mean,11,1,glass_adhesion_kpa,hg0274,101.34465789794922,91.6015853881836
Mean,11,1,glass_adhesion_kpa,hg0275,229.6956787109375,91.6015853881836
Mean,11,1,glass_adhesion_kpa,hg0276,160.2830810546875,91.6015853881836
Mean,11,1,glass_adhesion_kpa,hg0277,100.89171600341797,91.6015853881836
Mean,11,1,glass_adhesion_kpa,hg0278,91.04033660888672,91.6015853881836
Mean,11,1,glass_adhesion_kpa,hg0279,127.67162322998047,91.6015853881836
Mean,11,1,glass_adhesion_kpa,hg0280,117.31068420410156,91.6015853881836
Mean,11,1,glass_adhesion_kpa,hg0281,155.07431030273438,91.6015853881836
Mean,11,1,glass_adhesion_kpa,hg0282,74.50814056396484,91.6015853881836
Mean,11,1,glass_adhesion_kpa,hg0283,101.62773895263672,91.6015853881836
Mean,11,1,glass_adhesion_kpa,hg0284,75.13092803955078,91.6015853881836
Mean,11,1,glass_adhesion_kpa,hg0285,245.0955352783203,91.6015853881836
Mean,11,1,glass_adhesion_kpa,hg0286,109.9504623413086,91.6015853881836
Mean,11,1,glass_adhesion_kpa,hg0287,200.08493041992188,91.6015853881836
Mean,11,1,glass_adhesion_kpa,hg0288,250.9837188720703,91.6015853881836
Mean,11,1,glass_adhesion_kpa,hg0289,81.07572174072266,91.6015853881836
Mean,11,1,glass_adhesion_kpa,hg0290,235.4706268310547,91.6015853881836
Mean,11,1,glass_adhesion_kpa,hg0291,225.3927764892578,91.6015853881836
Mean,11,1,glass_adhesion_kpa,hg0334,206.6525115966797,91.6015853881836
Mean,11,1,glass_adhesion_kpa,hg0335,193.57395935058594,91.6015853881836
Mean,11,1,glass_adhesion_kpa,hg0336,62.22222137451172,91.6015853881836
Mean,11,1,glass_adhesion_kpa,hg0337,147.99716186523438,91.6015853881836
Mean,11,1,glass_adhesion_kpa,hg0338,229.75230407714844,91.6015853881836
Mean,11,1,glass_adhesion_kpa,hg0339,232.0736083984375,91.6015853881836
Mean,11,1,glass_adhesion_kpa,hg0340,199.1224365234375,91.6015853881836
Ridge,11,1,glass_adhesion_kpa,hg0274,101.34465789794922,176.06039428710938
Ridge,11,1,glass_adhesion_kpa,hg0275,229.6956787109375,226.8086395263672
Ridge,11,1,glass_adhesion_kpa,hg0276,160.2830810546875,139.0132598876953
Ridge,11,1,glass_adhesion_kpa,hg0277,100.89171600341797,88.59317779541016
Ridge,11,1,glass_adhesion_kpa,hg0278,91.04033660888672,58.92487716674805
Ridge,11,1,glass_adhesion_kpa,hg0279,127.67162322998047,144.73390197753906
Ridge,11,1,glass_adhesion_kpa,hg0280,117.31068420410156,205.5436248779297
Ridge,11,1,glass_adhesion_kpa,hg0281,155.07431030273438,154.28250122070312
Ridge,11,1,glass_adhesion_kpa,hg0282,74.50814056396484,122.58802795410156
Ridge,11,1,glass_adhesion_kpa,hg0283,101.62773895263672,178.5334014892578
Ridge,11,1,glass_adhesion_kpa,hg0284,75.13092803955078,83.45795440673828
Ridge,11,1,glass_adhesion_kpa,hg0285,245.0955352783203,228.0084686279297
Ridge,11,1,glass_adhesion_kpa,hg0286,109.9504623413086,122.04845428466797
Ridge,11,1,glass_adhesion_kpa,hg0287,200.08493041992188,225.35934448242188
Ridge,11,1,glass_adhesion_kpa,hg0288,250.9837188720703,228.44293212890625
Ridge,11,1,glass_adhesion_kpa,hg0289,81.07572174072266,135.96200561523438
Ridge,11,1,glass_adhesion_kpa,hg0290,235.4706268310547,227.48379516601562
Ridge,11,1,glass_adhesion_kpa,hg0291,225.3927764892578,225.72752380371094
Ridge,11,1,glass_adhesion_kpa,hg0334,206.6525115966797,225.78176879882812
Ridge,11,1,glass_adhesion_kpa,hg0335,193.57395935058594,178.41741943359375
Ridge,11,1,glass_adhesion_kpa,hg0336,62.22222137451172,141.9188995361328
Ridge,11,1,glass_adhesion_kpa,hg0337,147.99716186523438,135.85137939453125
Ridge,11,1,glass_adhesion_kpa,hg0338,229.75230407714844,226.7058868408203
Ridge,11,1,glass_adhesion_kpa,hg0339,232.0736083984375,228.25112915039062
Ridge,11,1,glass_adhesion_kpa,hg0340,199.1224365234375,214.2170867919922
ElasticNet,11,1,glass_adhesion_kpa,hg0274,101.34465789794922,176.15899658203125
ElasticNet,11,1,glass_adhesion_kpa,hg0275,229.6956787109375,226.7462615966797
ElasticNet,11,1,glass_adhesion_kpa,hg0276,160.2830810546875,138.1690216064453
ElasticNet,11,1,glass_adhesion_kpa,hg0277,100.89171600341797,88.31202697753906
ElasticNet,11,1,glass_adhesion_kpa,hg0278,91.04033660888672,58.86140441894531
ElasticNet,11,1,glass_adhesion_kpa,hg0279,127.67162322998047,144.526611328125
ElasticNet,11,1,glass_adhesion_kpa,hg0280,117.31068420410156,204.95120239257812
ElasticNet,11,1,glass_adhesion_kpa,hg0281,155.07431030273438,153.18072509765625
ElasticNet,11,1,glass_adhesion_kpa,hg0282,74.50814056396484,122.07057189941406
ElasticNet,11,1,glass_adhesion_kpa,hg0283,101.62773895263672,178.62673950195312
ElasticNet,11,1,glass_adhesion_kpa,hg0284,75.13092803955078,83.95806884765625
ElasticNet,11,1,glass_adhesion_kpa,hg0285,245.0955352783203,227.85165405273438
ElasticNet,11,1,glass_adhesion_kpa,hg0286,109.9504623413086,121.34339141845703
ElasticNet,11,1,glass_adhesion_kpa,hg0287,200.08493041992188,225.73507690429688
ElasticNet,11,1,glass_adhesion_kpa,hg0288,250.9837188720703,228.34164428710938
ElasticNet,11,1,glass_adhesion_kpa,hg0289,81.07572174072266,135.79910278320312
ElasticNet,11,1,glass_adhesion_kpa,hg0290,235.4706268310547,227.48184204101562
ElasticNet,11,1,glass_adhesion_kpa,hg0291,225.3927764892578,225.85182189941406
ElasticNet,11,1,glass_adhesion_kpa,hg0334,206.6525115966797,225.53582763671875
ElasticNet,11,1,glass_adhesion_kpa,hg0335,193.57395935058594,177.36492919921875
ElasticNet,11,1,glass_adhesion_kpa,hg0336,62.22222137451172,144.34146118164062
ElasticNet,11,1,glass_adhesion_kpa,hg0337,147.99716186523438,135.95855712890625
ElasticNet,11,1,glass_adhesion_kpa,hg0338,229.75230407714844,226.640869140625
ElasticNet,11,1,glass_adhesion_kpa,hg0339,232.0736083984375,228.05770874023438
ElasticNet,11,1,glass_adhesion_kpa,hg0340,199.1224365234375,215.11038208007812
KNN,11,1,glass_adhesion_kpa,hg0274,101.34465789794922,151.42859849762473
KNN,11,1,glass_adhesion_kpa,hg0275,229.6956787109375,258.33049135448385
KNN,11,1,glass_adhesion_kpa,hg0276,160.2830810546875,123.60392567785651
KNN,11,1,glass_adhesion_kpa,hg0277,100.89171600341797,84.8587657064484
KNN,11,1,glass_adhesion_kpa,hg0278,91.04033660888672,77.29671801126307
KNN,11,1,glass_adhesion_kpa,hg0279,127.67162322998047,107.29651238953412
KNN,11,1,glass_adhesion_kpa,hg0280,117.31068420410156,206.4326862587665
KNN,11,1,glass_adhesion_kpa,hg0281,155.07431030273438,141.41936137550692
KNN,11,1,glass_adhesion_kpa,hg0282,74.50814056396484,113.96959253124159
KNN,11,1,glass_adhesion_kpa,hg0283,101.62773895263672,153.13850022620292
KNN,11,1,glass_adhesion_kpa,hg0284,75.13092803955078,99.84466207795249
KNN,11,1,glass_adhesion_kpa,hg0285,245.0955352783203,256.23330669486717
KNN,11,1,glass_adhesion_kpa,hg0286,109.9504623413086,115.58733390422388
KNN,11,1,glass_adhesion_kpa,hg0287,200.08493041992188,245.15969622182442
KNN,11,1,glass_adhesion_kpa,hg0288,250.9837188720703,253.1371014017759
KNN,11,1,glass_adhesion_kpa,hg0289,81.07572174072266,97.6029752138613
KNN,11,1,glass_adhesion_kpa,hg0290,235.4706268310547,261.3880222183057
KNN,11,1,glass_adhesion_kpa,hg0291,225.3927764892578,255.41689276279254
KNN,11,1,glass_adhesion_kpa,hg0334,206.6525115966797,267.1040830133951
KNN,11,1,glass_adhesion_kpa,hg0335,193.57395935058594,178.8946201049964
KNN,11,1,glass_adhesion_kpa,hg0336,62.22222137451172,155.26126008086237
KNN,11,1,glass_adhesion_kpa,hg0337,147.99716186523438,143.11622515033926
KNN,11,1,glass_adhesion_kpa,hg0338,229.75230407714844,259.3102345421352
KNN,11,1,glass_adhesion_kpa,hg0339,232.0736083984375,255.18057000252423
KNN,11,1,glass_adhesion_kpa,hg0340,199.1224365234375,229.92797157542523
SVR-RBF,11,1,glass_adhesion_kpa,hg0274,101.34465789794922,176.10436537535765
SVR-RBF,11,1,glass_adhesion_kpa,hg0275,229.6956787109375,247.51437521003493
SVR-RBF,11,1,glass_adhesion_kpa,hg0276,160.2830810546875,116.26771037878507
SVR-RBF,11,1,glass_adhesion_kpa,hg0277,100.89171600341797,89.0326219988099
SVR-RBF,11,1,glass_adhesion_kpa,hg0278,91.04033660888672,61.73508933401249
SVR-RBF,11,1,glass_adhesion_kpa,hg0279,127.67162322998047,83.00980805595444
SVR-RBF,11,1,glass_adhesion_kpa,hg0280,117.31068420410156,219.9382728513994
SVR-RBF,11,1,glass_adhesion_kpa,hg0281,155.07431030273438,155.98234756173886
SVR-RBF,11,1,glass_adhesion_kpa,hg0282,74.50814056396484,115.59372794952594
SVR-RBF,11,1,glass_adhesion_kpa,hg0283,101.62773895263672,179.563970659022
SVR-RBF,11,1,glass_adhesion_kpa,hg0284,75.13092803955078,43.00428751719601
SVR-RBF,11,1,glass_adhesion_kpa,hg0285,245.0955352783203,248.71282135371712
SVR-RBF,11,1,glass_adhesion_kpa,hg0286,109.9504623413086,81.8128367615378
SVR-RBF,11,1,glass_adhesion_kpa,hg0287,200.08493041992188,236.43938692059476
SVR-RBF,11,1,glass_adhesion_kpa,hg0288,250.9837188720703,245.09327349573016
SVR-RBF,11,1,glass_adhesion_kpa,hg0289,81.07572174072266,73.27948052159368
SVR-RBF,11,1,glass_adhesion_kpa,hg0290,235.4706268310547,246.52978087627298
SVR-RBF,11,1,glass_adhesion_kpa,hg0291,225.3927764892578,243.4638681839357
SVR-RBF,11,1,glass_adhesion_kpa,hg0334,206.6525115966797,245.39904972697127
SVR-RBF,11,1,glass_adhesion_kpa,hg0335,193.57395935058594,171.53709301754878
SVR-RBF,11,1,glass_adhesion_kpa,hg0336,62.22222137451172,197.6389729694758
SVR-RBF,11,1,glass_adhesion_kpa,hg0337,147.99716186523438,126.28451925670646
SVR-RBF,11,1,glass_adhesion_kpa,hg0338,229.75230407714844,247.39210222149052
SVR-RBF,11,1,glass_adhesion_kpa,hg0339,232.0736083984375,247.867026957117
SVR-RBF,11,1,glass_adhesion_kpa,hg0340,199.1224365234375,212.09589139302943
RandomForest,11,1,glass_adhesion_kpa,hg0274,101.34465789794922,182.0531509994367
RandomForest,11,1,glass_adhesion_kpa,hg0275,229.6956787109375,286.80457368903205
RandomForest,11,1,glass_adhesion_kpa,hg0276,160.2830810546875,135.24065811781708
RandomForest,11,1,glass_adhesion_kpa,hg0277,100.89171600341797,95.16481987544157
RandomForest,11,1,glass_adhesion_kpa,hg0278,91.04033660888672,83.51532645974684
RandomForest,11,1,glass_adhesion_kpa,hg0279,127.67162322998047,124.91218557707761
RandomForest,11,1,glass_adhesion_kpa,hg0280,117.31068420410156,177.67545348214446
RandomForest,11,1,glass_adhesion_kpa,hg0281,155.07431030273438,140.08700638599353
RandomForest,11,1,glass_adhesion_kpa,hg0282,74.50814056396484,111.63274305402686
RandomForest,11,1,glass_adhesion_kpa,hg0283,101.62773895263672,182.15963262155515
RandomForest,11,1,glass_adhesion_kpa,hg0284,75.13092803955078,79.295272646694
RandomForest,11,1,glass_adhesion_kpa,hg0285,245.0955352783203,281.1666210069569
RandomForest,11,1,glass_adhesion_kpa,hg0286,109.9504623413086,116.6427104421165
RandomForest,11,1,glass_adhesion_kpa,hg0287,200.08493041992188,256.28183734963795
RandomForest,11,1,glass_adhesion_kpa,hg0288,250.9837188720703,270.8082846632791
RandomForest,11,1,glass_adhesion_kpa,hg0289,81.07572174072266,122.46700100067558
RandomForest,11,1,glass_adhesion_kpa,hg0290,235.4706268310547,283.44688729627416
RandomForest,11,1,glass_adhesion_kpa,hg0291,225.3927764892578,273.88950710996573
RandomForest,11,1,glass_adhesion_kpa,hg0334,206.6525115966797,265.14384736052347
RandomForest,11,1,glass_adhesion_kpa,hg0335,193.57395935058594,149.282222842678
RandomForest,11,1,glass_adhesion_kpa,hg0336,62.22222137451172,126.32254922061885
RandomForest,11,1,glass_adhesion_kpa,hg0337,147.99716186523438,143.25912054881044
RandomForest,11,1,glass_adhesion_kpa,hg0338,229.75230407714844,286.5673277618688
RandomForest,11,1,glass_adhesion_kpa,hg0339,232.0736083984375,270.0161652696242
RandomForest,11,1,glass_adhesion_kpa,hg0340,199.1224365234375,215.66606524231236
HistGB,11,1,glass_adhesion_kpa,hg0274,101.34465789794922,182.67181930914992
HistGB,11,1,glass_adhesion_kpa,hg0275,229.6956787109375,260.91826328427277
HistGB,11,1,glass_adhesion_kpa,hg0276,160.2830810546875,132.25271788826672
HistGB,11,1,glass_adhesion_kpa,hg0277,100.89171600341797,82.5630561828469
HistGB,11,1,glass_adhesion_kpa,hg0278,91.04033660888672,79.19607501688752
HistGB,11,1,glass_adhesion_kpa,hg0279,127.67162322998047,145.3678727709938
HistGB,11,1,glass_adhesion_kpa,hg0280,117.31068420410156,185.55044067439994
HistGB,11,1,glass_adhesion_kpa,hg0281,155.07431030273438,145.68834295424466
HistGB,11,1,glass_adhesion_kpa,hg0282,74.50814056396484,110.994862679898
HistGB,11,1,glass_adhesion_kpa,hg0283,101.62773895263672,182.67181930914992
HistGB,11,1,glass_adhesion_kpa,hg0284,75.13092803955078,73.8214409729006
HistGB,11,1,glass_adhesion_kpa,hg0285,245.0955352783203,264.13413321927476
HistGB,11,1,glass_adhesion_kpa,hg0286,109.9504623413086,105.8407057583564
HistGB,11,1,glass_adhesion_kpa,hg0287,200.08493041992188,237.33321217764018
HistGB,11,1,glass_adhesion_kpa,hg0288,250.9837188720703,263.25717315900806
HistGB,11,1,glass_adhesion_kpa,hg0289,81.07572174072266,149.78123670477916
HistGB,11,1,glass_adhesion_kpa,hg0290,235.4706268310547,263.9536318610929
HistGB,11,1,glass_adhesion_kpa,hg0291,225.3927764892578,241.54522663653586
HistGB,11,1,glass_adhesion_kpa,hg0334,206.6525115966797,254.4838361216923
HistGB,11,1,glass_adhesion_kpa,hg0335,193.57395935058594,178.47851761789696
HistGB,11,1,glass_adhesion_kpa,hg0336,62.22222137451172,142.3076423863013
HistGB,11,1,glass_adhesion_kpa,hg0337,147.99716186523438,155.58032392808926
HistGB,11,1,glass_adhesion_kpa,hg0338,229.75230407714844,260.91826328427277
HistGB,11,1,glass_adhesion_kpa,hg0339,232.0736083984375,264.13413321927476
HistGB,11,1,glass_adhesion_kpa,hg0340,199.1224365234375,187.38953180704223
MLP,11,1,glass_adhesion_kpa,hg0274,101.34465789794922,176.17196655273438
MLP,11,1,glass_adhesion_kpa,hg0275,229.6956787109375,231.98846435546875
MLP,11,1,glass_adhesion_kpa,hg0276,160.2830810546875,121.4319076538086
MLP,11,1,glass_adhesion_kpa,hg0277,100.89171600341797,91.95307922363281
MLP,11,1,glass_adhesion_kpa,hg0278,91.04033660888672,49.66757583618164
MLP,11,1,glass_adhesion_kpa,hg0279,127.67162322998047,127.7718276977539
MLP,11,1,glass_adhesion_kpa,hg0280,117.31068420410156,194.62643432617188
MLP,11,1,glass_adhesion_kpa,hg0281,155.07431030273438,124.77127075195312
MLP,11,1,glass_adhesion_kpa,hg0282,74.50814056396484,92.98287963867188
MLP,11,1,glass_adhesion_kpa,hg0283,101.62773895263672,178.8511962890625
MLP,11,1,glass_adhesion_kpa,hg0284,75.13092803955078,113.0904312133789
MLP,11,1,glass_adhesion_kpa,hg0285,245.0955352783203,231.29287719726562
MLP,11,1,glass_adhesion_kpa,hg0286,109.9504623413086,114.72777557373047
MLP,11,1,glass_adhesion_kpa,hg0287,200.08493041992188,236.04537963867188
MLP,11,1,glass_adhesion_kpa,hg0288,250.9837188720703,231.56439208984375
MLP,11,1,glass_adhesion_kpa,hg0289,81.07572174072266,116.99569702148438
MLP,11,1,glass_adhesion_kpa,hg0290,235.4706268310547,232.9715576171875
MLP,11,1,glass_adhesion_kpa,hg0291,225.3927764892578,233.45516967773438
MLP,11,1,glass_adhesion_kpa,hg0334,206.6525115966797,228.6964111328125
MLP,11,1,glass_adhesion_kpa,hg0335,193.57395935058594,149.40689086914062
MLP,11,1,glass_adhesion_kpa,hg0336,62.22222137451172,177.0609893798828
MLP,11,1,glass_adhesion_kpa,hg0337,147.99716186523438,124.07990264892578
MLP,11,1,glass_adhesion_kpa,hg0338,229.75230407714844,231.8842010498047
MLP,11,1,glass_adhesion_kpa,hg0339,232.0736083984375,230.68862915039062
MLP,11,1,glass_adhesion_kpa,hg0340,199.1224365234375,231.76010131835938
Mean,11,2,glass_adhesion_kpa,hg0274,101.34465789794922,92.89124298095703
Mean,11,2,glass_adhesion_kpa,hg0275,229.6956787109375,92.89124298095703
Mean,11,2,glass_adhesion_kpa,hg0276,160.2830810546875,92.89124298095703
Mean,11,2,glass_adhesion_kpa,hg0277,100.89171600341797,92.89124298095703
Mean,11,2,glass_adhesion_kpa,hg0278,91.04033660888672,92.89124298095703
Mean,11,2,glass_adhesion_kpa,hg0279,127.67162322998047,92.89124298095703
Mean,11,2,glass_adhesion_kpa,hg0280,117.31068420410156,92.89124298095703
Mean,11,2,glass_adhesion_kpa,hg0281,155.07431030273438,92.89124298095703
Mean,11,2,glass_adhesion_kpa,hg0282,74.50814056396484,92.89124298095703
Mean,11,2,glass_adhesion_kpa,hg0283,101.62773895263672,92.89124298095703
Mean,11,2,glass_adhesion_kpa,hg0284,75.13092803955078,92.89124298095703
Mean,11,2,glass_adhesion_kpa,hg0285,245.0955352783203,92.89124298095703
Mean,11,2,glass_adhesion_kpa,hg0286,109.9504623413086,92.89124298095703
Mean,11,2,glass_adhesion_kpa,hg0287,200.08493041992188,92.89124298095703
Mean,11,2,glass_adhesion_kpa,hg0288,250.9837188720703,92.89124298095703
Mean,11,2,glass_adhesion_kpa,hg0289,81.07572174072266,92.89124298095703
Mean,11,2,glass_adhesion_kpa,hg0290,235.4706268310547,92.89124298095703
Mean,11,2,glass_adhesion_kpa,hg0291,225.3927764892578,92.89124298095703
Mean,11,2,glass_adhesion_kpa,hg0334,206.6525115966797,92.89124298095703
Mean,11,2,glass_adhesion_kpa,hg0335,193.57395935058594,92.89124298095703
Mean,11,2,glass_adhesion_kpa,hg0336,62.22222137451172,92.89124298095703
Mean,11,2,glass_adhesion_kpa,hg0337,147.99716186523438,92.89124298095703
Mean,11,2,glass_adhesion_kpa,hg0338,229.75230407714844,92.89124298095703
Mean,11,2,glass_adhesion_kpa,hg0339,232.0736083984375,92.89124298095703
Mean,11,2,glass_adhesion_kpa,hg0340,199.1224365234375,92.89124298095703
Ridge,11,2,glass_adhesion_kpa,hg0274,101.34465789794922,172.18777465820312
Ridge,11,2,glass_adhesion_kpa,hg0275,229.6956787109375,228.55877685546875
Ridge,11,2,glass_adhesion_kpa,hg0276,160.2830810546875,140.41615295410156
Ridge,11,2,glass_adhesion_kpa,hg0277,100.89171600341797,90.5733413696289
Ridge,11,2,glass_adhesion_kpa,hg0278,91.04033660888672,65.86595153808594
Ridge,11,2,glass_adhesion_kpa,hg0279,127.67162322998047,140.04730224609375
Ridge,11,2,glass_adhesion_kpa,hg0280,117.31068420410156,204.50344848632812
Ridge,11,2,glass_adhesion_kpa,hg0281,155.07431030273438,154.59072875976562
Ridge,11,2,glass_adhesion_kpa,hg0282,74.50814056396484,121.98558807373047
Ridge,11,2,glass_adhesion_kpa,hg0283,101.62773895263672,174.86859130859375
Ridge,11,2,glass_adhesion_kpa,hg0284,75.13092803955078,78.23245239257812
Ridge,11,2,glass_adhesion_kpa,hg0285,245.0955352783203,229.80023193359375
Ridge,11,2,glass_adhesion_kpa,hg0286,109.9504623413086,124.65419006347656
Ridge,11,2,glass_adhesion_kpa,hg0287,200.08493041992188,226.93661499023438
Ridge,11,2,glass_adhesion_kpa,hg0288,250.9837188720703,230.12811279296875
Ridge,11,2,glass_adhesion_kpa,hg0289,81.07572174072266,133.7187042236328
Ridge,11,2,glass_adhesion_kpa,hg0290,235.4706268310547,229.27114868164062
Ridge,11,2,glass_adhesion_kpa,hg0291,225.3927764892578,227.36770629882812
Ridge,11,2,glass_adhesion_kpa,hg0334,206.6525115966797,227.29510498046875
Ridge,11,2,glass_adhesion_kpa,hg0335,193.57395935058594,174.33596801757812
Ridge,11,2,glass_adhesion_kpa,hg0336,62.22222137451172,133.2401123046875
Ridge,11,2,glass_adhesion_kpa,hg0337,147.99716186523438,139.5148468017578
Ridge,11,2,glass_adhesion_kpa,hg0338,229.75230407714844,228.443359375
Ridge,11,2,glass_adhesion_kpa,hg0339,232.0736083984375,229.98544311523438
Ridge,11,2,glass_adhesion_kpa,hg0340,199.1224365234375,213.81756591796875
ElasticNet,11,2,glass_adhesion_kpa,hg0274,101.34465789794922,172.1894073486328
ElasticNet,11,2,glass_adhesion_kpa,hg0275,229.6956787109375,228.559326171875
ElasticNet,11,2,glass_adhesion_kpa,hg0276,160.2830810546875,140.37261962890625
ElasticNet,11,2,glass_adhesion_kpa,hg0277,100.89171600341797,90.55194854736328
ElasticNet,11,2,glass_adhesion_kpa,hg0278,91.04033660888672,65.84947204589844
ElasticNet,11,2,glass_adhesion_kpa,hg0279,127.67162322998047,140.04629516601562
ElasticNet,11,2,glass_adhesion_kpa,hg0280,117.31068420410156,204.47238159179688
ElasticNet,11,2,glass_adhesion_kpa,hg0281,155.07431030273438,154.54034423828125
ElasticNet,11,2,glass_adhesion_kpa,hg0282,74.50814056396484,121.95956420898438
ElasticNet,11,2,glass_adhesion_kpa,hg0283,101.62773895263672,174.87033081054688
ElasticNet,11,2,glass_adhesion_kpa,hg0284,75.13092803955078,78.2393798828125
ElasticNet,11,2,glass_adhesion_kpa,hg0285,245.0955352783203,229.79696655273438
ElasticNet,11,2,glass_adhesion_kpa,hg0286,109.9504623413086,124.61544799804688
ElasticNet,11,2,glass_adhesion_kpa,hg0287,200.08493041992188,226.95999145507812
ElasticNet,11,2,glass_adhesion_kpa,hg0288,250.9837188720703,230.1285400390625
ElasticNet,11,2,glass_adhesion_kpa,hg0289,81.07572174072266,133.7171630859375
ElasticNet,11,2,glass_adhesion_kpa,hg0290,235.4706268310547,229.275634765625
ElasticNet,11,2,glass_adhesion_kpa,hg0291,225.3927764892578,227.37734985351562
ElasticNet,11,2,glass_adhesion_kpa,hg0334,206.6525115966797,227.28546142578125
ElasticNet,11,2,glass_adhesion_kpa,hg0335,193.57395935058594,174.29031372070312
ElasticNet,11,2,glass_adhesion_kpa,hg0336,62.22222137451172,133.33935546875
ElasticNet,11,2,glass_adhesion_kpa,hg0337,147.99716186523438,139.51483154296875
ElasticNet,11,2,glass_adhesion_kpa,hg0338,229.75230407714844,228.44369506835938
ElasticNet,11,2,glass_adhesion_kpa,hg0339,232.0736083984375,229.98062133789062
ElasticNet,11,2,glass_adhesion_kpa,hg0340,199.1224365234375,213.86024475097656
KNN,11,2,glass_adhesion_kpa,hg0274,101.34465789794922,162.650094377244
KNN,11,2,glass_adhesion_kpa,hg0275,229.6956787109375,271.35386259996403
KNN,11,2,glass_adhesion_kpa,hg0276,160.2830810546875,119.08921232758314
KNN,11,2,glass_adhesion_kpa,hg0277,100.89171600341797,96.30503832982146
KNN,11,2,glass_adhesion_kpa,hg0278,91.04033660888672,110.95597870600456
KNN,11,2,glass_adhesion_kpa,hg0279,127.67162322998047,130.98743060421512
KNN,11,2,glass_adhesion_kpa,hg0280,117.31068420410156,209.6471902559364
KNN,11,2,glass_adhesion_kpa,hg0281,155.07431030273438,136.1600359992476
KNN,11,2,glass_adhesion_kpa,hg0282,74.50814056396484,112.45589419621147
KNN,11,2,glass_adhesion_kpa,hg0283,101.62773895263672,163.2480970781296
KNN,11,2,glass_adhesion_kpa,hg0284,75.13092803955078,82.24261839517384
KNN,11,2,glass_adhesion_kpa,hg0285,245.0955352783203,263.5490936681387
KNN,11,2,glass_adhesion_kpa,hg0286,109.9504623413086,110.37245817820518
KNN,11,2,glass_adhesion_kpa,hg0287,200.08493041992188,248.72717562881348
KNN,11,2,glass_adhesion_kpa,hg0288,250.9837188720703,269.6833558124121
KNN,11,2,glass_adhesion_kpa,hg0289,81.07572174072266,95.54851353777003
KNN,11,2,glass_adhesion_kpa,hg0290,235.4706268310547,275.39789809294166
KNN,11,2,glass_adhesion_kpa,hg0291,225.3927764892578,264.16263392119214
KNN,11,2,glass_adhesion_kpa,hg0334,206.6525115966797,275.31829946403707
KNN,11,2,glass_adhesion_kpa,hg0335,193.57395935058594,156.55304914278102
KNN,11,2,glass_adhesion_kpa,hg0336,62.22222137451172,166.70351420764803
KNN,11,2,glass_adhesion_kpa,hg0337,147.99716186523438,167.20167848535135
KNN,11,2,glass_adhesion_kpa,hg0338,229.75230407714844,272.5571295678321
KNN,11,2,glass_adhesion_kpa,hg0339,232.0736083984375,263.5463729252201
KNN,11,2,glass_adhesion_kpa,hg0340,199.1224365234375,249.87558182253596
SVR-RBF,11,2,glass_adhesion_kpa,hg0274,101.34465789794922,141.46183913814303
SVR-RBF,11,2,glass_adhesion_kpa,hg0275,229.6956787109375,223.55103558573597
SVR-RBF,11,2,glass_adhesion_kpa,hg0276,160.2830810546875,116.9708732098012
SVR-RBF,11,2,glass_adhesion_kpa,hg0277,100.89171600341797,102.02821213072363
SVR-RBF,11,2,glass_adhesion_kpa,hg0278,91.04033660888672,71.68434031847262
SVR-RBF,11,2,glass_adhesion_kpa,hg0279,127.67162322998047,104.42000609264238
SVR-RBF,11,2,glass_adhesion_kpa,hg0280,117.31068420410156,187.68719764855524
SVR-RBF,11,2,glass_adhesion_kpa,hg0281,155.07431030273438,138.66004438659098
SVR-RBF,11,2,glass_adhesion_kpa,hg0282,74.50814056396484,113.92028710164547
SVR-RBF,11,2,glass_adhesion_kpa,hg0283,101.62773895263672,145.06231832499964
SVR-RBF,11,2,glass_adhesion_kpa,hg0284,75.13092803955078,57.025770721697114
SVR-RBF,11,2,glass_adhesion_kpa,hg0285,245.0955352783203,223.58658787629582
SVR-RBF,11,2,glass_adhesion_kpa,hg0286,109.9504623413086,98.90452235289217
SVR-RBF,11,2,glass_adhesion_kpa,hg0287,200.08493041992188,221.25900648008246
SVR-RBF,11,2,glass_adhesion_kpa,hg0288,250.9837188720703,222.5770547002005
SVR-RBF,11,2,glass_adhesion_kpa,hg0289,81.07572174072266,100.27843870868038
SVR-RBF,11,2,glass_adhesion_kpa,hg0290,235.4706268310547,223.96327324679402
SVR-RBF,11,2,glass_adhesion_kpa,hg0291,225.3927764892578,222.7723569232728
SVR-RBF,11,2,glass_adhesion_kpa,hg0334,206.6525115966797,220.31869548615964
SVR-RBF,11,2,glass_adhesion_kpa,hg0335,193.57395935058594,160.62517867627292
SVR-RBF,11,2,glass_adhesion_kpa,hg0336,62.22222137451172,127.5612274204977
SVR-RBF,11,2,glass_adhesion_kpa,hg0337,147.99716186523438,143.31340590860128
SVR-RBF,11,2,glass_adhesion_kpa,hg0338,229.75230407714844,223.42111084022315
SVR-RBF,11,2,glass_adhesion_kpa,hg0339,232.0736083984375,222.7563770877042
SVR-RBF,11,2,glass_adhesion_kpa,hg0340,199.1224365234375,206.8817284822764
RandomForest,11,2,glass_adhesion_kpa,hg0274,101.34465789794922,175.5891851072858
RandomForest,11,2,glass_adhesion_kpa,hg0275,229.6956787109375,275.6051408986377
RandomForest,11,2,glass_adhesion_kpa,hg0276,160.2830810546875,139.36585478608015
RandomForest,11,2,glass_adhesion_kpa,hg0277,100.89171600341797,95.37948387747358
RandomForest,11,2,glass_adhesion_kpa,hg0278,91.04033660888672,98.1587723700484
RandomForest,11,2,glass_adhesion_kpa,hg0279,127.67162322998047,120.823743237052
RandomForest,11,2,glass_adhesion_kpa,hg0280,117.31068420410156,176.9653044232897
RandomForest,11,2,glass_adhesion_kpa,hg0281,155.07431030273438,141.54345027694276
RandomForest,11,2,glass_adhesion_kpa,hg0282,74.50814056396484,110.42665711785578
RandomForest,11,2,glass_adhesion_kpa,hg0283,101.62773895263672,177.51894549959025
RandomForest,11,2,glass_adhesion_kpa,hg0284,75.13092803955078,82.56760499469793
RandomForest,11,2,glass_adhesion_kpa,hg0285,245.0955352783203,262.3523105269025
RandomForest,11,2,glass_adhesion_kpa,hg0286,109.9504623413086,116.84098224920832
RandomForest,11,2,glass_adhesion_kpa,hg0287,200.08493041992188,243.4600426194015
RandomForest,11,2,glass_adhesion_kpa,hg0288,250.9837188720703,261.7300640458514
RandomForest,11,2,glass_adhesion_kpa,hg0289,81.07572174072266,116.90399901274662
RandomForest,11,2,glass_adhesion_kpa,hg0290,235.4706268310547,271.4713631344449
RandomForest,11,2,glass_adhesion_kpa,hg0291,225.3927764892578,272.3171111732531
RandomForest,11,2,glass_adhesion_kpa,hg0334,206.6525115966797,279.56725576728775
RandomForest,11,2,glass_adhesion_kpa,hg0335,193.57395935058594,137.83718936154796
RandomForest,11,2,glass_adhesion_kpa,hg0336,62.22222137451172,114.23515144066447
RandomForest,11,2,glass_adhesion_kpa,hg0337,147.99716186523438,148.74392073169636
RandomForest,11,2,glass_adhesion_kpa,hg0338,229.75230407714844,275.7096301339994
RandomForest,11,2,glass_adhesion_kpa,hg0339,232.0736083984375,255.94411866376353
RandomForest,11,2,glass_adhesion_kpa,hg0340,199.1224365234375,216.23631490719546
HistGB,11,2,glass_adhesion_kpa,hg0274,101.34465789794922,172.25350326132445
HistGB,11,2,glass_adhesion_kpa,hg0275,229.6956787109375,289.4869076038546
HistGB,11,2,glass_adhesion_kpa,hg0276,160.2830810546875,139.12075676033652
HistGB,11,2,glass_adhesion_kpa,hg0277,100.89171600341797,98.17917849005461
HistGB,11,2,glass_adhesion_kpa,hg0278,91.04033660888672,77.54863538108158
HistGB,11,2,glass_adhesion_kpa,hg0279,127.67162322998047,98.00408911795724
HistGB,11,2,glass_adhesion_kpa,hg0280,117.31068420410156,160.62368579194955
HistGB,11,2,glass_adhesion_kpa,hg0281,155.07431030273438,126.05609185260697
HistGB,11,2,glass_adhesion_kpa,hg0282,74.50814056396484,111.834562709446
HistGB,11,2,glass_adhesion_kpa,hg0283,101.62773895263672,168.35382461249597
HistGB,11,2,glass_adhesion_kpa,hg0284,75.13092803955078,76.77140625892147
HistGB,11,2,glass_adhesion_kpa,hg0285,245.0955352783203,247.766675320356
HistGB,11,2,glass_adhesion_kpa,hg0286,109.9504623413086,111.81732666913182
HistGB,11,2,glass_adhesion_kpa,hg0287,200.08493041992188,229.42154620564372
HistGB,11,2,glass_adhesion_kpa,hg0288,250.9837188720703,237.1113728247287
HistGB,11,2,glass_adhesion_kpa,hg0289,81.07572174072266,100.29266835219029
HistGB,11,2,glass_adhesion_kpa,hg0290,235.4706268310547,262.4791294982731
HistGB,11,2,glass_adhesion_kpa,hg0291,225.3927764892578,268.93305052494946
HistGB,11,2,glass_adhesion_kpa,hg0334,206.6525115966797,247.66309612381622
HistGB,11,2,glass_adhesion_kpa,hg0335,193.57395935058594,140.52636035018799
HistGB,11,2,glass_adhesion_kpa,hg0336,62.22222137451172,137.18063223509844
HistGB,11,2,glass_adhesion_kpa,hg0337,147.99716186523438,134.4852963197498
HistGB,11,2,glass_adhesion_kpa,hg0338,229.75230407714844,291.4213409728082
HistGB,11,2,glass_adhesion_kpa,hg0339,232.0736083984375,234.87137863891567
HistGB,11,2,glass_adhesion_kpa,hg0340,199.1224365234375,204.97986016399767
MLP,11,2,glass_adhesion_kpa,hg0274,101.34465789794922,170.4070587158203
MLP,11,2,glass_adhesion_kpa,hg0275,229.6956787109375,231.9749755859375
MLP,11,2,glass_adhesion_kpa,hg0276,160.2830810546875,136.90538024902344
MLP,11,2,glass_adhesion_kpa,hg0277,100.89171600341797,92.40678405761719
MLP,11,2,glass_adhesion_kpa,hg0278,91.04033660888672,41.35320281982422
MLP,11,2,glass_adhesion_kpa,hg0279,127.67162322998047,138.01756286621094
MLP,11,2,glass_adhesion_kpa,hg0280,117.31068420410156,198.16412353515625
MLP,11,2,glass_adhesion_kpa,hg0281,155.07431030273438,138.57772827148438
MLP,11,2,glass_adhesion_kpa,hg0282,74.50814056396484,106.0819091796875
MLP,11,2,glass_adhesion_kpa,hg0283,101.62773895263672,173.07012939453125
MLP,11,2,glass_adhesion_kpa,hg0284,75.13092803955078,106.5396728515625
MLP,11,2,glass_adhesion_kpa,hg0285,245.0955352783203,230.95404052734375
MLP,11,2,glass_adhesion_kpa,hg0286,109.9504623413086,129.34896850585938
MLP,11,2,glass_adhesion_kpa,hg0287,200.08493041992188,232.496826171875
MLP,11,2,glass_adhesion_kpa,hg0288,250.9837188720703,230.34576416015625
MLP,11,2,glass_adhesion_kpa,hg0289,81.07572174072266,132.78244018554688
MLP,11,2,glass_adhesion_kpa,hg0290,235.4706268310547,232.1808624267578
MLP,11,2,glass_adhesion_kpa,hg0291,225.3927764892578,233.0091552734375
MLP,11,2,glass_adhesion_kpa,hg0334,206.6525115966797,229.67054748535156
MLP,11,2,glass_adhesion_kpa,hg0335,193.57395935058594,160.28469848632812
MLP,11,2,glass_adhesion_kpa,hg0336,62.22222137451172,156.45689392089844
MLP,11,2,glass_adhesion_kpa,hg0337,147.99716186523438,141.39698791503906
MLP,11,2,glass_adhesion_kpa,hg0338,229.75230407714844,231.92552185058594
MLP,11,2,glass_adhesion_kpa,hg0339,232.0736083984375,230.19793701171875
MLP,11,2,glass_adhesion_kpa,hg0340,199.1224365234375,230.2753143310547
Mean,11,3,glass_adhesion_kpa,hg0274,101.34465789794922,93.70916748046875
Mean,11,3,glass_adhesion_kpa,hg0275,229.6956787109375,93.70916748046875
Mean,11,3,glass_adhesion_kpa,hg0276,160.2830810546875,93.70916748046875
Mean,11,3,glass_adhesion_kpa,hg0277,100.89171600341797,93.70916748046875
Mean,11,3,glass_adhesion_kpa,hg0278,91.04033660888672,93.70916748046875
Mean,11,3,glass_adhesion_kpa,hg0279,127.67162322998047,93.70916748046875
Mean,11,3,glass_adhesion_kpa,hg0280,117.31068420410156,93.70916748046875
Mean,11,3,glass_adhesion_kpa,hg0281,155.07431030273438,93.70916748046875
Mean,11,3,glass_adhesion_kpa,hg0282,74.50814056396484,93.70916748046875
Mean,11,3,glass_adhesion_kpa,hg0283,101.62773895263672,93.70916748046875
Mean,11,3,glass_adhesion_kpa,hg0284,75.13092803955078,93.70916748046875
Mean,11,3,glass_adhesion_kpa,hg0285,245.0955352783203,93.70916748046875
Mean,11,3,glass_adhesion_kpa,hg0286,109.9504623413086,93.70916748046875
Mean,11,3,glass_adhesion_kpa,hg0287,200.08493041992188,93.70916748046875
Mean,11,3,glass_adhesion_kpa,hg0288,250.9837188720703,93.70916748046875
Mean,11,3,glass_adhesion_kpa,hg0289,81.07572174072266,93.70916748046875
Mean,11,3,glass_adhesion_kpa,hg0290,235.4706268310547,93.70916748046875
Mean,11,3,glass_adhesion_kpa,hg0291,225.3927764892578,93.70916748046875
Mean,11,3,glass_adhesion_kpa,hg0334,206.6525115966797,93.70916748046875
Mean,11,3,glass_adhesion_kpa,hg0335,193.57395935058594,93.70916748046875
Mean,11,3,glass_adhesion_kpa,hg0336,62.22222137451172,93.70916748046875
Mean,11,3,glass_adhesion_kpa,hg0337,147.99716186523438,93.70916748046875
Mean,11,3,glass_adhesion_kpa,hg0338,229.75230407714844,93.70916748046875
Mean,11,3,glass_adhesion_kpa,hg0339,232.0736083984375,93.70916748046875
Mean,11,3,glass_adhesion_kpa,hg0340,199.1224365234375,93.70916748046875
Ridge,11,3,glass_adhesion_kpa,hg0274,101.34465789794922,180.40646362304688
Ridge,11,3,glass_adhesion_kpa,hg0275,229.6956787109375,234.82513427734375
Ridge,11,3,glass_adhesion_kpa,hg0276,160.2830810546875,132.52247619628906
Ridge,11,3,glass_adhesion_kpa,hg0277,100.89171600341797,92.60212707519531
Ridge,11,3,glass_adhesion_kpa,hg0278,91.04033660888672,52.48039245605469
Ridge,11,3,glass_adhesion_kpa,hg0279,127.67162322998047,157.7266387939453
Ridge,11,3,glass_adhesion_kpa,hg0280,117.31068420410156,207.90130615234375
Ridge,11,3,glass_adhesion_kpa,hg0281,155.07431030273438,147.5599365234375
Ridge,11,3,glass_adhesion_kpa,hg0282,74.50814056396484,120.02836608886719
Ridge,11,3,glass_adhesion_kpa,hg0283,101.62773895263672,183.00933837890625
Ridge,11,3,glass_adhesion_kpa,hg0284,75.13092803955078,87.48190307617188
Ridge,11,3,glass_adhesion_kpa,hg0285,245.0955352783203,235.34552001953125
Ridge,11,3,glass_adhesion_kpa,hg0286,109.9504623413086,115.17953491210938
Ridge,11,3,glass_adhesion_kpa,hg0287,200.08493041992188,234.52615356445312
Ridge,11,3,glass_adhesion_kpa,hg0288,250.9837188720703,235.53359985351562
Ridge,11,3,glass_adhesion_kpa,hg0289,81.07572174072266,150.65386962890625
Ridge,11,3,glass_adhesion_kpa,hg0290,235.4706268310547,235.52203369140625
Ridge,11,3,glass_adhesion_kpa,hg0291,225.3927764892578,234.24664306640625
Ridge,11,3,glass_adhesion_kpa,hg0334,206.6525115966797,233.29617309570312
Ridge,11,3,glass_adhesion_kpa,hg0335,193.57395935058594,179.73370361328125
Ridge,11,3,glass_adhesion_kpa,hg0336,62.22222137451172,143.28489685058594
Ridge,11,3,glass_adhesion_kpa,hg0337,147.99716186523438,138.10548400878906
Ridge,11,3,glass_adhesion_kpa,hg0338,229.75230407714844,234.72360229492188
Ridge,11,3,glass_adhesion_kpa,hg0339,232.0736083984375,235.14776611328125
Ridge,11,3,glass_adhesion_kpa,hg0340,199.1224365234375,221.75057983398438
ElasticNet,11,3,glass_adhesion_kpa,hg0274,101.34465789794922,180.19601440429688
ElasticNet,11,3,glass_adhesion_kpa,hg0275,229.6956787109375,234.58560180664062
ElasticNet,11,3,glass_adhesion_kpa,hg0276,160.2830810546875,131.56446838378906
ElasticNet,11,3,glass_adhesion_kpa,hg0277,100.89171600341797,92.23289489746094
ElasticNet,11,3,glass_adhesion_kpa,hg0278,91.04033660888672,52.072349548339844
ElasticNet,11,3,glass_adhesion_kpa,hg0279,127.67162322998047,157.94252014160156
ElasticNet,11,3,glass_adhesion_kpa,hg0280,117.31068420410156,207.54998779296875
ElasticNet,11,3,glass_adhesion_kpa,hg0281,155.07431030273438,146.4457550048828
ElasticNet,11,3,glass_adhesion_kpa,hg0282,74.50814056396484,119.49239349365234
ElasticNet,11,3,glass_adhesion_kpa,hg0283,101.62773895263672,182.79745483398438
ElasticNet,11,3,glass_adhesion_kpa,hg0284,75.13092803955078,87.58647155761719
ElasticNet,11,3,glass_adhesion_kpa,hg0285,245.0955352783203,234.98226928710938
ElasticNet,11,3,glass_adhesion_kpa,hg0286,109.9504623413086,114.30999755859375
ElasticNet,11,3,glass_adhesion_kpa,hg0287,200.08493041992188,234.6719970703125
ElasticNet,11,3,glass_adhesion_kpa,hg0288,250.9837188720703,235.22256469726562
ElasticNet,11,3,glass_adhesion_kpa,hg0289,81.07572174072266,150.39305114746094
ElasticNet,11,3,glass_adhesion_kpa,hg0290,235.4706268310547,235.30068969726562
ElasticNet,11,3,glass_adhesion_kpa,hg0291,225.3927764892578,234.21133422851562
ElasticNet,11,3,glass_adhesion_kpa,hg0334,206.6525115966797,232.9534912109375
ElasticNet,11,3,glass_adhesion_kpa,hg0335,193.57395935058594,178.90089416503906
ElasticNet,11,3,glass_adhesion_kpa,hg0336,62.22222137451172,145.73941040039062
ElasticNet,11,3,glass_adhesion_kpa,hg0337,147.99716186523438,138.47311401367188
ElasticNet,11,3,glass_adhesion_kpa,hg0338,229.75230407714844,234.4873046875
ElasticNet,11,3,glass_adhesion_kpa,hg0339,232.0736083984375,234.75762939453125
ElasticNet,11,3,glass_adhesion_kpa,hg0340,199.1224365234375,223.08175659179688
KNN,11,3,glass_adhesion_kpa,hg0274,101.34465789794922,165.07723186804455
KNN,11,3,glass_adhesion_kpa,hg0275,229.6956787109375,272.93611771256684
KNN,11,3,glass_adhesion_kpa,hg0276,160.2830810546875,124.70393544642407
KNN,11,3,glass_adhesion_kpa,hg0277,100.89171600341797,94.30500582129629
KNN,11,3,glass_adhesion_kpa,hg0278,91.04033660888672,99.75356124338786
KNN,11,3,glass_adhesion_kpa,hg0279,127.67162322998047,136.66183404194874
KNN,11,3,glass_adhesion_kpa,hg0280,117.31068420410156,215.1117623233923
KNN,11,3,glass_adhesion_kpa,hg0281,155.07431030273438,145.49057276876457
KNN,11,3,glass_adhesion_kpa,hg0282,74.50814056396484,105.30425205842253
KNN,11,3,glass_adhesion_kpa,hg0283,101.62773895263672,171.46588070105744
KNN,11,3,glass_adhesion_kpa,hg0284,75.13092803955078,91.20490890928939
KNN,11,3,glass_adhesion_kpa,hg0285,245.0955352783203,263.4823604722635
KNN,11,3,glass_adhesion_kpa,hg0286,109.9504623413086,119.14847905866179
KNN,11,3,glass_adhesion_kpa,hg0287,200.08493041992188,249.92191140981546
KNN,11,3,glass_adhesion_kpa,hg0288,250.9837188720703,263.60432611414745
KNN,11,3,glass_adhesion_kpa,hg0289,81.07572174072266,99.35690954702397
KNN,11,3,glass_adhesion_kpa,hg0290,235.4706268310547,265.9064527262343
KNN,11,3,glass_adhesion_kpa,hg0291,225.3927764892578,266.9361184774092
KNN,11,3,glass_adhesion_kpa,hg0334,206.6525115966797,280.9265561416403
KNN,11,3,glass_adhesion_kpa,hg0335,193.57395935058594,153.8371564023432
KNN,11,3,glass_adhesion_kpa,hg0336,62.22222137451172,174.47114980946074
KNN,11,3,glass_adhesion_kpa,hg0337,147.99716186523438,179.42344933933913
KNN,11,3,glass_adhesion_kpa,hg0338,229.75230407714844,274.1334069008259
KNN,11,3,glass_adhesion_kpa,hg0339,232.0736083984375,259.67588008398025
KNN,11,3,glass_adhesion_kpa,hg0340,199.1224365234375,253.9986144211942
SVR-RBF,11,3,glass_adhesion_kpa,hg0274,101.34465789794922,137.8264888326106
SVR-RBF,11,3,glass_adhesion_kpa,hg0275,229.6956787109375,251.58439222680562
SVR-RBF,11,3,glass_adhesion_kpa,hg0276,160.2830810546875,81.67738331256331
SVR-RBF,11,3,glass_adhesion_kpa,hg0277,100.89171600341797,101.42811373271286
SVR-RBF,11,3,glass_adhesion_kpa,hg0278,91.04033660888672,66.29730538675864
SVR-RBF,11,3,glass_adhesion_kpa,hg0279,127.67162322998047,111.36438341892833
SVR-RBF,11,3,glass_adhesion_kpa,hg0280,117.31068420410156,189.84294424465753
SVR-RBF,11,3,glass_adhesion_kpa,hg0281,155.07431030273438,118.75225257399688
SVR-RBF,11,3,glass_adhesion_kpa,hg0282,74.50814056396484,109.49307332202994
SVR-RBF,11,3,glass_adhesion_kpa,hg0283,101.62773895263672,141.2881675384889
SVR-RBF,11,3,glass_adhesion_kpa,hg0284,75.13092803955078,33.54736259839802
SVR-RBF,11,3,glass_adhesion_kpa,hg0285,245.0955352783203,251.52277152770256
SVR-RBF,11,3,glass_adhesion_kpa,hg0286,109.9504623413086,54.05835521549884
SVR-RBF,11,3,glass_adhesion_kpa,hg0287,200.08493041992188,241.077110163594
SVR-RBF,11,3,glass_adhesion_kpa,hg0288,250.9837188720703,247.47370820988527
SVR-RBF,11,3,glass_adhesion_kpa,hg0289,81.07572174072266,95.76017714694794
SVR-RBF,11,3,glass_adhesion_kpa,hg0290,235.4706268310547,250.09910309766798
SVR-RBF,11,3,glass_adhesion_kpa,hg0291,225.3927764892578,248.62310003620786
SVR-RBF,11,3,glass_adhesion_kpa,hg0334,206.6525115966797,248.74901202084453
SVR-RBF,11,3,glass_adhesion_kpa,hg0335,193.57395935058594,155.13977641302608
SVR-RBF,11,3,glass_adhesion_kpa,hg0336,62.22222137451172,169.36789041928472
SVR-RBF,11,3,glass_adhesion_kpa,hg0337,147.99716186523438,141.12686747984498
SVR-RBF,11,3,glass_adhesion_kpa,hg0338,229.75230407714844,251.5218497034387
SVR-RBF,11,3,glass_adhesion_kpa,hg0339,232.0736083984375,250.29284687050978
SVR-RBF,11,3,glass_adhesion_kpa,hg0340,199.1224365234375,222.93128445597625
RandomForest,11,3,glass_adhesion_kpa,hg0274,101.34465789794922,187.1686488120419
RandomForest,11,3,glass_adhesion_kpa,hg0275,229.6956787109375,271.61796059578086
RandomForest,11,3,glass_adhesion_kpa,hg0276,160.2830810546875,130.4888653834914
RandomForest,11,3,glass_adhesion_kpa,hg0277,100.89171600341797,98.79102648747195
RandomForest,11,3,glass_adhesion_kpa,hg0278,91.04033660888672,84.34689782189716
RandomForest,11,3,glass_adhesion_kpa,hg0279,127.67162322998047,129.84606094724813
RandomForest,11,3,glass_adhesion_kpa,hg0280,117.31068420410156,185.298571643556
RandomForest,11,3,glass_adhesion_kpa,hg0281,155.07431030273438,134.72901952874128
RandomForest,11,3,glass_adhesion_kpa,hg0282,74.50814056396484,107.32326300356799
RandomForest,11,3,glass_adhesion_kpa,hg0283,101.62773895263672,190.15511193852515
RandomForest,11,3,glass_adhesion_kpa,hg0284,75.13092803955078,87.03819371978189
RandomForest,11,3,glass_adhesion_kpa,hg0285,245.0955352783203,252.13093822017598
RandomForest,11,3,glass_adhesion_kpa,hg0286,109.9504623413086,100.7928204327632
RandomForest,11,3,glass_adhesion_kpa,hg0287,200.08493041992188,250.79105940897753
RandomForest,11,3,glass_adhesion_kpa,hg0288,250.9837188720703,256.28048823897245
RandomForest,11,3,glass_adhesion_kpa,hg0289,81.07572174072266,133.2942966351843
RandomForest,11,3,glass_adhesion_kpa,hg0290,235.4706268310547,262.03686239157514
RandomForest,11,3,glass_adhesion_kpa,hg0291,225.3927764892578,268.4089975296312
RandomForest,11,3,glass_adhesion_kpa,hg0334,206.6525115966797,285.0650670361367
RandomForest,11,3,glass_adhesion_kpa,hg0335,193.57395935058594,146.87925137835703
RandomForest,11,3,glass_adhesion_kpa,hg0336,62.22222137451172,131.28988884740573
RandomForest,11,3,glass_adhesion_kpa,hg0337,147.99716186523438,142.11439824958515
RandomForest,11,3,glass_adhesion_kpa,hg0338,229.75230407714844,271.8477651996977
RandomForest,11,3,glass_adhesion_kpa,hg0339,232.0736083984375,253.4244779112992
RandomForest,11,3,glass_adhesion_kpa,hg0340,199.1224365234375,218.91273747583864
HistGB,11,3,glass_adhesion_kpa,hg0274,101.34465789794922,170.1894771390642
HistGB,11,3,glass_adhesion_kpa,hg0275,229.6956787109375,266.11178424718173
HistGB,11,3,glass_adhesion_kpa,hg0276,160.2830810546875,113.89278333135658
HistGB,11,3,glass_adhesion_kpa,hg0277,100.89171600341797,95.96409916401034
HistGB,11,3,glass_adhesion_kpa,hg0278,91.04033660888672,95.5692726676588
HistGB,11,3,glass_adhesion_kpa,hg0279,127.67162322998047,121.20632065255337
HistGB,11,3,glass_adhesion_kpa,hg0280,117.31068420410156,170.89869440160658
HistGB,11,3,glass_adhesion_kpa,hg0281,155.07431030273438,90.27569669260531
HistGB,11,3,glass_adhesion_kpa,hg0282,74.50814056396484,112.64669468752176
HistGB,11,3,glass_adhesion_kpa,hg0283,101.62773895263672,181.59399780828966
HistGB,11,3,glass_adhesion_kpa,hg0284,75.13092803955078,69.19258607157143
HistGB,11,3,glass_adhesion_kpa,hg0285,245.0955352783203,263.0663142814697
HistGB,11,3,glass_adhesion_kpa,hg0286,109.9504623413086,93.98284769521425
HistGB,11,3,glass_adhesion_kpa,hg0287,200.08493041992188,232.78385404083838
HistGB,11,3,glass_adhesion_kpa,hg0288,250.9837188720703,241.65102610619388
HistGB,11,3,glass_adhesion_kpa,hg0289,81.07572174072266,105.24021517374305
HistGB,11,3,glass_adhesion_kpa,hg0290,235.4706268310547,261.82410535264864
HistGB,11,3,glass_adhesion_kpa,hg0291,225.3927764892578,264.1830868855321
HistGB,11,3,glass_adhesion_kpa,hg0334,206.6525115966797,274.14751653454783
HistGB,11,3,glass_adhesion_kpa,hg0335,193.57395935058594,158.5299283192185
HistGB,11,3,glass_adhesion_kpa,hg0336,62.22222137451172,146.95358560672437
HistGB,11,3,glass_adhesion_kpa,hg0337,147.99716186523438,146.64920455934202
HistGB,11,3,glass_adhesion_kpa,hg0338,229.75230407714844,265.7021136369197
HistGB,11,3,glass_adhesion_kpa,hg0339,232.0736083984375,262.26532064504784
HistGB,11,3,glass_adhesion_kpa,hg0340,199.1224365234375,214.75844058488818
MLP,11,3,glass_adhesion_kpa,hg0274,101.34465789794922,189.8963623046875
MLP,11,3,glass_adhesion_kpa,hg0275,229.6956787109375,243.48736572265625
MLP,11,3,glass_adhesion_kpa,hg0276,160.2830810546875,130.08055114746094
MLP,11,3,glass_adhesion_kpa,hg0277,100.89171600341797,95.90312194824219
MLP,11,3,glass_adhesion_kpa,hg0278,91.04033660888672,27.444326400756836
MLP,11,3,glass_adhesion_kpa,hg0279,127.67162322998047,137.25047302246094
MLP,11,3,glass_adhesion_kpa,hg0280,117.31068420410156,223.14712524414062
MLP,11,3,glass_adhesion_kpa,hg0281,155.07431030273438,142.9505615234375
MLP,11,3,glass_adhesion_kpa,hg0282,74.50814056396484,96.4228515625
MLP,11,3,glass_adhesion_kpa,hg0283,101.62773895263672,192.0802459716797
MLP,11,3,glass_adhesion_kpa,hg0284,75.13092803955078,135.3063507080078
MLP,11,3,glass_adhesion_kpa,hg0285,245.0955352783203,240.220947265625
MLP,11,3,glass_adhesion_kpa,hg0286,109.9504623413086,119.82310485839844
MLP,11,3,glass_adhesion_kpa,hg0287,200.08493041992188,241.46282958984375
MLP,11,3,glass_adhesion_kpa,hg0288,250.9837188720703,237.0812530517578
MLP,11,3,glass_adhesion_kpa,hg0289,81.07572174072266,128.2799530029297
MLP,11,3,glass_adhesion_kpa,hg0290,235.4706268310547,241.0315399169922
MLP,11,3,glass_adhesion_kpa,hg0291,225.3927764892578,244.0063934326172
MLP,11,3,glass_adhesion_kpa,hg0334,206.6525115966797,245.8950958251953
MLP,11,3,glass_adhesion_kpa,hg0335,193.57395935058594,187.7470245361328
MLP,11,3,glass_adhesion_kpa,hg0336,62.22222137451172,169.16880798339844
MLP,11,3,glass_adhesion_kpa,hg0337,147.99716186523438,134.9646759033203
MLP,11,3,glass_adhesion_kpa,hg0338,229.75230407714844,243.72633361816406
MLP,11,3,glass_adhesion_kpa,hg0339,232.0736083984375,238.63482666015625
MLP,11,3,glass_adhesion_kpa,hg0340,199.1224365234375,247.3879852294922
Mean,11,4,glass_adhesion_kpa,hg0274,101.34465789794922,92.48217010498047
Mean,11,4,glass_adhesion_kpa,hg0275,229.6956787109375,92.48217010498047
Mean,11,4,glass_adhesion_kpa,hg0276,160.2830810546875,92.48217010498047
Mean,11,4,glass_adhesion_kpa,hg0277,100.89171600341797,92.48217010498047
Mean,11,4,glass_adhesion_kpa,hg0278,91.04033660888672,92.48217010498047
Mean,11,4,glass_adhesion_kpa,hg0279,127.67162322998047,92.48217010498047
Mean,11,4,glass_adhesion_kpa,hg0280,117.31068420410156,92.48217010498047
Mean,11,4,glass_adhesion_kpa,hg0281,155.07431030273438,92.48217010498047
Mean,11,4,glass_adhesion_kpa,hg0282,74.50814056396484,92.48217010498047
Mean,11,4,glass_adhesion_kpa,hg0283,101.62773895263672,92.48217010498047
Mean,11,4,glass_adhesion_kpa,hg0284,75.13092803955078,92.48217010498047
Mean,11,4,glass_adhesion_kpa,hg0285,245.0955352783203,92.48217010498047
Mean,11,4,glass_adhesion_kpa,hg0286,109.9504623413086,92.48217010498047
Mean,11,4,glass_adhesion_kpa,hg0287,200.08493041992188,92.48217010498047
Mean,11,4,glass_adhesion_kpa,hg0288,250.9837188720703,92.48217010498047
Mean,11,4,glass_adhesion_kpa,hg0289,81.07572174072266,92.48217010498047
Mean,11,4,glass_adhesion_kpa,hg0290,235.4706268310547,92.48217010498047
Mean,11,4,glass_adhesion_kpa,hg0291,225.3927764892578,92.48217010498047
Mean,11,4,glass_adhesion_kpa,hg0334,206.6525115966797,92.48217010498047
Mean,11,4,glass_adhesion_kpa,hg0335,193.57395935058594,92.48217010498047
Mean,11,4,glass_adhesion_kpa,hg0336,62.22222137451172,92.48217010498047
Mean,11,4,glass_adhesion_kpa,hg0337,147.99716186523438,92.48217010498047
Mean,11,4,glass_adhesion_kpa,hg0338,229.75230407714844,92.48217010498047
Mean,11,4,glass_adhesion_kpa,hg0339,232.0736083984375,92.48217010498047
Mean,11,4,glass_adhesion_kpa,hg0340,199.1224365234375,92.48217010498047
Ridge,11,4,glass_adhesion_kpa,hg0274,101.34465789794922,171.2348175048828
Ridge,11,4,glass_adhesion_kpa,hg0275,229.6956787109375,217.799560546875
Ridge,11,4,glass_adhesion_kpa,hg0276,160.2830810546875,126.45426940917969
Ridge,11,4,glass_adhesion_kpa,hg0277,100.89171600341797,67.35331726074219
Ridge,11,4,glass_adhesion_kpa,hg0278,91.04033660888672,71.3355941772461
Ridge,11,4,glass_adhesion_kpa,hg0279,127.67162322998047,137.81463623046875
Ridge,11,4,glass_adhesion_kpa,hg0280,117.31068420410156,192.40203857421875
Ridge,11,4,glass_adhesion_kpa,hg0281,155.07431030273438,136.96487426757812
Ridge,11,4,glass_adhesion_kpa,hg0282,74.50814056396484,107.57890319824219
Ridge,11,4,glass_adhesion_kpa,hg0283,101.62773895263672,173.41552734375
Ridge,11,4,glass_adhesion_kpa,hg0284,75.13092803955078,97.61304473876953
Ridge,11,4,glass_adhesion_kpa,hg0285,245.0955352783203,216.68751525878906
Ridge,11,4,glass_adhesion_kpa,hg0286,109.9504623413086,113.10356140136719
Ridge,11,4,glass_adhesion_kpa,hg0287,200.08493041992188,220.22509765625
Ridge,11,4,glass_adhesion_kpa,hg0288,250.9837188720703,216.24957275390625
Ridge,11,4,glass_adhesion_kpa,hg0289,81.07572174072266,133.9907684326172
Ridge,11,4,glass_adhesion_kpa,hg0290,235.4706268310547,217.97987365722656
Ridge,11,4,glass_adhesion_kpa,hg0291,225.3927764892578,218.93389892578125
Ridge,11,4,glass_adhesion_kpa,hg0334,206.6525115966797,216.03488159179688
Ridge,11,4,glass_adhesion_kpa,hg0335,193.57395935058594,163.0494384765625
Ridge,11,4,glass_adhesion_kpa,hg0336,62.22222137451172,169.3699951171875
Ridge,11,4,glass_adhesion_kpa,hg0337,147.99716186523438,144.89352416992188
Ridge,11,4,glass_adhesion_kpa,hg0338,229.75230407714844,217.7769012451172
Ridge,11,4,glass_adhesion_kpa,hg0339,232.0736083984375,215.9618682861328
Ridge,11,4,glass_adhesion_kpa,hg0340,199.1224365234375,218.50656127929688
ElasticNet,11,4,glass_adhesion_kpa,hg0274,101.34465789794922,170.36874389648438
ElasticNet,11,4,glass_adhesion_kpa,hg0275,229.6956787109375,216.27865600585938
ElasticNet,11,4,glass_adhesion_kpa,hg0276,160.2830810546875,126.14205932617188
ElasticNet,11,4,glass_adhesion_kpa,hg0277,100.89171600341797,67.87706756591797
ElasticNet,11,4,glass_adhesion_kpa,hg0278,91.04033660888672,71.9145736694336
ElasticNet,11,4,glass_adhesion_kpa,hg0279,127.67162322998047,137.26393127441406
ElasticNet,11,4,glass_adhesion_kpa,hg0280,117.31068420410156,191.67723083496094
ElasticNet,11,4,glass_adhesion_kpa,hg0281,155.07431030273438,136.88400268554688
ElasticNet,11,4,glass_adhesion_kpa,hg0282,74.50814056396484,107.3060531616211
ElasticNet,11,4,glass_adhesion_kpa,hg0283,101.62773895263672,172.51123046875
ElasticNet,11,4,glass_adhesion_kpa,hg0284,75.13092803955078,98.07772827148438
ElasticNet,11,4,glass_adhesion_kpa,hg0285,245.0955352783203,214.93495178222656
ElasticNet,11,4,glass_adhesion_kpa,hg0286,109.9504623413086,112.83372497558594
ElasticNet,11,4,glass_adhesion_kpa,hg0287,200.08493041992188,218.5707550048828
ElasticNet,11,4,glass_adhesion_kpa,hg0288,250.9837188720703,214.31289672851562
ElasticNet,11,4,glass_adhesion_kpa,hg0289,81.07572174072266,133.4765625
ElasticNet,11,4,glass_adhesion_kpa,hg0290,235.4706268310547,216.28904724121094
ElasticNet,11,4,glass_adhesion_kpa,hg0291,225.3927764892578,217.44602966308594
ElasticNet,11,4,glass_adhesion_kpa,hg0334,206.6525115966797,214.7518310546875
ElasticNet,11,4,glass_adhesion_kpa,hg0335,193.57395935058594,163.37693786621094
ElasticNet,11,4,glass_adhesion_kpa,hg0336,62.22222137451172,167.40328979492188
ElasticNet,11,4,glass_adhesion_kpa,hg0337,147.99716186523438,144.77590942382812
ElasticNet,11,4,glass_adhesion_kpa,hg0338,229.75230407714844,216.2747039794922
ElasticNet,11,4,glass_adhesion_kpa,hg0339,232.0736083984375,214.10325622558594
ElasticNet,11,4,glass_adhesion_kpa,hg0340,199.1224365234375,217.3067169189453
KNN,11,4,glass_adhesion_kpa,hg0274,101.34465789794922,156.97005755596368
KNN,11,4,glass_adhesion_kpa,hg0275,229.6956787109375,283.29272606854784
KNN,11,4,glass_adhesion_kpa,hg0276,160.2830810546875,108.77209427125743
KNN,11,4,glass_adhesion_kpa,hg0277,100.89171600341797,64.26546371939142
KNN,11,4,glass_adhesion_kpa,hg0278,91.04033660888672,71.76853867117323
KNN,11,4,glass_adhesion_kpa,hg0279,127.67162322998047,103.9332527853571
KNN,11,4,glass_adhesion_kpa,hg0280,117.31068420410156,203.9140970958839
KNN,11,4,glass_adhesion_kpa,hg0281,155.07431030273438,123.38557362368087
KNN,11,4,glass_adhesion_kpa,hg0282,74.50814056396484,106.17776248329598
KNN,11,4,glass_adhesion_kpa,hg0283,101.62773895263672,158.13822686437246
KNN,11,4,glass_adhesion_kpa,hg0284,75.13092803955078,89.68711051539628
KNN,11,4,glass_adhesion_kpa,hg0285,245.0955352783203,277.61525908942315
KNN,11,4,glass_adhesion_kpa,hg0286,109.9504623413086,107.13432431282196
KNN,11,4,glass_adhesion_kpa,hg0287,200.08493041992188,248.4124568377222
KNN,11,4,glass_adhesion_kpa,hg0288,250.9837188720703,267.0100899221825
KNN,11,4,glass_adhesion_kpa,hg0289,81.07572174072266,95.74723667885327
KNN,11,4,glass_adhesion_kpa,hg0290,235.4706268310547,279.42104523621794
KNN,11,4,glass_adhesion_kpa,hg0291,225.3927764892578,273.71795897596166
KNN,11,4,glass_adhesion_kpa,hg0334,206.6525115966797,287.3196313130935
KNN,11,4,glass_adhesion_kpa,hg0335,193.57395935058594,158.27557042535415
KNN,11,4,glass_adhesion_kpa,hg0336,62.22222137451172,165.51660809382096
KNN,11,4,glass_adhesion_kpa,hg0337,147.99716186523438,151.21345344211323
KNN,11,4,glass_adhesion_kpa,hg0338,229.75230407714844,284.58135115857965
KNN,11,4,glass_adhesion_kpa,hg0339,232.0736083984375,267.0055173187628
KNN,11,4,glass_adhesion_kpa,hg0340,199.1224365234375,230.20301502617042
SVR-RBF,11,4,glass_adhesion_kpa,hg0274,101.34465789794922,146.65030662542802
SVR-RBF,11,4,glass_adhesion_kpa,hg0275,229.6956787109375,233.9747191982782
SVR-RBF,11,4,glass_adhesion_kpa,hg0276,160.2830810546875,104.18874180794764
SVR-RBF,11,4,glass_adhesion_kpa,hg0277,100.89171600341797,57.62073164874332
SVR-RBF,11,4,glass_adhesion_kpa,hg0278,91.04033660888672,59.79196977658294
SVR-RBF,11,4,glass_adhesion_kpa,hg0279,127.67162322998047,90.53611704768618
SVR-RBF,11,4,glass_adhesion_kpa,hg0280,117.31068420410156,188.16170537483376
SVR-RBF,11,4,glass_adhesion_kpa,hg0281,155.07431030273438,105.34381822900527
SVR-RBF,11,4,glass_adhesion_kpa,hg0282,74.50814056396484,100.41697081359064
SVR-RBF,11,4,glass_adhesion_kpa,hg0283,101.62773895263672,149.68334241177575
SVR-RBF,11,4,glass_adhesion_kpa,hg0284,75.13092803955078,55.10965078723527
SVR-RBF,11,4,glass_adhesion_kpa,hg0285,245.0955352783203,235.64446045376042
SVR-RBF,11,4,glass_adhesion_kpa,hg0286,109.9504623413086,92.03506913492987
SVR-RBF,11,4,glass_adhesion_kpa,hg0287,200.08493041992188,218.51651998677139
SVR-RBF,11,4,glass_adhesion_kpa,hg0288,250.9837188720703,231.93923165344836
SVR-RBF,11,4,glass_adhesion_kpa,hg0289,81.07572174072266,85.92547245758094
SVR-RBF,11,4,glass_adhesion_kpa,hg0290,235.4706268310547,232.11726863895143
SVR-RBF,11,4,glass_adhesion_kpa,hg0291,225.3927764892578,228.7910973647424
SVR-RBF,11,4,glass_adhesion_kpa,hg0334,206.6525115966797,233.6476161256026
SVR-RBF,11,4,glass_adhesion_kpa,hg0335,193.57395935058594,150.6929280814061
SVR-RBF,11,4,glass_adhesion_kpa,hg0336,62.22222137451172,139.91658877492233
SVR-RBF,11,4,glass_adhesion_kpa,hg0337,147.99716186523438,141.90850208202122
SVR-RBF,11,4,glass_adhesion_kpa,hg0338,229.75230407714844,233.9373837068016
SVR-RBF,11,4,glass_adhesion_kpa,hg0339,232.0736083984375,235.31469716058515
SVR-RBF,11,4,glass_adhesion_kpa,hg0340,199.1224365234375,200.75811176856251
RandomForest,11,4,glass_adhesion_kpa,hg0274,101.34465789794922,182.61082503325466
RandomForest,11,4,glass_adhesion_kpa,hg0275,229.6956787109375,274.39684524278306
RandomForest,11,4,glass_adhesion_kpa,hg0276,160.2830810546875,120.74987798532885
RandomForest,11,4,glass_adhesion_kpa,hg0277,100.89171600341797,88.00462406790348
RandomForest,11,4,glass_adhesion_kpa,hg0278,91.04033660888672,90.83098112536437
RandomForest,11,4,glass_adhesion_kpa,hg0279,127.67162322998047,116.54045418007557
RandomForest,11,4,glass_adhesion_kpa,hg0280,117.31068420410156,175.18640383647713
RandomForest,11,4,glass_adhesion_kpa,hg0281,155.07431030273438,127.50523300509899
RandomForest,11,4,glass_adhesion_kpa,hg0282,74.50814056396484,101.84789928027558
RandomForest,11,4,glass_adhesion_kpa,hg0283,101.62773895263672,182.96841334356537
RandomForest,11,4,glass_adhesion_kpa,hg0284,75.13092803955078,82.60771696283702
RandomForest,11,4,glass_adhesion_kpa,hg0285,245.0955352783203,251.18540181612227
RandomForest,11,4,glass_adhesion_kpa,hg0286,109.9504623413086,103.50675422854358
RandomForest,11,4,glass_adhesion_kpa,hg0287,200.08493041992188,248.81537821176957
RandomForest,11,4,glass_adhesion_kpa,hg0288,250.9837188720703,253.82463531647423
RandomForest,11,4,glass_adhesion_kpa,hg0289,81.07572174072266,115.24269344819132
RandomForest,11,4,glass_adhesion_kpa,hg0290,235.4706268310547,270.73279302445377
RandomForest,11,4,glass_adhesion_kpa,hg0291,225.3927764892578,267.3628579417952
RandomForest,11,4,glass_adhesion_kpa,hg0334,206.6525115966797,241.73443221971945
RandomForest,11,4,glass_adhesion_kpa,hg0335,193.57395935058594,146.30237952030302
RandomForest,11,4,glass_adhesion_kpa,hg0336,62.22222137451172,134.5442512593956
RandomForest,11,4,glass_adhesion_kpa,hg0337,147.99716186523438,150.33696299261877
RandomForest,11,4,glass_adhesion_kpa,hg0338,229.75230407714844,274.11539071732034
RandomForest,11,4,glass_adhesion_kpa,hg0339,232.0736083984375,251.2668969559114
RandomForest,11,4,glass_adhesion_kpa,hg0340,199.1224365234375,204.4189725987043
HistGB,11,4,glass_adhesion_kpa,hg0274,101.34465789794922,179.67705021190915
HistGB,11,4,glass_adhesion_kpa,hg0275,229.6956787109375,258.0619739677929
HistGB,11,4,glass_adhesion_kpa,hg0276,160.2830810546875,131.03713941788442
HistGB,11,4,glass_adhesion_kpa,hg0277,100.89171600341797,59.09850638480478
HistGB,11,4,glass_adhesion_kpa,hg0278,91.04033660888672,89.16024681795946
HistGB,11,4,glass_adhesion_kpa,hg0279,127.67162322998047,104.68319759744696
HistGB,11,4,glass_adhesion_kpa,hg0280,117.31068420410156,185.19642392698952
HistGB,11,4,glass_adhesion_kpa,hg0281,155.07431030273438,109.57651489697889
HistGB,11,4,glass_adhesion_kpa,hg0282,74.50814056396484,103.63896576905582
HistGB,11,4,glass_adhesion_kpa,hg0283,101.62773895263672,179.5094546639885
HistGB,11,4,glass_adhesion_kpa,hg0284,75.13092803955078,69.9742149625616
HistGB,11,4,glass_adhesion_kpa,hg0285,245.0955352783203,267.75334307637456
HistGB,11,4,glass_adhesion_kpa,hg0286,109.9504623413086,99.73907929900969
HistGB,11,4,glass_adhesion_kpa,hg0287,200.08493041992188,255.44858720072634
HistGB,11,4,glass_adhesion_kpa,hg0288,250.9837188720703,262.8187138735918
HistGB,11,4,glass_adhesion_kpa,hg0289,81.07572174072266,120.35134799412195
HistGB,11,4,glass_adhesion_kpa,hg0290,235.4706268310547,275.1737382374569
HistGB,11,4,glass_adhesion_kpa,hg0291,225.3927764892578,228.4072671737683
HistGB,11,4,glass_adhesion_kpa,hg0334,206.6525115966797,186.72186301618683
HistGB,11,4,glass_adhesion_kpa,hg0335,193.57395935058594,147.39079175361317
HistGB,11,4,glass_adhesion_kpa,hg0336,62.22222137451172,176.32382450891734
HistGB,11,4,glass_adhesion_kpa,hg0337,147.99716186523438,162.48206250293617
HistGB,11,4,glass_adhesion_kpa,hg0338,229.75230407714844,258.0619739677929
HistGB,11,4,glass_adhesion_kpa,hg0339,232.0736083984375,267.75334307637456
HistGB,11,4,glass_adhesion_kpa,hg0340,199.1224365234375,184.7185103778167
MLP,11,4,glass_adhesion_kpa,hg0274,101.34465789794922,167.89109802246094
MLP,11,4,glass_adhesion_kpa,hg0275,229.6956787109375,230.55455017089844
MLP,11,4,glass_adhesion_kpa,hg0276,160.2830810546875,121.45997619628906
MLP,11,4,glass_adhesion_kpa,hg0277,100.89171600341797,82.30104064941406
MLP,11,4,glass_adhesion_kpa,hg0278,91.04033660888672,54.71424102783203
MLP,11,4,glass_adhesion_kpa,hg0279,127.67162322998047,116.69409942626953
MLP,11,4,glass_adhesion_kpa,hg0280,117.31068420410156,193.07437133789062
MLP,11,4,glass_adhesion_kpa,hg0281,155.07431030273438,124.66241455078125
MLP,11,4,glass_adhesion_kpa,hg0282,74.50814056396484,79.02235412597656
MLP,11,4,glass_adhesion_kpa,hg0283,101.62773895263672,170.09841918945312
MLP,11,4,glass_adhesion_kpa,hg0284,75.13092803955078,120.56553649902344
MLP,11,4,glass_adhesion_kpa,hg0285,245.0955352783203,229.90533447265625
MLP,11,4,glass_adhesion_kpa,hg0286,109.9504623413086,116.63806915283203
MLP,11,4,glass_adhesion_kpa,hg0287,200.08493041992188,231.65493774414062
MLP,11,4,glass_adhesion_kpa,hg0288,250.9837188720703,229.36526489257812
MLP,11,4,glass_adhesion_kpa,hg0289,81.07572174072266,109.14994812011719
MLP,11,4,glass_adhesion_kpa,hg0290,235.4706268310547,230.48757934570312
MLP,11,4,glass_adhesion_kpa,hg0291,225.3927764892578,231.20106506347656
MLP,11,4,glass_adhesion_kpa,hg0334,206.6525115966797,229.154541015625
MLP,11,4,glass_adhesion_kpa,hg0335,193.57395935058594,151.2537384033203
MLP,11,4,glass_adhesion_kpa,hg0336,62.22222137451172,155.32623291015625
MLP,11,4,glass_adhesion_kpa,hg0337,147.99716186523438,138.93405151367188
MLP,11,4,glass_adhesion_kpa,hg0338,229.75230407714844,230.53384399414062
MLP,11,4,glass_adhesion_kpa,hg0339,232.0736083984375,229.69436645507812
MLP,11,4,glass_adhesion_kpa,hg0340,199.1224365234375,229.249755859375
Mean,99,0,glass_adhesion_kpa,hg0274,101.34465789794922,91.54383087158203
Mean,99,0,glass_adhesion_kpa,hg0275,229.6956787109375,91.54383087158203
Mean,99,0,glass_adhesion_kpa,hg0276,160.2830810546875,91.54383087158203
Mean,99,0,glass_adhesion_kpa,hg0277,100.89171600341797,91.54383087158203
Mean,99,0,glass_adhesion_kpa,hg0278,91.04033660888672,91.54383087158203
Mean,99,0,glass_adhesion_kpa,hg0279,127.67162322998047,91.54383087158203
Mean,99,0,glass_adhesion_kpa,hg0280,117.31068420410156,91.54383087158203
Mean,99,0,glass_adhesion_kpa,hg0281,155.07431030273438,91.54383087158203
Mean,99,0,glass_adhesion_kpa,hg0282,74.50814056396484,91.54383087158203
Mean,99,0,glass_adhesion_kpa,hg0283,101.62773895263672,91.54383087158203
Mean,99,0,glass_adhesion_kpa,hg0284,75.13092803955078,91.54383087158203
Mean,99,0,glass_adhesion_kpa,hg0285,245.0955352783203,91.54383087158203
Mean,99,0,glass_adhesion_kpa,hg0286,109.9504623413086,91.54383087158203
Mean,99,0,glass_adhesion_kpa,hg0287,200.08493041992188,91.54383087158203
Mean,99,0,glass_adhesion_kpa,hg0288,250.9837188720703,91.54383087158203
Mean,99,0,glass_adhesion_kpa,hg0289,81.07572174072266,91.54383087158203
Mean,99,0,glass_adhesion_kpa,hg0290,235.4706268310547,91.54383087158203
Mean,99,0,glass_adhesion_kpa,hg0291,225.3927764892578,91.54383087158203
Mean,99,0,glass_adhesion_kpa,hg0334,206.6525115966797,91.54383087158203
Mean,99,0,glass_adhesion_kpa,hg0335,193.57395935058594,91.54383087158203
Mean,99,0,glass_adhesion_kpa,hg0336,62.22222137451172,91.54383087158203
Mean,99,0,glass_adhesion_kpa,hg0337,147.99716186523438,91.54383087158203
Mean,99,0,glass_adhesion_kpa,hg0338,229.75230407714844,91.54383087158203
Mean,99,0,glass_adhesion_kpa,hg0339,232.0736083984375,91.54383087158203
Mean,99,0,glass_adhesion_kpa,hg0340,199.1224365234375,91.54383087158203
Ridge,99,0,glass_adhesion_kpa,hg0274,101.34465789794922,178.26707458496094
Ridge,99,0,glass_adhesion_kpa,hg0275,229.6956787109375,225.2890625
Ridge,99,0,glass_adhesion_kpa,hg0276,160.2830810546875,140.22872924804688
Ridge,99,0,glass_adhesion_kpa,hg0277,100.89171600341797,96.09007263183594
Ridge,99,0,glass_adhesion_kpa,hg0278,91.04033660888672,60.18373107910156
Ridge,99,0,glass_adhesion_kpa,hg0279,127.67162322998047,143.49880981445312
Ridge,99,0,glass_adhesion_kpa,hg0280,117.31068420410156,205.29507446289062
Ridge,99,0,glass_adhesion_kpa,hg0281,155.07431030273438,156.06024169921875
Ridge,99,0,glass_adhesion_kpa,hg0282,74.50814056396484,124.752685546875
Ridge,99,0,glass_adhesion_kpa,hg0283,101.62773895263672,180.68576049804688
Ridge,99,0,glass_adhesion_kpa,hg0284,75.13092803955078,76.35685729980469
Ridge,99,0,glass_adhesion_kpa,hg0285,245.0955352783203,226.50186157226562
Ridge,99,0,glass_adhesion_kpa,hg0286,109.9504623413086,121.41261291503906
Ridge,99,0,glass_adhesion_kpa,hg0287,200.08493041992188,223.93295288085938
Ridge,99,0,glass_adhesion_kpa,hg0288,250.9837188720703,226.85194396972656
Ridge,99,0,glass_adhesion_kpa,hg0289,81.07572174072266,135.00172424316406
Ridge,99,0,glass_adhesion_kpa,hg0290,235.4706268310547,225.90467834472656
Ridge,99,0,glass_adhesion_kpa,hg0291,225.3927764892578,224.2969970703125
Ridge,99,0,glass_adhesion_kpa,hg0334,206.6525115966797,224.22386169433594
Ridge,99,0,glass_adhesion_kpa,hg0335,193.57395935058594,175.8905792236328
Ridge,99,0,glass_adhesion_kpa,hg0336,62.22222137451172,149.1324462890625
Ridge,99,0,glass_adhesion_kpa,hg0337,147.99716186523438,135.66500854492188
Ridge,99,0,glass_adhesion_kpa,hg0338,229.75230407714844,225.19003295898438
Ridge,99,0,glass_adhesion_kpa,hg0339,232.0736083984375,226.80052185058594
Ridge,99,0,glass_adhesion_kpa,hg0340,199.1224365234375,214.44847106933594
ElasticNet,99,0,glass_adhesion_kpa,hg0274,101.34465789794922,178.19418334960938
ElasticNet,99,0,glass_adhesion_kpa,hg0275,229.6956787109375,225.1315155029297
ElasticNet,99,0,glass_adhesion_kpa,hg0276,160.2830810546875,139.4473876953125
ElasticNet,99,0,glass_adhesion_kpa,hg0277,100.89171600341797,95.60966491699219
ElasticNet,99,0,glass_adhesion_kpa,hg0278,91.04033660888672,60.15702819824219
ElasticNet,99,0,glass_adhesion_kpa,hg0279,127.67162322998047,143.65380859375
ElasticNet,99,0,glass_adhesion_kpa,hg0280,117.31068420410156,204.76483154296875
ElasticNet,99,0,glass_adhesion_kpa,hg0281,155.07431030273438,154.98126220703125
ElasticNet,99,0,glass_adhesion_kpa,hg0282,74.50814056396484,124.28995513916016
ElasticNet,99,0,glass_adhesion_kpa,hg0283,101.62773895263672,180.604736328125
ElasticNet,99,0,glass_adhesion_kpa,hg0284,75.13092803955078,77.2896957397461
ElasticNet,99,0,glass_adhesion_kpa,hg0285,245.0955352783203,226.25257873535156
ElasticNet,99,0,glass_adhesion_kpa,hg0286,109.9504623413086,120.87186431884766
ElasticNet,99,0,glass_adhesion_kpa,hg0287,200.08493041992188,224.15667724609375
ElasticNet,99,0,glass_adhesion_kpa,hg0288,250.9837188720703,226.65589904785156
ElasticNet,99,0,glass_adhesion_kpa,hg0289,81.07572174072266,134.98756408691406
ElasticNet,99,0,glass_adhesion_kpa,hg0290,235.4706268310547,225.79122924804688
ElasticNet,99,0,glass_adhesion_kpa,hg0291,225.3927764892578,224.3125762939453
ElasticNet,99,0,glass_adhesion_kpa,hg0334,206.6525115966797,223.9251251220703
ElasticNet,99,0,glass_adhesion_kpa,hg0335,193.57395935058594,175.023193359375
ElasticNet,99,0,glass_adhesion_kpa,hg0336,62.22222137451172,151.35537719726562
ElasticNet,99,0,glass_adhesion_kpa,hg0337,147.99716186523438,135.8095245361328
ElasticNet,99,0,glass_adhesion_kpa,hg0338,229.75230407714844,225.03170776367188
ElasticNet,99,0,glass_adhesion_kpa,hg0339,232.0736083984375,226.52230834960938
ElasticNet,99,0,glass_adhesion_kpa,hg0340,199.1224365234375,215.33352661132812
KNN,99,0,glass_adhesion_kpa,hg0274,101.34465789794922,161.82392797268318
KNN,99,0,glass_adhesion_kpa,hg0275,229.6956787109375,277.9357076031664
KNN,99,0,glass_adhesion_kpa,hg0276,160.2830810546875,132.38582575346393
KNN,99,0,glass_adhesion_kpa,hg0277,100.89171600341797,92.48374632690857
KNN,99,0,glass_adhesion_kpa,hg0278,91.04033660888672,115.04345212508827
KNN,99,0,glass_adhesion_kpa,hg0279,127.67162322998047,130.55620817693875
KNN,99,0,glass_adhesion_kpa,hg0280,117.31068420410156,215.28046319576714
KNN,99,0,glass_adhesion_kpa,hg0281,155.07431030273438,140.88970051708972
KNN,99,0,glass_adhesion_kpa,hg0282,74.50814056396484,116.85333717363997
KNN,99,0,glass_adhesion_kpa,hg0283,101.62773895263672,172.25094084772
KNN,99,0,glass_adhesion_kpa,hg0284,75.13092803955078,103.45695040075441
KNN,99,0,glass_adhesion_kpa,hg0285,245.0955352783203,275.9774359849556
KNN,99,0,glass_adhesion_kpa,hg0286,109.9504623413086,124.63094771834182
KNN,99,0,glass_adhesion_kpa,hg0287,200.08493041992188,249.16265811607707
KNN,99,0,glass_adhesion_kpa,hg0288,250.9837188720703,277.62895314030203
KNN,99,0,glass_adhesion_kpa,hg0289,81.07572174072266,92.80087506194243
KNN,99,0,glass_adhesion_kpa,hg0290,235.4706268310547,276.200153817486
KNN,99,0,glass_adhesion_kpa,hg0291,225.3927764892578,272.27708505301143
KNN,99,0,glass_adhesion_kpa,hg0334,206.6525115966797,288.5770019470102
KNN,99,0,glass_adhesion_kpa,hg0335,193.57395935058594,153.27351942593316
KNN,99,0,glass_adhesion_kpa,hg0336,62.22222137451172,151.22319323757128
KNN,99,0,glass_adhesion_kpa,hg0337,147.99716186523438,152.7633197386774
KNN,99,0,glass_adhesion_kpa,hg0338,229.75230407714844,279.3201318244029
KNN,99,0,glass_adhesion_kpa,hg0339,232.0736083984375,276.44290993599316
KNN,99,0,glass_adhesion_kpa,hg0340,199.1224365234375,241.2504267939731
SVR-RBF,99,0,glass_adhesion_kpa,hg0274,101.34465789794922,155.11446821728936
SVR-RBF,99,0,glass_adhesion_kpa,hg0275,229.6956787109375,244.94822643443922
SVR-RBF,99,0,glass_adhesion_kpa,hg0276,160.2830810546875,91.95258070026526
SVR-RBF,99,0,glass_adhesion_kpa,hg0277,100.89171600341797,87.58950300379225
SVR-RBF,99,0,glass_adhesion_kpa,hg0278,91.04033660888672,77.13761911801737
SVR-RBF,99,0,glass_adhesion_kpa,hg0279,127.67162322998047,96.33676595416634
SVR-RBF,99,0,glass_adhesion_kpa,hg0280,117.31068420410156,195.33882570823766
SVR-RBF,99,0,glass_adhesion_kpa,hg0281,155.07431030273438,116.84775743204283
SVR-RBF,99,0,glass_adhesion_kpa,hg0282,74.50814056396484,82.80947075144019
SVR-RBF,99,0,glass_adhesion_kpa,hg0283,101.62773895263672,158.70037563588738
SVR-RBF,99,0,glass_adhesion_kpa,hg0284,75.13092803955078,47.31729459808097
SVR-RBF,99,0,glass_adhesion_kpa,hg0285,245.0955352783203,247.59376584646733
SVR-RBF,99,0,glass_adhesion_kpa,hg0286,109.9504623413086,72.13015615991894
SVR-RBF,99,0,glass_adhesion_kpa,hg0287,200.08493041992188,233.56372522790923
SVR-RBF,99,0,glass_adhesion_kpa,hg0288,250.9837188720703,245.34485702760708
SVR-RBF,99,0,glass_adhesion_kpa,hg0289,81.07572174072266,86.87933762173283
SVR-RBF,99,0,glass_adhesion_kpa,hg0290,235.4706268310547,244.9210069258044
SVR-RBF,99,0,glass_adhesion_kpa,hg0291,225.3927764892578,240.18462833467768
SVR-RBF,99,0,glass_adhesion_kpa,hg0334,206.6525115966797,242.3816417902459
SVR-RBF,99,0,glass_adhesion_kpa,hg0335,193.57395935058594,162.07594057389286
SVR-RBF,99,0,glass_adhesion_kpa,hg0336,62.22222137451172,126.97124063571044
SVR-RBF,99,0,glass_adhesion_kpa,hg0337,147.99716186523438,122.95404771585413
SVR-RBF,99,0,glass_adhesion_kpa,hg0338,229.75230407714844,244.7347987426626
SVR-RBF,99,0,glass_adhesion_kpa,hg0339,232.0736083984375,247.3492552855855
SVR-RBF,99,0,glass_adhesion_kpa,hg0340,199.1224365234375,205.19643614766332
RandomForest,99,0,glass_adhesion_kpa,hg0274,101.34465789794922,182.7875114988215
RandomForest,99,0,glass_adhesion_kpa,hg0275,229.6956787109375,277.8602182999358
RandomForest,99,0,glass_adhesion_kpa,hg0276,160.2830810546875,136.05761946700702
RandomForest,99,0,glass_adhesion_kpa,hg0277,100.89171600341797,93.59464519471311
RandomForest,99,0,glass_adhesion_kpa,hg0278,91.04033660888672,87.62340671181987
RandomForest,99,0,glass_adhesion_kpa,hg0279,127.67162322998047,123.80665852381236
RandomForest,99,0,glass_adhesion_kpa,hg0280,117.31068420410156,177.8531770708325
RandomForest,99,0,glass_adhesion_kpa,hg0281,155.07431030273438,138.09313435293583
RandomForest,99,0,glass_adhesion_kpa,hg0282,74.50814056396484,105.48977554505163
RandomForest,99,0,glass_adhesion_kpa,hg0283,101.62773895263672,184.86523326422798
RandomForest,99,0,glass_adhesion_kpa,hg0284,75.13092803955078,90.17468461516134
RandomForest,99,0,glass_adhesion_kpa,hg0285,245.0955352783203,271.21631694502855
RandomForest,99,0,glass_adhesion_kpa,hg0286,109.9504623413086,108.14586269535222
RandomForest,99,0,glass_adhesion_kpa,hg0287,200.08493041992188,251.34264613217965
RandomForest,99,0,glass_adhesion_kpa,hg0288,250.9837188720703,267.9667962548588
RandomForest,99,0,glass_adhesion_kpa,hg0289,81.07572174072266,119.72525418065547
RandomForest,99,0,glass_adhesion_kpa,hg0290,235.4706268310547,277.46353868850247
RandomForest,99,0,glass_adhesion_kpa,hg0291,225.3927764892578,269.9511128680859
RandomForest,99,0,glass_adhesion_kpa,hg0334,206.6525115966797,263.8199487594454
RandomForest,99,0,glass_adhesion_kpa,hg0335,193.57395935058594,145.76425788080905
RandomForest,99,0,glass_adhesion_kpa,hg0336,62.22222137451172,128.72794277686185
RandomForest,99,0,glass_adhesion_kpa,hg0337,147.99716186523438,132.38079579516014
RandomForest,99,0,glass_adhesion_kpa,hg0338,229.75230407714844,277.7183898208964
RandomForest,99,0,glass_adhesion_kpa,hg0339,232.0736083984375,272.5193210164633
RandomForest,99,0,glass_adhesion_kpa,hg0340,199.1224365234375,205.26719791493983
HistGB,99,0,glass_adhesion_kpa,hg0274,101.34465789794922,162.23205309697235
HistGB,99,0,glass_adhesion_kpa,hg0275,229.6956787109375,281.9045952214472
HistGB,99,0,glass_adhesion_kpa,hg0276,160.2830810546875,150.99861996990734
HistGB,99,0,glass_adhesion_kpa,hg0277,100.89171600341797,93.34668128962309
HistGB,99,0,glass_adhesion_kpa,hg0278,91.04033660888672,92.61458626862652
HistGB,99,0,glass_adhesion_kpa,hg0279,127.67162322998047,115.56782077248226
HistGB,99,0,glass_adhesion_kpa,hg0280,117.31068420410156,177.1264745526796
HistGB,99,0,glass_adhesion_kpa,hg0281,155.07431030273438,142.00969818958566
HistGB,99,0,glass_adhesion_kpa,hg0282,74.50814056396484,120.86334106424378
HistGB,99,0,glass_adhesion_kpa,hg0283,101.62773895263672,162.23205309697235
HistGB,99,0,glass_adhesion_kpa,hg0284,75.13092803955078,68.53913228026816
HistGB,99,0,glass_adhesion_kpa,hg0285,245.0955352783203,270.02551487396704
HistGB,99,0,glass_adhesion_kpa,hg0286,109.9504623413086,114.77820090034031
HistGB,99,0,glass_adhesion_kpa,hg0287,200.08493041992188,250.80671013003212
HistGB,99,0,glass_adhesion_kpa,hg0288,250.9837188720703,261.76617162327426
HistGB,99,0,glass_adhesion_kpa,hg0289,81.07572174072266,113.92672979721817
HistGB,99,0,glass_adhesion_kpa,hg0290,235.4706268310547,286.97542373560594
HistGB,99,0,glass_adhesion_kpa,hg0291,225.3927764892578,274.6987736542413
HistGB,99,0,glass_adhesion_kpa,hg0334,206.6525115966797,265.2102449059556
HistGB,99,0,glass_adhesion_kpa,hg0335,193.57395935058594,151.66188735587306
HistGB,99,0,glass_adhesion_kpa,hg0336,62.22222137451172,127.10058612747947
HistGB,99,0,glass_adhesion_kpa,hg0337,147.99716186523438,135.7658982439887
HistGB,99,0,glass_adhesion_kpa,hg0338,229.75230407714844,281.9045952214472
HistGB,99,0,glass_adhesion_kpa,hg0339,232.0736083984375,280.6191537913579
HistGB,99,0,glass_adhesion_kpa,hg0340,199.1224365234375,200.88907931928983
MLP,99,0,glass_adhesion_kpa,hg0274,101.34465789794922,189.2845916748047
MLP,99,0,glass_adhesion_kpa,hg0275,229.6956787109375,228.3536834716797
MLP,99,0,glass_adhesion_kpa,hg0276,160.2830810546875,131.2652587890625
MLP,99,0,glass_adhesion_kpa,hg0277,100.89171600341797,89.86536407470703
MLP,99,0,glass_adhesion_kpa,hg0278,91.04033660888672,37.4901123046875
MLP,99,0,glass_adhesion_kpa,hg0279,127.67162322998047,121.44740295410156
MLP,99,0,glass_adhesion_kpa,hg0280,117.31068420410156,206.09226989746094
MLP,99,0,glass_adhesion_kpa,hg0281,155.07431030273438,133.51329040527344
MLP,99,0,glass_adhesion_kpa,hg0282,74.50814056396484,94.55000305175781
MLP,99,0,glass_adhesion_kpa,hg0283,101.62773895263672,191.1603240966797
MLP,99,0,glass_adhesion_kpa,hg0284,75.13092803955078,141.37257385253906
MLP,99,0,glass_adhesion_kpa,hg0285,245.0955352783203,226.2779083251953
MLP,99,0,glass_adhesion_kpa,hg0286,109.9504623413086,123.58393859863281
MLP,99,0,glass_adhesion_kpa,hg0287,200.08493041992188,228.6939239501953
MLP,99,0,glass_adhesion_kpa,hg0288,250.9837188720703,224.71714782714844
MLP,99,0,glass_adhesion_kpa,hg0289,81.07572174072266,116.70814514160156
MLP,99,0,glass_adhesion_kpa,hg0290,235.4706268310547,227.33009338378906
MLP,99,0,glass_adhesion_kpa,hg0291,225.3927764892578,229.20162963867188
MLP,99,0,glass_adhesion_kpa,hg0334,206.6525115966797,228.35926818847656
MLP,99,0,glass_adhesion_kpa,hg0335,193.57395935058594,164.04649353027344
MLP,99,0,glass_adhesion_kpa,hg0336,62.22222137451172,179.3594970703125
MLP,99,0,glass_adhesion_kpa,hg0337,147.99716186523438,132.3136444091797
MLP,99,0,glass_adhesion_kpa,hg0338,229.75230407714844,228.4499969482422
MLP,99,0,glass_adhesion_kpa,hg0339,232.0736083984375,225.26719665527344
MLP,99,0,glass_adhesion_kpa,hg0340,199.1224365234375,230.4930877685547
Mean,99,1,glass_adhesion_kpa,hg0274,101.34465789794922,92.46114349365234
Mean,99,1,glass_adhesion_kpa,hg0275,229.6956787109375,92.46114349365234
Mean,99,1,glass_adhesion_kpa,hg0276,160.2830810546875,92.46114349365234
Mean,99,1,glass_adhesion_kpa,hg0277,100.89171600341797,92.46114349365234
Mean,99,1,glass_adhesion_kpa,hg0278,91.04033660888672,92.46114349365234
Mean,99,1,glass_adhesion_kpa,hg0279,127.67162322998047,92.46114349365234
Mean,99,1,glass_adhesion_kpa,hg0280,117.31068420410156,92.46114349365234
Mean,99,1,glass_adhesion_kpa,hg0281,155.07431030273438,92.46114349365234
Mean,99,1,glass_adhesion_kpa,hg0282,74.50814056396484,92.46114349365234
Mean,99,1,glass_adhesion_kpa,hg0283,101.62773895263672,92.46114349365234
Mean,99,1,glass_adhesion_kpa,hg0284,75.13092803955078,92.46114349365234
Mean,99,1,glass_adhesion_kpa,hg0285,245.0955352783203,92.46114349365234
Mean,99,1,glass_adhesion_kpa,hg0286,109.9504623413086,92.46114349365234
Mean,99,1,glass_adhesion_kpa,hg0287,200.08493041992188,92.46114349365234
Mean,99,1,glass_adhesion_kpa,hg0288,250.9837188720703,92.46114349365234
Mean,99,1,glass_adhesion_kpa,hg0289,81.07572174072266,92.46114349365234
Mean,99,1,glass_adhesion_kpa,hg0290,235.4706268310547,92.46114349365234
Mean,99,1,glass_adhesion_kpa,hg0291,225.3927764892578,92.46114349365234
Mean,99,1,glass_adhesion_kpa,hg0334,206.6525115966797,92.46114349365234
Mean,99,1,glass_adhesion_kpa,hg0335,193.57395935058594,92.46114349365234
Mean,99,1,glass_adhesion_kpa,hg0336,62.22222137451172,92.46114349365234
Mean,99,1,glass_adhesion_kpa,hg0337,147.99716186523438,92.46114349365234
Mean,99,1,glass_adhesion_kpa,hg0338,229.75230407714844,92.46114349365234
Mean,99,1,glass_adhesion_kpa,hg0339,232.0736083984375,92.46114349365234
Mean,99,1,glass_adhesion_kpa,hg0340,199.1224365234375,92.46114349365234
Ridge,99,1,glass_adhesion_kpa,hg0274,101.34465789794922,173.81549072265625
Ridge,99,1,glass_adhesion_kpa,hg0275,229.6956787109375,223.82412719726562
Ridge,99,1,glass_adhesion_kpa,hg0276,160.2830810546875,128.73655700683594
Ridge,99,1,glass_adhesion_kpa,hg0277,100.89171600341797,93.76582336425781
Ridge,99,1,glass_adhesion_kpa,hg0278,91.04033660888672,51.388607025146484
Ridge,99,1,glass_adhesion_kpa,hg0279,127.67162322998047,148.18515014648438
Ridge,99,1,glass_adhesion_kpa,hg0280,117.31068420410156,197.83026123046875
Ridge,99,1,glass_adhesion_kpa,hg0281,155.07431030273438,142.8934326171875
Ridge,99,1,glass_adhesion_kpa,hg0282,74.50814056396484,117.55416870117188
Ridge,99,1,glass_adhesion_kpa,hg0283,101.62773895263672,176.2626190185547
Ridge,99,1,glass_adhesion_kpa,hg0284,75.13092803955078,84.98370361328125
Ridge,99,1,glass_adhesion_kpa,hg0285,245.0955352783203,225.44546508789062
Ridge,99,1,glass_adhesion_kpa,hg0286,109.9504623413086,112.56271362304688
Ridge,99,1,glass_adhesion_kpa,hg0287,200.08493041992188,224.38577270507812
Ridge,99,1,glass_adhesion_kpa,hg0288,250.9837188720703,226.7791748046875
Ridge,99,1,glass_adhesion_kpa,hg0289,81.07572174072266,139.3155975341797
Ridge,99,1,glass_adhesion_kpa,hg0290,235.4706268310547,225.3726806640625
Ridge,99,1,glass_adhesion_kpa,hg0291,225.3927764892578,223.1878662109375
Ridge,99,1,glass_adhesion_kpa,hg0334,206.6525115966797,221.41384887695312
Ridge,99,1,glass_adhesion_kpa,hg0335,193.57395935058594,170.9923858642578
Ridge,99,1,glass_adhesion_kpa,hg0336,62.22222137451172,141.35458374023438
Ridge,99,1,glass_adhesion_kpa,hg0337,147.99716186523438,133.29273986816406
Ridge,99,1,glass_adhesion_kpa,hg0338,229.75230407714844,223.6429443359375
Ridge,99,1,glass_adhesion_kpa,hg0339,232.0736083984375,225.82794189453125
Ridge,99,1,glass_adhesion_kpa,hg0340,199.1224365234375,211.0863037109375
ElasticNet,99,1,glass_adhesion_kpa,hg0274,101.34465789794922,173.81085205078125
ElasticNet,99,1,glass_adhesion_kpa,hg0275,229.6956787109375,223.82760620117188
ElasticNet,99,1,glass_adhesion_kpa,hg0276,160.2830810546875,128.7747802734375
ElasticNet,99,1,glass_adhesion_kpa,hg0277,100.89171600341797,93.77731323242188
ElasticNet,99,1,glass_adhesion_kpa,hg0278,91.04033660888672,51.39789962768555
ElasticNet,99,1,glass_adhesion_kpa,hg0279,127.67162322998047,148.20623779296875
ElasticNet,99,1,glass_adhesion_kpa,hg0280,117.31068420410156,197.85293579101562
ElasticNet,99,1,glass_adhesion_kpa,hg0281,155.07431030273438,142.942138671875
ElasticNet,99,1,glass_adhesion_kpa,hg0282,74.50814056396484,117.5787353515625
ElasticNet,99,1,glass_adhesion_kpa,hg0283,101.62773895263672,176.25823974609375
ElasticNet,99,1,glass_adhesion_kpa,hg0284,75.13092803955078,84.96947479248047
ElasticNet,99,1,glass_adhesion_kpa,hg0285,245.0955352783203,225.4549560546875
ElasticNet,99,1,glass_adhesion_kpa,hg0286,109.9504623413086,112.59698486328125
ElasticNet,99,1,glass_adhesion_kpa,hg0287,200.08493041992188,224.370361328125
ElasticNet,99,1,glass_adhesion_kpa,hg0288,250.9837188720703,226.78759765625
ElasticNet,99,1,glass_adhesion_kpa,hg0289,81.07572174072266,139.33352661132812
ElasticNet,99,1,glass_adhesion_kpa,hg0290,235.4706268310547,225.37481689453125
ElasticNet,99,1,glass_adhesion_kpa,hg0291,225.3927764892578,223.182373046875
ElasticNet,99,1,glass_adhesion_kpa,hg0334,206.6525115966797,221.42404174804688
ElasticNet,99,1,glass_adhesion_kpa,hg0335,193.57395935058594,171.04010009765625
ElasticNet,99,1,glass_adhesion_kpa,hg0336,62.22222137451172,141.2397003173828
ElasticNet,99,1,glass_adhesion_kpa,hg0337,147.99716186523438,133.2852783203125
ElasticNet,99,1,glass_adhesion_kpa,hg0338,229.75230407714844,223.64639282226562
ElasticNet,99,1,glass_adhesion_kpa,hg0339,232.0736083984375,225.8397216796875
ElasticNet,99,1,glass_adhesion_kpa,hg0340,199.1224365234375,211.0393524169922
KNN,99,1,glass_adhesion_kpa,hg0274,101.34465789794922,172.34191535025423
KNN,99,1,glass_adhesion_kpa,hg0275,229.6956787109375,276.39007038549477
KNN,99,1,glass_adhesion_kpa,hg0276,160.2830810546875,126.91902440007223
KNN,99,1,glass_adhesion_kpa,hg0277,100.89171600341797,92.69944129832625
KNN,99,1,glass_adhesion_kpa,hg0278,91.04033660888672,95.07393119983634
KNN,99,1,glass_adhesion_kpa,hg0279,127.67162322998047,137.66791946170838
KNN,99,1,glass_adhesion_kpa,hg0280,117.31068420410156,205.3999818435906
KNN,99,1,glass_adhesion_kpa,hg0281,155.07431030273438,133.3574072901656
KNN,99,1,glass_adhesion_kpa,hg0282,74.50814056396484,123.27081466292817
KNN,99,1,glass_adhesion_kpa,hg0283,101.62773895263672,178.61891714306142
KNN,99,1,glass_adhesion_kpa,hg0284,75.13092803955078,85.82259378214515
KNN,99,1,glass_adhesion_kpa,hg0285,245.0955352783203,259.7524307914518
KNN,99,1,glass_adhesion_kpa,hg0286,109.9504623413086,121.26343855673633
KNN,99,1,glass_adhesion_kpa,hg0287,200.08493041992188,251.80775665265614
KNN,99,1,glass_adhesion_kpa,hg0288,250.9837188720703,265.281368180974
KNN,99,1,glass_adhesion_kpa,hg0289,81.07572174072266,92.66495027678546
KNN,99,1,glass_adhesion_kpa,hg0290,235.4706268310547,274.5518051926145
KNN,99,1,glass_adhesion_kpa,hg0291,225.3927764892578,271.22092716803655
KNN,99,1,glass_adhesion_kpa,hg0334,206.6525115966797,279.3924601796069
KNN,99,1,glass_adhesion_kpa,hg0335,193.57395935058594,155.1005886352154
KNN,99,1,glass_adhesion_kpa,hg0336,62.22222137451172,163.92448012669138
KNN,99,1,glass_adhesion_kpa,hg0337,147.99716186523438,154.54049807227372
KNN,99,1,glass_adhesion_kpa,hg0338,229.75230407714844,276.8278542925002
KNN,99,1,glass_adhesion_kpa,hg0339,232.0736083984375,255.04149964637298
KNN,99,1,glass_adhesion_kpa,hg0340,199.1224365234375,248.28552483131742
SVR-RBF,99,1,glass_adhesion_kpa,hg0274,101.34465789794922,129.91219402748015
SVR-RBF,99,1,glass_adhesion_kpa,hg0275,229.6956787109375,223.79563634285017
SVR-RBF,99,1,glass_adhesion_kpa,hg0276,160.2830810546875,113.89779680755987
SVR-RBF,99,1,glass_adhesion_kpa,hg0277,100.89171600341797,58.5677497222615
SVR-RBF,99,1,glass_adhesion_kpa,hg0278,91.04033660888672,71.25683586612337
SVR-RBF,99,1,glass_adhesion_kpa,hg0279,127.67162322998047,84.70288789571484
SVR-RBF,99,1,glass_adhesion_kpa,hg0280,117.31068420410156,191.51993482201635
SVR-RBF,99,1,glass_adhesion_kpa,hg0281,155.07431030273438,138.46300726961323
SVR-RBF,99,1,glass_adhesion_kpa,hg0282,74.50814056396484,106.84945689136903
SVR-RBF,99,1,glass_adhesion_kpa,hg0283,101.62773895263672,132.99854245834206
SVR-RBF,99,1,glass_adhesion_kpa,hg0284,75.13092803955078,57.65781751639519
SVR-RBF,99,1,glass_adhesion_kpa,hg0285,245.0955352783203,224.7563714431405
SVR-RBF,99,1,glass_adhesion_kpa,hg0286,109.9504623413086,95.14273182354287
SVR-RBF,99,1,glass_adhesion_kpa,hg0287,200.08493041992188,213.96594456579078
SVR-RBF,99,1,glass_adhesion_kpa,hg0288,250.9837188720703,222.3066633651772
SVR-RBF,99,1,glass_adhesion_kpa,hg0289,81.07572174072266,81.39294175469448
SVR-RBF,99,1,glass_adhesion_kpa,hg0290,235.4706268310547,222.57474242036233
SVR-RBF,99,1,glass_adhesion_kpa,hg0291,225.3927764892578,220.70261625123135
SVR-RBF,99,1,glass_adhesion_kpa,hg0334,206.6525115966797,223.0986053688885
SVR-RBF,99,1,glass_adhesion_kpa,hg0335,193.57395935058594,162.8360392549971
SVR-RBF,99,1,glass_adhesion_kpa,hg0336,62.22222137451172,135.25646272754716
SVR-RBF,99,1,glass_adhesion_kpa,hg0337,147.99716186523438,129.22578429864163
SVR-RBF,99,1,glass_adhesion_kpa,hg0338,229.75230407714844,223.7687799314533
SVR-RBF,99,1,glass_adhesion_kpa,hg0339,232.0736083984375,224.55795625969597
SVR-RBF,99,1,glass_adhesion_kpa,hg0340,199.1224365234375,202.40430698666023
RandomForest,99,1,glass_adhesion_kpa,hg0274,101.34465789794922,182.4721263813067
RandomForest,99,1,glass_adhesion_kpa,hg0275,229.6956787109375,276.1990557465372
RandomForest,99,1,glass_adhesion_kpa,hg0276,160.2830810546875,134.34061884246296
RandomForest,99,1,glass_adhesion_kpa,hg0277,100.89171600341797,88.92242889374117
RandomForest,99,1,glass_adhesion_kpa,hg0278,91.04033660888672,84.07944390894491
RandomForest,99,1,glass_adhesion_kpa,hg0279,127.67162322998047,117.04515915399865
RandomForest,99,1,glass_adhesion_kpa,hg0280,117.31068420410156,177.86557174875767
RandomForest,99,1,glass_adhesion_kpa,hg0281,155.07431030273438,141.32616873511785
RandomForest,99,1,glass_adhesion_kpa,hg0282,74.50814056396484,114.97540936711468
RandomForest,99,1,glass_adhesion_kpa,hg0283,101.62773895263672,182.79032896983472
RandomForest,99,1,glass_adhesion_kpa,hg0284,75.13092803955078,77.71904649130906
RandomForest,99,1,glass_adhesion_kpa,hg0285,245.0955352783203,236.52291705940343
RandomForest,99,1,glass_adhesion_kpa,hg0286,109.9504623413086,112.07159675948228
RandomForest,99,1,glass_adhesion_kpa,hg0287,200.08493041992188,252.26240755877916
RandomForest,99,1,glass_adhesion_kpa,hg0288,250.9837188720703,239.06380776996855
RandomForest,99,1,glass_adhesion_kpa,hg0289,81.07572174072266,113.15061754154253
RandomForest,99,1,glass_adhesion_kpa,hg0290,235.4706268310547,268.52520911784114
RandomForest,99,1,glass_adhesion_kpa,hg0291,225.3927764892578,265.54822916441327
RandomForest,99,1,glass_adhesion_kpa,hg0334,206.6525115966797,276.86333804553067
RandomForest,99,1,glass_adhesion_kpa,hg0335,193.57395935058594,137.15513233715976
RandomForest,99,1,glass_adhesion_kpa,hg0336,62.22222137451172,151.2845468741429
RandomForest,99,1,glass_adhesion_kpa,hg0337,147.99716186523438,158.73292365858828
RandomForest,99,1,glass_adhesion_kpa,hg0338,229.75230407714844,275.12440566050856
RandomForest,99,1,glass_adhesion_kpa,hg0339,232.0736083984375,233.17971215549903
RandomForest,99,1,glass_adhesion_kpa,hg0340,199.1224365234375,214.56959565319593
HistGB,99,1,glass_adhesion_kpa,hg0274,101.34465789794922,175.11658734002697
HistGB,99,1,glass_adhesion_kpa,hg0275,229.6956787109375,287.7375847107066
HistGB,99,1,glass_adhesion_kpa,hg0276,160.2830810546875,138.30247844245454
HistGB,99,1,glass_adhesion_kpa,hg0277,100.89171600341797,85.72667411240216
HistGB,99,1,glass_adhesion_kpa,hg0278,91.04033660888672,76.8457053884314
HistGB,99,1,glass_adhesion_kpa,hg0279,127.67162322998047,126.42680884747573
HistGB,99,1,glass_adhesion_kpa,hg0280,117.31068420410156,187.65126288074288
HistGB,99,1,glass_adhesion_kpa,hg0281,155.07431030273438,139.664442919005
HistGB,99,1,glass_adhesion_kpa,hg0282,74.50814056396484,139.597755661321
HistGB,99,1,glass_adhesion_kpa,hg0283,101.62773895263672,184.79178062606417
HistGB,99,1,glass_adhesion_kpa,hg0284,75.13092803955078,64.00056896919884
HistGB,99,1,glass_adhesion_kpa,hg0285,245.0955352783203,251.12924656443766
HistGB,99,1,glass_adhesion_kpa,hg0286,109.9504623413086,132.2002329101622
HistGB,99,1,glass_adhesion_kpa,hg0287,200.08493041992188,224.01856229652967
HistGB,99,1,glass_adhesion_kpa,hg0288,250.9837188720703,263.0793990071234
HistGB,99,1,glass_adhesion_kpa,hg0289,81.07572174072266,115.18979220981805
HistGB,99,1,glass_adhesion_kpa,hg0290,235.4706268310547,261.05847840122595
HistGB,99,1,glass_adhesion_kpa,hg0291,225.3927764892578,246.2744923222351
HistGB,99,1,glass_adhesion_kpa,hg0334,206.6525115966797,259.0451159316554
HistGB,99,1,glass_adhesion_kpa,hg0335,193.57395935058594,136.29601740488488
HistGB,99,1,glass_adhesion_kpa,hg0336,62.22222137451172,149.91592136016502
HistGB,99,1,glass_adhesion_kpa,hg0337,147.99716186523438,154.8113784993455
HistGB,99,1,glass_adhesion_kpa,hg0338,229.75230407714844,287.91932301623825
HistGB,99,1,glass_adhesion_kpa,hg0339,232.0736083984375,256.3305401167476
HistGB,99,1,glass_adhesion_kpa,hg0340,199.1224365234375,191.7143766241716
MLP,99,1,glass_adhesion_kpa,hg0274,101.34465789794922,166.6703338623047
MLP,99,1,glass_adhesion_kpa,hg0275,229.6956787109375,225.68052673339844
MLP,99,1,glass_adhesion_kpa,hg0276,160.2830810546875,113.4137954711914
MLP,99,1,glass_adhesion_kpa,hg0277,100.89171600341797,88.84535217285156
MLP,99,1,glass_adhesion_kpa,hg0278,91.04033660888672,45.564388275146484
MLP,99,1,glass_adhesion_kpa,hg0279,127.67162322998047,125.91796112060547
MLP,99,1,glass_adhesion_kpa,hg0280,117.31068420410156,191.3306427001953
MLP,99,1,glass_adhesion_kpa,hg0281,155.07431030273438,119.24185943603516
MLP,99,1,glass_adhesion_kpa,hg0282,74.50814056396484,85.54725646972656
MLP,99,1,glass_adhesion_kpa,hg0283,101.62773895263672,168.88441467285156
MLP,99,1,glass_adhesion_kpa,hg0284,75.13092803955078,117.50415802001953
MLP,99,1,glass_adhesion_kpa,hg0285,245.0955352783203,223.82240295410156
MLP,99,1,glass_adhesion_kpa,hg0286,109.9504623413086,107.1148910522461
MLP,99,1,glass_adhesion_kpa,hg0287,200.08493041992188,227.37574768066406
MLP,99,1,glass_adhesion_kpa,hg0288,250.9837188720703,222.68080139160156
MLP,99,1,glass_adhesion_kpa,hg0289,81.07572174072266,120.88988494873047
MLP,99,1,glass_adhesion_kpa,hg0290,235.4706268310547,225.23854064941406
MLP,99,1,glass_adhesion_kpa,hg0291,225.3927764892578,226.85951232910156
MLP,99,1,glass_adhesion_kpa,hg0334,206.6525115966797,224.6712646484375
MLP,99,1,glass_adhesion_kpa,hg0335,193.57395935058594,154.2875518798828
MLP,99,1,glass_adhesion_kpa,hg0336,62.22222137451172,156.4972686767578
MLP,99,1,glass_adhesion_kpa,hg0337,147.99716186523438,126.3766098022461
MLP,99,1,glass_adhesion_kpa,hg0338,229.75230407714844,225.7185516357422
MLP,99,1,glass_adhesion_kpa,hg0339,232.0736083984375,222.7736053466797
MLP,99,1,glass_adhesion_kpa,hg0340,199.1224365234375,227.0877227783203
Mean,99,2,glass_adhesion_kpa,hg0274,101.34465789794922,93.5370864868164
Mean,99,2,glass_adhesion_kpa,hg0275,229.6956787109375,93.5370864868164
Mean,99,2,glass_adhesion_kpa,hg0276,160.2830810546875,93.5370864868164
Mean,99,2,glass_adhesion_kpa,hg0277,100.89171600341797,93.5370864868164
Mean,99,2,glass_adhesion_kpa,hg0278,91.04033660888672,93.5370864868164
Mean,99,2,glass_adhesion_kpa,hg0279,127.67162322998047,93.5370864868164
Mean,99,2,glass_adhesion_kpa,hg0280,117.31068420410156,93.5370864868164
Mean,99,2,glass_adhesion_kpa,hg0281,155.07431030273438,93.5370864868164
Mean,99,2,glass_adhesion_kpa,hg0282,74.50814056396484,93.5370864868164
Mean,99,2,glass_adhesion_kpa,hg0283,101.62773895263672,93.5370864868164
Mean,99,2,glass_adhesion_kpa,hg0284,75.13092803955078,93.5370864868164
Mean,99,2,glass_adhesion_kpa,hg0285,245.0955352783203,93.5370864868164
Mean,99,2,glass_adhesion_kpa,hg0286,109.9504623413086,93.5370864868164
Mean,99,2,glass_adhesion_kpa,hg0287,200.08493041992188,93.5370864868164
Mean,99,2,glass_adhesion_kpa,hg0288,250.9837188720703,93.5370864868164
Mean,99,2,glass_adhesion_kpa,hg0289,81.07572174072266,93.5370864868164
Mean,99,2,glass_adhesion_kpa,hg0290,235.4706268310547,93.5370864868164
Mean,99,2,glass_adhesion_kpa,hg0291,225.3927764892578,93.5370864868164
Mean,99,2,glass_adhesion_kpa,hg0334,206.6525115966797,93.5370864868164
Mean,99,2,glass_adhesion_kpa,hg0335,193.57395935058594,93.5370864868164
Mean,99,2,glass_adhesion_kpa,hg0336,62.22222137451172,93.5370864868164
Mean,99,2,glass_adhesion_kpa,hg0337,147.99716186523438,93.5370864868164
Mean,99,2,glass_adhesion_kpa,hg0338,229.75230407714844,93.5370864868164
Mean,99,2,glass_adhesion_kpa,hg0339,232.0736083984375,93.5370864868164
Mean,99,2,glass_adhesion_kpa,hg0340,199.1224365234375,93.5370864868164
Ridge,99,2,glass_adhesion_kpa,hg0274,101.34465789794922,174.3681640625
Ridge,99,2,glass_adhesion_kpa,hg0275,229.6956787109375,220.29150390625
Ridge,99,2,glass_adhesion_kpa,hg0276,160.2830810546875,132.7801055908203
Ridge,99,2,glass_adhesion_kpa,hg0277,100.89171600341797,65.15892028808594
Ridge,99,2,glass_adhesion_kpa,hg0278,91.04033660888672,67.39120483398438
Ridge,99,2,glass_adhesion_kpa,hg0279,127.67162322998047,132.4510498046875
Ridge,99,2,glass_adhesion_kpa,hg0280,117.31068420410156,194.37167358398438
Ridge,99,2,glass_adhesion_kpa,hg0281,155.07431030273438,142.20785522460938
Ridge,99,2,glass_adhesion_kpa,hg0282,74.50814056396484,111.41178894042969
Ridge,99,2,glass_adhesion_kpa,hg0283,101.62773895263672,176.51988220214844
Ridge,99,2,glass_adhesion_kpa,hg0284,75.13092803955078,103.37797546386719
Ridge,99,2,glass_adhesion_kpa,hg0285,245.0955352783203,218.11056518554688
Ridge,99,2,glass_adhesion_kpa,hg0286,109.9504623413086,120.91716003417969
Ridge,99,2,glass_adhesion_kpa,hg0287,200.08493041992188,224.64404296875
Ridge,99,2,glass_adhesion_kpa,hg0288,250.9837188720703,217.67218017578125
Ridge,99,2,glass_adhesion_kpa,hg0289,81.07572174072266,129.11004638671875
Ridge,99,2,glass_adhesion_kpa,hg0290,235.4706268310547,220.4947509765625
Ridge,99,2,glass_adhesion_kpa,hg0291,225.3927764892578,222.4403076171875
Ridge,99,2,glass_adhesion_kpa,hg0334,206.6525115966797,217.9832000732422
Ridge,99,2,glass_adhesion_kpa,hg0335,193.57395935058594,162.0657958984375
Ridge,99,2,glass_adhesion_kpa,hg0336,62.22222137451172,169.41171264648438
Ridge,99,2,glass_adhesion_kpa,hg0337,147.99716186523438,146.68936157226562
Ridge,99,2,glass_adhesion_kpa,hg0338,229.75230407714844,220.29071044921875
Ridge,99,2,glass_adhesion_kpa,hg0339,232.0736083984375,216.8743896484375
Ridge,99,2,glass_adhesion_kpa,hg0340,199.1224365234375,225.00955200195312
ElasticNet,99,2,glass_adhesion_kpa,hg0274,101.34465789794922,173.63619995117188
ElasticNet,99,2,glass_adhesion_kpa,hg0275,229.6956787109375,216.06869506835938
ElasticNet,99,2,glass_adhesion_kpa,hg0276,160.2830810546875,131.74713134765625
ElasticNet,99,2,glass_adhesion_kpa,hg0277,100.89171600341797,69.54916381835938
ElasticNet,99,2,glass_adhesion_kpa,hg0278,91.04033660888672,70.80752563476562
ElasticNet,99,2,glass_adhesion_kpa,hg0279,127.67162322998047,134.42041015625
ElasticNet,99,2,glass_adhesion_kpa,hg0280,117.31068420410156,192.617919921875
ElasticNet,99,2,glass_adhesion_kpa,hg0281,155.07431030273438,141.30133056640625
ElasticNet,99,2,glass_adhesion_kpa,hg0282,74.50814056396484,111.86210632324219
ElasticNet,99,2,glass_adhesion_kpa,hg0283,101.62773895263672,175.62548828125
ElasticNet,99,2,glass_adhesion_kpa,hg0284,75.13092803955078,106.36477661132812
ElasticNet,99,2,glass_adhesion_kpa,hg0285,245.0955352783203,213.90460205078125
ElasticNet,99,2,glass_adhesion_kpa,hg0286,109.9504623413086,119.68365478515625
ElasticNet,99,2,glass_adhesion_kpa,hg0287,200.08493041992188,219.4943389892578
ElasticNet,99,2,glass_adhesion_kpa,hg0288,250.9837188720703,213.166259765625
ElasticNet,99,2,glass_adhesion_kpa,hg0289,81.07572174072266,130.75013732910156
ElasticNet,99,2,glass_adhesion_kpa,hg0290,235.4706268310547,215.99600219726562
ElasticNet,99,2,glass_adhesion_kpa,hg0291,225.3927764892578,217.87896728515625
ElasticNet,99,2,glass_adhesion_kpa,hg0334,206.6525115966797,214.35760498046875
ElasticNet,99,2,glass_adhesion_kpa,hg0335,193.57395935058594,163.32369995117188
ElasticNet,99,2,glass_adhesion_kpa,hg0336,62.22222137451172,169.39414978027344
ElasticNet,99,2,glass_adhesion_kpa,hg0337,147.99716186523438,144.72303771972656
ElasticNet,99,2,glass_adhesion_kpa,hg0338,229.75230407714844,216.0892333984375
ElasticNet,99,2,glass_adhesion_kpa,hg0339,232.0736083984375,212.67205810546875
ElasticNet,99,2,glass_adhesion_kpa,hg0340,199.1224365234375,219.46185302734375
KNN,99,2,glass_adhesion_kpa,hg0274,101.34465789794922,169.26579309236976
KNN,99,2,glass_adhesion_kpa,hg0275,229.6956787109375,277.7660519494479
KNN,99,2,glass_adhesion_kpa,hg0276,160.2830810546875,127.8182805686112
KNN,99,2,glass_adhesion_kpa,hg0277,100.89171600341797,87.91096625358449
KNN,99,2,glass_adhesion_kpa,hg0278,91.04033660888672,97.35072650832197
KNN,99,2,glass_adhesion_kpa,hg0279,127.67162322998047,127.42432567171306
KNN,99,2,glass_adhesion_kpa,hg0280,117.31068420410156,206.03868577507512
KNN,99,2,glass_adhesion_kpa,hg0281,155.07431030273438,136.58928481974243
KNN,99,2,glass_adhesion_kpa,hg0282,74.50814056396484,101.46636155139689
KNN,99,2,glass_adhesion_kpa,hg0283,101.62773895263672,170.46407960313252
KNN,99,2,glass_adhesion_kpa,hg0284,75.13092803955078,92.14750099266287
KNN,99,2,glass_adhesion_kpa,hg0285,245.0955352783203,272.3314307506166
KNN,99,2,glass_adhesion_kpa,hg0286,109.9504623413086,108.27541243853071
KNN,99,2,glass_adhesion_kpa,hg0287,200.08493041992188,251.5431208701575
KNN,99,2,glass_adhesion_kpa,hg0288,250.9837188720703,275.82251469193795
KNN,99,2,glass_adhesion_kpa,hg0289,81.07572174072266,93.10982311201501
KNN,99,2,glass_adhesion_kpa,hg0290,235.4706268310547,280.4307452153464
KNN,99,2,glass_adhesion_kpa,hg0291,225.3927764892578,268.09503610276846
KNN,99,2,glass_adhesion_kpa,hg0334,206.6525115966797,282.86508405703376
KNN,99,2,glass_adhesion_kpa,hg0335,193.57395935058594,159.08089269755777
KNN,99,2,glass_adhesion_kpa,hg0336,62.22222137451172,169.36817991531296
KNN,99,2,glass_adhesion_kpa,hg0337,147.99716186523438,181.55676393409829
KNN,99,2,glass_adhesion_kpa,hg0338,229.75230407714844,279.0091996112948
KNN,99,2,glass_adhesion_kpa,hg0339,232.0736083984375,268.01635665757897
KNN,99,2,glass_adhesion_kpa,hg0340,199.1224365234375,255.1670627970623
SVR-RBF,99,2,glass_adhesion_kpa,hg0274,101.34465789794922,172.17361159306495
SVR-RBF,99,2,glass_adhesion_kpa,hg0275,229.6956787109375,246.3967131939668
SVR-RBF,99,2,glass_adhesion_kpa,hg0276,160.2830810546875,99.0317306055463
SVR-RBF,99,2,glass_adhesion_kpa,hg0277,100.89171600341797,91.77485354667601
SVR-RBF,99,2,glass_adhesion_kpa,hg0278,91.04033660888672,69.36968666640989
SVR-RBF,99,2,glass_adhesion_kpa,hg0279,127.67162322998047,90.38368694213757
SVR-RBF,99,2,glass_adhesion_kpa,hg0280,117.31068420410156,209.13616270356442
SVR-RBF,99,2,glass_adhesion_kpa,hg0281,155.07431030273438,130.82396081161272
SVR-RBF,99,2,glass_adhesion_kpa,hg0282,74.50814056396484,106.08859642512031
SVR-RBF,99,2,glass_adhesion_kpa,hg0283,101.62773895263672,175.5905407197564
SVR-RBF,99,2,glass_adhesion_kpa,hg0284,75.13092803955078,59.96731791504553
SVR-RBF,99,2,glass_adhesion_kpa,hg0285,245.0955352783203,244.542628817906
SVR-RBF,99,2,glass_adhesion_kpa,hg0286,109.9504623413086,73.95705664188081
SVR-RBF,99,2,glass_adhesion_kpa,hg0287,200.08493041992188,241.2595797898256
SVR-RBF,99,2,glass_adhesion_kpa,hg0288,250.9837188720703,241.0522690392443
SVR-RBF,99,2,glass_adhesion_kpa,hg0289,81.07572174072266,85.68476887861979
SVR-RBF,99,2,glass_adhesion_kpa,hg0290,235.4706268310547,245.22430712189313
SVR-RBF,99,2,glass_adhesion_kpa,hg0291,225.3927764892578,245.59779684160335
SVR-RBF,99,2,glass_adhesion_kpa,hg0334,206.6525115966797,243.26729087359575
SVR-RBF,99,2,glass_adhesion_kpa,hg0335,193.57395935058594,151.42128965189468
SVR-RBF,99,2,glass_adhesion_kpa,hg0336,62.22222137451172,168.70213427992675
SVR-RBF,99,2,glass_adhesion_kpa,hg0337,147.99716186523438,144.05390751720353
SVR-RBF,99,2,glass_adhesion_kpa,hg0338,229.75230407714844,246.37654846468018
SVR-RBF,99,2,glass_adhesion_kpa,hg0339,232.0736083984375,242.57781228329668
SVR-RBF,99,2,glass_adhesion_kpa,hg0340,199.1224365234375,228.77991599658947
RandomForest,99,2,glass_adhesion_kpa,hg0274,101.34465789794922,182.4676692834061
RandomForest,99,2,glass_adhesion_kpa,hg0275,229.6956787109375,289.85381410005834
RandomForest,99,2,glass_adhesion_kpa,hg0276,160.2830810546875,130.98987338091996
RandomForest,99,2,glass_adhesion_kpa,hg0277,100.89171600341797,91.7597171787019
RandomForest,99,2,glass_adhesion_kpa,hg0278,91.04033660888672,95.53694915436627
RandomForest,99,2,glass_adhesion_kpa,hg0279,127.67162322998047,114.70704093385724
RandomForest,99,2,glass_adhesion_kpa,hg0280,117.31068420410156,181.92429234651144
RandomForest,99,2,glass_adhesion_kpa,hg0281,155.07431030273438,135.75037727842616
RandomForest,99,2,glass_adhesion_kpa,hg0282,74.50814056396484,104.25121486678105
RandomForest,99,2,glass_adhesion_kpa,hg0283,101.62773895263672,184.9092032686155
RandomForest,99,2,glass_adhesion_kpa,hg0284,75.13092803955078,96.10810348826848
RandomForest,99,2,glass_adhesion_kpa,hg0285,245.0955352783203,279.5427107578806
RandomForest,99,2,glass_adhesion_kpa,hg0286,109.9504623413086,119.73144074459647
RandomForest,99,2,glass_adhesion_kpa,hg0287,200.08493041992188,248.13960983333516
RandomForest,99,2,glass_adhesion_kpa,hg0288,250.9837188720703,273.7928937561949
RandomForest,99,2,glass_adhesion_kpa,hg0289,81.07572174072266,112.50968158021848
RandomForest,99,2,glass_adhesion_kpa,hg0290,235.4706268310547,278.8027646782693
RandomForest,99,2,glass_adhesion_kpa,hg0291,225.3927764892578,277.8484396059415
RandomForest,99,2,glass_adhesion_kpa,hg0334,206.6525115966797,273.1272712736094
RandomForest,99,2,glass_adhesion_kpa,hg0335,193.57395935058594,133.61578222562312
RandomForest,99,2,glass_adhesion_kpa,hg0336,62.22222137451172,120.1827865073297
RandomForest,99,2,glass_adhesion_kpa,hg0337,147.99716186523438,147.43036217792204
RandomForest,99,2,glass_adhesion_kpa,hg0338,229.75230407714844,290.8308309347889
RandomForest,99,2,glass_adhesion_kpa,hg0339,232.0736083984375,267.9928193253078
RandomForest,99,2,glass_adhesion_kpa,hg0340,199.1224365234375,224.139677119389
HistGB,99,2,glass_adhesion_kpa,hg0274,101.34465789794922,179.00791544066848
HistGB,99,2,glass_adhesion_kpa,hg0275,229.6956787109375,297.575515078902
HistGB,99,2,glass_adhesion_kpa,hg0276,160.2830810546875,126.04387010998683
HistGB,99,2,glass_adhesion_kpa,hg0277,100.89171600341797,101.82517892428886
HistGB,99,2,glass_adhesion_kpa,hg0278,91.04033660888672,102.65142316907898
HistGB,99,2,glass_adhesion_kpa,hg0279,127.67162322998047,108.64794560484168
HistGB,99,2,glass_adhesion_kpa,hg0280,117.31068420410156,169.257748916914
HistGB,99,2,glass_adhesion_kpa,hg0281,155.07431030273438,131.75557929927854
HistGB,99,2,glass_adhesion_kpa,hg0282,74.50814056396484,118.8153451355004
HistGB,99,2,glass_adhesion_kpa,hg0283,101.62773895263672,179.4091709156898
HistGB,99,2,glass_adhesion_kpa,hg0284,75.13092803955078,86.50222434092169
HistGB,99,2,glass_adhesion_kpa,hg0285,245.0955352783203,278.0594636667706
HistGB,99,2,glass_adhesion_kpa,hg0286,109.9504623413086,104.54043692296202
HistGB,99,2,glass_adhesion_kpa,hg0287,200.08493041992188,243.53972569860287
HistGB,99,2,glass_adhesion_kpa,hg0288,250.9837188720703,267.13929945998945
HistGB,99,2,glass_adhesion_kpa,hg0289,81.07572174072266,112.22870578721727
HistGB,99,2,glass_adhesion_kpa,hg0290,235.4706268310547,285.401368607482
HistGB,99,2,glass_adhesion_kpa,hg0291,225.3927764892578,275.90860795117015
HistGB,99,2,glass_adhesion_kpa,hg0334,206.6525115966797,247.38075201859309
HistGB,99,2,glass_adhesion_kpa,hg0335,193.57395935058594,131.64372991914414
HistGB,99,2,glass_adhesion_kpa,hg0336,62.22222137451172,166.93977677290874
HistGB,99,2,glass_adhesion_kpa,hg0337,147.99716186523438,137.45278118940578
HistGB,99,2,glass_adhesion_kpa,hg0338,229.75230407714844,297.575515078902
HistGB,99,2,glass_adhesion_kpa,hg0339,232.0736083984375,263.27913262308164
HistGB,99,2,glass_adhesion_kpa,hg0340,199.1224365234375,240.74121100451904
MLP,99,2,glass_adhesion_kpa,hg0274,101.34465789794922,177.29490661621094
MLP,99,2,glass_adhesion_kpa,hg0275,229.6956787109375,230.40687561035156
MLP,99,2,glass_adhesion_kpa,hg0276,160.2830810546875,125.23472595214844
MLP,99,2,glass_adhesion_kpa,hg0277,100.89171600341797,86.86015319824219
MLP,99,2,glass_adhesion_kpa,hg0278,91.04033660888672,50.22378921508789
MLP,99,2,glass_adhesion_kpa,hg0279,127.67162322998047,118.2434310913086
MLP,99,2,glass_adhesion_kpa,hg0280,117.31068420410156,204.23988342285156
MLP,99,2,glass_adhesion_kpa,hg0281,155.07431030273438,127.87183380126953
MLP,99,2,glass_adhesion_kpa,hg0282,74.50814056396484,90.63482666015625
MLP,99,2,glass_adhesion_kpa,hg0283,101.62773895263672,179.5672607421875
MLP,99,2,glass_adhesion_kpa,hg0284,75.13092803955078,135.6381072998047
MLP,99,2,glass_adhesion_kpa,hg0285,245.0955352783203,227.8494415283203
MLP,99,2,glass_adhesion_kpa,hg0286,109.9504623413086,120.91020202636719
MLP,99,2,glass_adhesion_kpa,hg0287,200.08493041992188,230.7264862060547
MLP,99,2,glass_adhesion_kpa,hg0288,250.9837188720703,225.97265625
MLP,99,2,glass_adhesion_kpa,hg0289,81.07572174072266,110.88235473632812
MLP,99,2,glass_adhesion_kpa,hg0290,235.4706268310547,229.08837890625
MLP,99,2,glass_adhesion_kpa,hg0291,225.3927764892578,231.4486083984375
MLP,99,2,glass_adhesion_kpa,hg0334,206.6525115966797,230.8929901123047
MLP,99,2,glass_adhesion_kpa,hg0335,193.57395935058594,164.14271545410156
MLP,99,2,glass_adhesion_kpa,hg0336,62.22222137451172,163.7510223388672
MLP,99,2,glass_adhesion_kpa,hg0337,147.99716186523438,134.54661560058594
MLP,99,2,glass_adhesion_kpa,hg0338,229.75230407714844,230.5428924560547
MLP,99,2,glass_adhesion_kpa,hg0339,232.0736083984375,226.57464599609375
MLP,99,2,glass_adhesion_kpa,hg0340,199.1224365234375,234.69107055664062
Mean,99,3,glass_adhesion_kpa,hg0274,101.34465789794922,93.03044891357422
Mean,99,3,glass_adhesion_kpa,hg0275,229.6956787109375,93.03044891357422
Mean,99,3,glass_adhesion_kpa,hg0276,160.2830810546875,93.03044891357422
Mean,99,3,glass_adhesion_kpa,hg0277,100.89171600341797,93.03044891357422
Mean,99,3,glass_adhesion_kpa,hg0278,91.04033660888672,93.03044891357422
Mean,99,3,glass_adhesion_kpa,hg0279,127.67162322998047,93.03044891357422
Mean,99,3,glass_adhesion_kpa,hg0280,117.31068420410156,93.03044891357422
Mean,99,3,glass_adhesion_kpa,hg0281,155.07431030273438,93.03044891357422
Mean,99,3,glass_adhesion_kpa,hg0282,74.50814056396484,93.03044891357422
Mean,99,3,glass_adhesion_kpa,hg0283,101.62773895263672,93.03044891357422
Mean,99,3,glass_adhesion_kpa,hg0284,75.13092803955078,93.03044891357422
Mean,99,3,glass_adhesion_kpa,hg0285,245.0955352783203,93.03044891357422
Mean,99,3,glass_adhesion_kpa,hg0286,109.9504623413086,93.03044891357422
Mean,99,3,glass_adhesion_kpa,hg0287,200.08493041992188,93.03044891357422
Mean,99,3,glass_adhesion_kpa,hg0288,250.9837188720703,93.03044891357422
Mean,99,3,glass_adhesion_kpa,hg0289,81.07572174072266,93.03044891357422
Mean,99,3,glass_adhesion_kpa,hg0290,235.4706268310547,93.03044891357422
Mean,99,3,glass_adhesion_kpa,hg0291,225.3927764892578,93.03044891357422
Mean,99,3,glass_adhesion_kpa,hg0334,206.6525115966797,93.03044891357422
Mean,99,3,glass_adhesion_kpa,hg0335,193.57395935058594,93.03044891357422
Mean,99,3,glass_adhesion_kpa,hg0336,62.22222137451172,93.03044891357422
Mean,99,3,glass_adhesion_kpa,hg0337,147.99716186523438,93.03044891357422
Mean,99,3,glass_adhesion_kpa,hg0338,229.75230407714844,93.03044891357422
Mean,99,3,glass_adhesion_kpa,hg0339,232.0736083984375,93.03044891357422
Mean,99,3,glass_adhesion_kpa,hg0340,199.1224365234375,93.03044891357422
Ridge,99,3,glass_adhesion_kpa,hg0274,101.34465789794922,172.26394653320312
Ridge,99,3,glass_adhesion_kpa,hg0275,229.6956787109375,216.33502197265625
Ridge,99,3,glass_adhesion_kpa,hg0276,160.2830810546875,129.71278381347656
Ridge,99,3,glass_adhesion_kpa,hg0277,100.89171600341797,82.71742248535156
Ridge,99,3,glass_adhesion_kpa,hg0278,91.04033660888672,64.2581787109375
Ridge,99,3,glass_adhesion_kpa,hg0279,127.67162322998047,142.06582641601562
Ridge,99,3,glass_adhesion_kpa,hg0280,117.31068420410156,193.78717041015625
Ridge,99,3,glass_adhesion_kpa,hg0281,155.07431030273438,141.62188720703125
Ridge,99,3,glass_adhesion_kpa,hg0282,74.50814056396484,113.93677520751953
Ridge,99,3,glass_adhesion_kpa,hg0283,101.62773895263672,174.3348846435547
Ridge,99,3,glass_adhesion_kpa,hg0284,75.13092803955078,100.13655853271484
Ridge,99,3,glass_adhesion_kpa,hg0285,245.0955352783203,215.5057373046875
Ridge,99,3,glass_adhesion_kpa,hg0286,109.9504623413086,115.8061752319336
Ridge,99,3,glass_adhesion_kpa,hg0287,200.08493041992188,217.55050659179688
Ridge,99,3,glass_adhesion_kpa,hg0288,250.9837188720703,214.87217712402344
Ridge,99,3,glass_adhesion_kpa,hg0289,81.07572174072266,137.39031982421875
Ridge,99,3,glass_adhesion_kpa,hg0290,235.4706268310547,216.29776000976562
Ridge,99,3,glass_adhesion_kpa,hg0291,225.3927764892578,216.94100952148438
Ridge,99,3,glass_adhesion_kpa,hg0334,206.6525115966797,215.24594116210938
Ridge,99,3,glass_adhesion_kpa,hg0335,193.57395935058594,168.18630981445312
Ridge,99,3,glass_adhesion_kpa,hg0336,62.22222137451172,167.77532958984375
Ridge,99,3,glass_adhesion_kpa,hg0337,147.99716186523438,137.4314422607422
Ridge,99,3,glass_adhesion_kpa,hg0338,229.75230407714844,216.32528686523438
Ridge,99,3,glass_adhesion_kpa,hg0339,232.0736083984375,214.91708374023438
Ridge,99,3,glass_adhesion_kpa,hg0340,199.1224365234375,215.0220184326172
ElasticNet,99,3,glass_adhesion_kpa,hg0274,101.34465789794922,169.97833251953125
ElasticNet,99,3,glass_adhesion_kpa,hg0275,229.6956787109375,212.2947998046875
ElasticNet,99,3,glass_adhesion_kpa,hg0276,160.2830810546875,128.29148864746094
ElasticNet,99,3,glass_adhesion_kpa,hg0277,100.89171600341797,76.86920928955078
ElasticNet,99,3,glass_adhesion_kpa,hg0278,91.04033660888672,67.73997497558594
ElasticNet,99,3,glass_adhesion_kpa,hg0279,127.67162322998047,139.0235595703125
ElasticNet,99,3,glass_adhesion_kpa,hg0280,117.31068420410156,190.90451049804688
ElasticNet,99,3,glass_adhesion_kpa,hg0281,155.07431030273438,140.09771728515625
ElasticNet,99,3,glass_adhesion_kpa,hg0282,74.50814056396484,110.95369720458984
ElasticNet,99,3,glass_adhesion_kpa,hg0283,101.62773895263672,171.95262145996094
ElasticNet,99,3,glass_adhesion_kpa,hg0284,75.13092803955078,101.44779205322266
ElasticNet,99,3,glass_adhesion_kpa,hg0285,245.0955352783203,210.8162841796875
ElasticNet,99,3,glass_adhesion_kpa,hg0286,109.9504623413086,114.8201675415039
ElasticNet,99,3,glass_adhesion_kpa,hg0287,200.08493041992188,213.6378173828125
ElasticNet,99,3,glass_adhesion_kpa,hg0288,250.9837188720703,209.80133056640625
ElasticNet,99,3,glass_adhesion_kpa,hg0289,81.07572174072266,135.25335693359375
ElasticNet,99,3,glass_adhesion_kpa,hg0290,235.4706268310547,211.9253692626953
ElasticNet,99,3,glass_adhesion_kpa,hg0291,225.3927764892578,213.1699676513672
ElasticNet,99,3,glass_adhesion_kpa,hg0334,206.6525115966797,211.53810119628906
ElasticNet,99,3,glass_adhesion_kpa,hg0335,193.57395935058594,166.8704833984375
ElasticNet,99,3,glass_adhesion_kpa,hg0336,62.22222137451172,163.62742614746094
ElasticNet,99,3,glass_adhesion_kpa,hg0337,147.99716186523438,138.38119506835938
ElasticNet,99,3,glass_adhesion_kpa,hg0338,229.75230407714844,212.32513427734375
ElasticNet,99,3,glass_adhesion_kpa,hg0339,232.0736083984375,209.92967224121094
ElasticNet,99,3,glass_adhesion_kpa,hg0340,199.1224365234375,212.5436248779297
KNN,99,3,glass_adhesion_kpa,hg0274,101.34465789794922,168.46359948588787
KNN,99,3,glass_adhesion_kpa,hg0275,229.6956787109375,263.42556212162856
KNN,99,3,glass_adhesion_kpa,hg0276,160.2830810546875,110.83139965782259
KNN,99,3,glass_adhesion_kpa,hg0277,100.89171600341797,82.01226565379288
KNN,99,3,glass_adhesion_kpa,hg0278,91.04033660888672,56.40356116030057
KNN,99,3,glass_adhesion_kpa,hg0279,127.67162322998047,96.73092632558759
KNN,99,3,glass_adhesion_kpa,hg0280,117.31068420410156,185.93536254334504
KNN,99,3,glass_adhesion_kpa,hg0281,155.07431030273438,136.607165352359
KNN,99,3,glass_adhesion_kpa,hg0282,74.50814056396484,106.70697652152418
KNN,99,3,glass_adhesion_kpa,hg0283,101.62773895263672,169.57265122835116
KNN,99,3,glass_adhesion_kpa,hg0284,75.13092803955078,80.3191108762272
KNN,99,3,glass_adhesion_kpa,hg0285,245.0955352783203,251.4375490694274
KNN,99,3,glass_adhesion_kpa,hg0286,109.9504623413086,108.86548274874879
KNN,99,3,glass_adhesion_kpa,hg0287,200.08493041992188,251.48917224163267
KNN,99,3,glass_adhesion_kpa,hg0288,250.9837188720703,254.0773256192288
KNN,99,3,glass_adhesion_kpa,hg0289,81.07572174072266,88.57706663042475
KNN,99,3,glass_adhesion_kpa,hg0290,235.4706268310547,261.7464738519216
KNN,99,3,glass_adhesion_kpa,hg0291,225.3927764892578,264.75838376500167
KNN,99,3,glass_adhesion_kpa,hg0334,206.6525115966797,243.17513812310054
KNN,99,3,glass_adhesion_kpa,hg0335,193.57395935058594,166.0474449150281
KNN,99,3,glass_adhesion_kpa,hg0336,62.22222137451172,178.52212796016275
KNN,99,3,glass_adhesion_kpa,hg0337,147.99716186523438,149.2212631874199
KNN,99,3,glass_adhesion_kpa,hg0338,229.75230407714844,263.8436520863561
KNN,99,3,glass_adhesion_kpa,hg0339,232.0736083984375,250.1957903354296
KNN,99,3,glass_adhesion_kpa,hg0340,199.1224365234375,255.85276876321535
SVR-RBF,99,3,glass_adhesion_kpa,hg0274,101.34465789794922,158.76166197665967
SVR-RBF,99,3,glass_adhesion_kpa,hg0275,229.6956787109375,231.3151320928385
SVR-RBF,99,3,glass_adhesion_kpa,hg0276,160.2830810546875,105.17910973670979
SVR-RBF,99,3,glass_adhesion_kpa,hg0277,100.89171600341797,94.55951034145126
SVR-RBF,99,3,glass_adhesion_kpa,hg0278,91.04033660888672,55.73800075964891
SVR-RBF,99,3,glass_adhesion_kpa,hg0279,127.67162322998047,99.50911282411448
SVR-RBF,99,3,glass_adhesion_kpa,hg0280,117.31068420410156,202.5967104140365
SVR-RBF,99,3,glass_adhesion_kpa,hg0281,155.07431030273438,141.5436708472158
SVR-RBF,99,3,glass_adhesion_kpa,hg0282,74.50814056396484,122.51473051115966
SVR-RBF,99,3,glass_adhesion_kpa,hg0283,101.62773895263672,162.3907741915688
SVR-RBF,99,3,glass_adhesion_kpa,hg0284,75.13092803955078,42.32515344961954
SVR-RBF,99,3,glass_adhesion_kpa,hg0285,245.0955352783203,230.58320544892362
SVR-RBF,99,3,glass_adhesion_kpa,hg0286,109.9504623413086,77.32432173977753
SVR-RBF,99,3,glass_adhesion_kpa,hg0287,200.08493041992188,228.49542802736568
SVR-RBF,99,3,glass_adhesion_kpa,hg0288,250.9837188720703,228.8223604170869
SVR-RBF,99,3,glass_adhesion_kpa,hg0289,81.07572174072266,94.31142247472148
SVR-RBF,99,3,glass_adhesion_kpa,hg0290,235.4706268310547,231.25920393809716
SVR-RBF,99,3,glass_adhesion_kpa,hg0291,225.3927764892578,230.81572189396516
SVR-RBF,99,3,glass_adhesion_kpa,hg0334,206.6525115966797,227.84422963720445
SVR-RBF,99,3,glass_adhesion_kpa,hg0335,193.57395935058594,167.70075812963395
SVR-RBF,99,3,glass_adhesion_kpa,hg0336,62.22222137451172,163.62576444120262
SVR-RBF,99,3,glass_adhesion_kpa,hg0337,147.99716186523438,130.4112760616972
SVR-RBF,99,3,glass_adhesion_kpa,hg0338,229.75230407714844,231.22147437694846
SVR-RBF,99,3,glass_adhesion_kpa,hg0339,232.0736083984375,229.35884436909862
SVR-RBF,99,3,glass_adhesion_kpa,hg0340,199.1224365234375,215.85271194166864
RandomForest,99,3,glass_adhesion_kpa,hg0274,101.34465789794922,179.5167341693103
RandomForest,99,3,glass_adhesion_kpa,hg0275,229.6956787109375,248.06056325743816
RandomForest,99,3,glass_adhesion_kpa,hg0276,160.2830810546875,133.15684574496188
RandomForest,99,3,glass_adhesion_kpa,hg0277,100.89171600341797,99.52925158353867
RandomForest,99,3,glass_adhesion_kpa,hg0278,91.04033660888672,83.57424002384984
RandomForest,99,3,glass_adhesion_kpa,hg0279,127.67162322998047,122.74103181253177
RandomForest,99,3,glass_adhesion_kpa,hg0280,117.31068420410156,177.33448611264686
RandomForest,99,3,glass_adhesion_kpa,hg0281,155.07431030273438,138.4837575983433
RandomForest,99,3,glass_adhesion_kpa,hg0282,74.50814056396484,113.8769472507211
RandomForest,99,3,glass_adhesion_kpa,hg0283,101.62773895263672,179.07964569374377
RandomForest,99,3,glass_adhesion_kpa,hg0284,75.13092803955078,81.11970634561631
RandomForest,99,3,glass_adhesion_kpa,hg0285,245.0955352783203,242.27740831028777
RandomForest,99,3,glass_adhesion_kpa,hg0286,109.9504623413086,103.1857219953114
RandomForest,99,3,glass_adhesion_kpa,hg0287,200.08493041992188,237.8759904528915
RandomForest,99,3,glass_adhesion_kpa,hg0288,250.9837188720703,236.93037306799357
RandomForest,99,3,glass_adhesion_kpa,hg0289,81.07572174072266,120.99750888027502
RandomForest,99,3,glass_adhesion_kpa,hg0290,235.4706268310547,244.01359364758326
RandomForest,99,3,glass_adhesion_kpa,hg0291,225.3927764892578,251.4554432238749
RandomForest,99,3,glass_adhesion_kpa,hg0334,206.6525115966797,230.9111095628062
RandomForest,99,3,glass_adhesion_kpa,hg0335,193.57395935058594,150.29007564722667
RandomForest,99,3,glass_adhesion_kpa,hg0336,62.22222137451172,119.88213051870422
RandomForest,99,3,glass_adhesion_kpa,hg0337,147.99716186523438,147.90498020664424
RandomForest,99,3,glass_adhesion_kpa,hg0338,229.75230407714844,247.72820359203024
RandomForest,99,3,glass_adhesion_kpa,hg0339,232.0736083984375,240.68239373958826
RandomForest,99,3,glass_adhesion_kpa,hg0340,199.1224365234375,211.88172657469903
HistGB,99,3,glass_adhesion_kpa,hg0274,101.34465789794922,169.4349690092064
HistGB,99,3,glass_adhesion_kpa,hg0275,229.6956787109375,238.0005489375452
HistGB,99,3,glass_adhesion_kpa,hg0276,160.2830810546875,118.58786051020635
HistGB,99,3,glass_adhesion_kpa,hg0277,100.89171600341797,90.9574680684136
HistGB,99,3,glass_adhesion_kpa,hg0278,91.04033660888672,81.3146286343126
HistGB,99,3,glass_adhesion_kpa,hg0279,127.67162322998047,125.44288686722618
HistGB,99,3,glass_adhesion_kpa,hg0280,117.31068420410156,176.97014815953267
HistGB,99,3,glass_adhesion_kpa,hg0281,155.07431030273438,128.67756856244165
HistGB,99,3,glass_adhesion_kpa,hg0282,74.50814056396484,104.19642914421235
HistGB,99,3,glass_adhesion_kpa,hg0283,101.62773895263672,167.84719908727337
HistGB,99,3,glass_adhesion_kpa,hg0284,75.13092803955078,68.3168359930385
HistGB,99,3,glass_adhesion_kpa,hg0285,245.0955352783203,240.59721323588616
HistGB,99,3,glass_adhesion_kpa,hg0286,109.9504623413086,93.90462842818728
HistGB,99,3,glass_adhesion_kpa,hg0287,200.08493041992188,233.7537610600176
HistGB,99,3,glass_adhesion_kpa,hg0288,250.9837188720703,229.56573530987714
HistGB,99,3,glass_adhesion_kpa,hg0289,81.07572174072266,122.23220180831856
HistGB,99,3,glass_adhesion_kpa,hg0290,235.4706268310547,239.95439747347726
HistGB,99,3,glass_adhesion_kpa,hg0291,225.3927764892578,236.0570111118729
HistGB,99,3,glass_adhesion_kpa,hg0334,206.6525115966797,233.8753233895993
HistGB,99,3,glass_adhesion_kpa,hg0335,193.57395935058594,164.16480589393734
HistGB,99,3,glass_adhesion_kpa,hg0336,62.22222137451172,170.10203366820522
HistGB,99,3,glass_adhesion_kpa,hg0337,147.99716186523438,132.93067402285038
HistGB,99,3,glass_adhesion_kpa,hg0338,229.75230407714844,238.0005489375452
HistGB,99,3,glass_adhesion_kpa,hg0339,232.0736083984375,240.29565535876316
HistGB,99,3,glass_adhesion_kpa,hg0340,199.1224365234375,176.74353201374507
MLP,99,3,glass_adhesion_kpa,hg0274,101.34465789794922,180.76625061035156
MLP,99,3,glass_adhesion_kpa,hg0275,229.6956787109375,222.5684051513672
MLP,99,3,glass_adhesion_kpa,hg0276,160.2830810546875,121.00460052490234
MLP,99,3,glass_adhesion_kpa,hg0277,100.89171600341797,112.62177276611328
MLP,99,3,glass_adhesion_kpa,hg0278,91.04033660888672,42.46908187866211
MLP,99,3,glass_adhesion_kpa,hg0279,127.67162322998047,134.34942626953125
MLP,99,3,glass_adhesion_kpa,hg0280,117.31068420410156,197.4518585205078
MLP,99,3,glass_adhesion_kpa,hg0281,155.07431030273438,126.20142364501953
MLP,99,3,glass_adhesion_kpa,hg0282,74.50814056396484,97.04075622558594
MLP,99,3,glass_adhesion_kpa,hg0283,101.62773895263672,182.676513671875
MLP,99,3,glass_adhesion_kpa,hg0284,75.13092803955078,124.91084289550781
MLP,99,3,glass_adhesion_kpa,hg0285,245.0955352783203,221.95509338378906
MLP,99,3,glass_adhesion_kpa,hg0286,109.9504623413086,111.18433380126953
MLP,99,3,glass_adhesion_kpa,hg0287,200.08493041992188,221.87791442871094
MLP,99,3,glass_adhesion_kpa,hg0288,250.9837188720703,220.7451171875
MLP,99,3,glass_adhesion_kpa,hg0289,81.07572174072266,129.20445251464844
MLP,99,3,glass_adhesion_kpa,hg0290,235.4706268310547,221.91632080078125
MLP,99,3,glass_adhesion_kpa,hg0291,225.3927764892578,222.6336212158203
MLP,99,3,glass_adhesion_kpa,hg0334,206.6525115966797,222.4024200439453
MLP,99,3,glass_adhesion_kpa,hg0335,193.57395935058594,160.64401245117188
MLP,99,3,glass_adhesion_kpa,hg0336,62.22222137451172,171.34873962402344
MLP,99,3,glass_adhesion_kpa,hg0337,147.99716186523438,132.8350372314453
MLP,99,3,glass_adhesion_kpa,hg0338,229.75230407714844,222.60499572753906
MLP,99,3,glass_adhesion_kpa,hg0339,232.0736083984375,221.5922088623047
MLP,99,3,glass_adhesion_kpa,hg0340,199.1224365234375,220.1351318359375
Mean,99,4,glass_adhesion_kpa,hg0274,101.34465789794922,93.21730041503906
Mean,99,4,glass_adhesion_kpa,hg0275,229.6956787109375,93.21730041503906
Mean,99,4,glass_adhesion_kpa,hg0276,160.2830810546875,93.21730041503906
Mean,99,4,glass_adhesion_kpa,hg0277,100.89171600341797,93.21730041503906
Mean,99,4,glass_adhesion_kpa,hg0278,91.04033660888672,93.21730041503906
Mean,99,4,glass_adhesion_kpa,hg0279,127.67162322998047,93.21730041503906
Mean,99,4,glass_adhesion_kpa,hg0280,117.31068420410156,93.21730041503906
Mean,99,4,glass_adhesion_kpa,hg0281,155.07431030273438,93.21730041503906
Mean,99,4,glass_adhesion_kpa,hg0282,74.50814056396484,93.21730041503906
Mean,99,4,glass_adhesion_kpa,hg0283,101.62773895263672,93.21730041503906
Mean,99,4,glass_adhesion_kpa,hg0284,75.13092803955078,93.21730041503906
Mean,99,4,glass_adhesion_kpa,hg0285,245.0955352783203,93.21730041503906
Mean,99,4,glass_adhesion_kpa,hg0286,109.9504623413086,93.21730041503906
Mean,99,4,glass_adhesion_kpa,hg0287,200.08493041992188,93.21730041503906
Mean,99,4,glass_adhesion_kpa,hg0288,250.9837188720703,93.21730041503906
Mean,99,4,glass_adhesion_kpa,hg0289,81.07572174072266,93.21730041503906
Mean,99,4,glass_adhesion_kpa,hg0290,235.4706268310547,93.21730041503906
Mean,99,4,glass_adhesion_kpa,hg0291,225.3927764892578,93.21730041503906
Mean,99,4,glass_adhesion_kpa,hg0334,206.6525115966797,93.21730041503906
Mean,99,4,glass_adhesion_kpa,hg0335,193.57395935058594,93.21730041503906
Mean,99,4,glass_adhesion_kpa,hg0336,62.22222137451172,93.21730041503906
Mean,99,4,glass_adhesion_kpa,hg0337,147.99716186523438,93.21730041503906
Mean,99,4,glass_adhesion_kpa,hg0338,229.75230407714844,93.21730041503906
Mean,99,4,glass_adhesion_kpa,hg0339,232.0736083984375,93.21730041503906
Mean,99,4,glass_adhesion_kpa,hg0340,199.1224365234375,93.21730041503906
Ridge,99,4,glass_adhesion_kpa,hg0274,101.34465789794922,169.95458984375
Ridge,99,4,glass_adhesion_kpa,hg0275,229.6956787109375,233.5367889404297
Ridge,99,4,glass_adhesion_kpa,hg0276,160.2830810546875,133.61404418945312
Ridge,99,4,glass_adhesion_kpa,hg0277,100.89171600341797,86.12349700927734
Ridge,99,4,glass_adhesion_kpa,hg0278,91.04033660888672,56.361576080322266
Ridge,99,4,glass_adhesion_kpa,hg0279,127.67162322998047,157.326171875
Ridge,99,4,glass_adhesion_kpa,hg0280,117.31068420410156,206.75045776367188
Ridge,99,4,glass_adhesion_kpa,hg0281,155.07431030273438,151.620361328125
Ridge,99,4,glass_adhesion_kpa,hg0282,74.50814056396484,119.63663482666016
Ridge,99,4,glass_adhesion_kpa,hg0283,101.62773895263672,172.9104766845703
Ridge,99,4,glass_adhesion_kpa,hg0284,75.13092803955078,71.02206420898438
Ridge,99,4,glass_adhesion_kpa,hg0285,245.0955352783203,235.14056396484375
Ridge,99,4,glass_adhesion_kpa,hg0286,109.9504623413086,115.99300384521484
Ridge,99,4,glass_adhesion_kpa,hg0287,200.08493041992188,230.88821411132812
Ridge,99,4,glass_adhesion_kpa,hg0288,250.9837188720703,235.3243408203125
Ridge,99,4,glass_adhesion_kpa,hg0289,81.07572174072266,151.57627868652344
Ridge,99,4,glass_adhesion_kpa,hg0290,235.4706268310547,234.1862335205078
Ridge,99,4,glass_adhesion_kpa,hg0291,225.3927764892578,231.76791381835938
Ridge,99,4,glass_adhesion_kpa,hg0334,206.6525115966797,232.6797332763672
Ridge,99,4,glass_adhesion_kpa,hg0335,193.57395935058594,183.1640167236328
Ridge,99,4,glass_adhesion_kpa,hg0336,62.22222137451172,124.27796936035156
Ridge,99,4,glass_adhesion_kpa,hg0337,147.99716186523438,134.11898803710938
Ridge,99,4,glass_adhesion_kpa,hg0338,229.75230407714844,233.41476440429688
Ridge,99,4,glass_adhesion_kpa,hg0339,232.0736083984375,235.42086791992188
Ridge,99,4,glass_adhesion_kpa,hg0340,199.1224365234375,214.6687774658203
ElasticNet,99,4,glass_adhesion_kpa,hg0274,101.34465789794922,169.9592742919922
ElasticNet,99,4,glass_adhesion_kpa,hg0275,229.6956787109375,233.5326690673828
ElasticNet,99,4,glass_adhesion_kpa,hg0276,160.2830810546875,133.51651000976562
ElasticNet,99,4,glass_adhesion_kpa,hg0277,100.89171600341797,86.0639419555664
ElasticNet,99,4,glass_adhesion_kpa,hg0278,91.04033660888672,56.37416458129883
ElasticNet,99,4,glass_adhesion_kpa,hg0279,127.67162322998047,157.30697631835938
ElasticNet,99,4,glass_adhesion_kpa,hg0280,117.31068420410156,206.7066650390625
ElasticNet,99,4,glass_adhesion_kpa,hg0281,155.07431030273438,151.50051879882812
ElasticNet,99,4,glass_adhesion_kpa,hg0282,74.50814056396484,119.56400299072266
ElasticNet,99,4,glass_adhesion_kpa,hg0283,101.62773895263672,172.91488647460938
ElasticNet,99,4,glass_adhesion_kpa,hg0284,75.13092803955078,71.05400085449219
ElasticNet,99,4,glass_adhesion_kpa,hg0285,245.0955352783203,235.12631225585938
ElasticNet,99,4,glass_adhesion_kpa,hg0286,109.9504623413086,115.90361785888672
ElasticNet,99,4,glass_adhesion_kpa,hg0287,200.08493041992188,230.9207305908203
ElasticNet,99,4,glass_adhesion_kpa,hg0288,250.9837188720703,235.31399536132812
ElasticNet,99,4,glass_adhesion_kpa,hg0289,81.07572174072266,151.55047607421875
ElasticNet,99,4,glass_adhesion_kpa,hg0290,235.4706268310547,234.1855926513672
ElasticNet,99,4,glass_adhesion_kpa,hg0291,225.3927764892578,231.78097534179688
ElasticNet,99,4,glass_adhesion_kpa,hg0334,206.6525115966797,232.662109375
ElasticNet,99,4,glass_adhesion_kpa,hg0335,193.57395935058594,183.07220458984375
ElasticNet,99,4,glass_adhesion_kpa,hg0336,62.22222137451172,124.49270629882812
ElasticNet,99,4,glass_adhesion_kpa,hg0337,147.99716186523438,134.1529998779297
ElasticNet,99,4,glass_adhesion_kpa,hg0338,229.75230407714844,233.41065979003906
ElasticNet,99,4,glass_adhesion_kpa,hg0339,232.0736083984375,235.40316772460938
ElasticNet,99,4,glass_adhesion_kpa,hg0340,199.1224365234375,214.76739501953125
KNN,99,4,glass_adhesion_kpa,hg0274,101.34465789794922,167.95209564848344
KNN,99,4,glass_adhesion_kpa,hg0275,229.6956787109375,268.6452713094676
KNN,99,4,glass_adhesion_kpa,hg0276,160.2830810546875,118.65508584260921
KNN,99,4,glass_adhesion_kpa,hg0277,100.89171600341797,93.81912849609454
KNN,99,4,glass_adhesion_kpa,hg0278,91.04033660888672,96.22696210515437
KNN,99,4,glass_adhesion_kpa,hg0279,127.67162322998047,130.2475596722105
KNN,99,4,glass_adhesion_kpa,hg0280,117.31068420410156,205.37542359779442
KNN,99,4,glass_adhesion_kpa,hg0281,155.07431030273438,138.48990702752528
KNN,99,4,glass_adhesion_kpa,hg0282,74.50814056396484,112.39730026404702
KNN,99,4,glass_adhesion_kpa,hg0283,101.62773895263672,169.02643738671168
KNN,99,4,glass_adhesion_kpa,hg0284,75.13092803955078,87.0947805146176
KNN,99,4,glass_adhesion_kpa,hg0285,245.0955352783203,263.47802208670726
KNN,99,4,glass_adhesion_kpa,hg0286,109.9504623413086,109.53282264634812
KNN,99,4,glass_adhesion_kpa,hg0287,200.08493041992188,245.09350173076334
KNN,99,4,glass_adhesion_kpa,hg0288,250.9837188720703,268.4838982333916
KNN,99,4,glass_adhesion_kpa,hg0289,81.07572174072266,105.07542753704746
KNN,99,4,glass_adhesion_kpa,hg0290,235.4706268310547,272.4983665365829
KNN,99,4,glass_adhesion_kpa,hg0291,225.3927764892578,259.68444940389617
KNN,99,4,glass_adhesion_kpa,hg0334,206.6525115966797,272.5343881815524
KNN,99,4,glass_adhesion_kpa,hg0335,193.57395935058594,154.66354943679647
KNN,99,4,glass_adhesion_kpa,hg0336,62.22222137451172,171.9866846100919
KNN,99,4,glass_adhesion_kpa,hg0337,147.99716186523438,175.49486161040298
KNN,99,4,glass_adhesion_kpa,hg0338,229.75230407714844,269.8561912870671
KNN,99,4,glass_adhesion_kpa,hg0339,232.0736083984375,263.4699583085479
KNN,99,4,glass_adhesion_kpa,hg0340,199.1224365234375,238.92631305792088
SVR-RBF,99,4,glass_adhesion_kpa,hg0274,101.34465789794922,158.65095808875157
SVR-RBF,99,4,glass_adhesion_kpa,hg0275,229.6956787109375,219.0914615881846
SVR-RBF,99,4,glass_adhesion_kpa,hg0276,160.2830810546875,122.58598919617111
SVR-RBF,99,4,glass_adhesion_kpa,hg0277,100.89171600341797,104.35306257590565
SVR-RBF,99,4,glass_adhesion_kpa,hg0278,91.04033660888672,57.148636070208624
SVR-RBF,99,4,glass_adhesion_kpa,hg0279,127.67162322998047,135.02337890300907
SVR-RBF,99,4,glass_adhesion_kpa,hg0280,117.31068420410156,196.2930563225646
SVR-RBF,99,4,glass_adhesion_kpa,hg0281,155.07431030273438,144.54557738106473
SVR-RBF,99,4,glass_adhesion_kpa,hg0282,74.50814056396484,121.4136696281198
SVR-RBF,99,4,glass_adhesion_kpa,hg0283,101.62773895263672,161.98731954864462
SVR-RBF,99,4,glass_adhesion_kpa,hg0284,75.13092803955078,57.736767485047835
SVR-RBF,99,4,glass_adhesion_kpa,hg0285,245.0955352783203,220.41294737055034
SVR-RBF,99,4,glass_adhesion_kpa,hg0286,109.9504623413086,103.67142693454446
SVR-RBF,99,4,glass_adhesion_kpa,hg0287,200.08493041992188,216.15256414514778
SVR-RBF,99,4,glass_adhesion_kpa,hg0288,250.9837188720703,220.35898802257418
SVR-RBF,99,4,glass_adhesion_kpa,hg0289,81.07572174072266,127.48870912089677
SVR-RBF,99,4,glass_adhesion_kpa,hg0290,235.4706268310547,219.562909450103
SVR-RBF,99,4,glass_adhesion_kpa,hg0291,225.3927764892578,217.67549390130193
SVR-RBF,99,4,glass_adhesion_kpa,hg0334,206.6525115966797,217.64726849016762
SVR-RBF,99,4,glass_adhesion_kpa,hg0335,193.57395935058594,170.284263407403
SVR-RBF,99,4,glass_adhesion_kpa,hg0336,62.22222137451172,113.21499246213534
SVR-RBF,99,4,glass_adhesion_kpa,hg0337,147.99716186523438,132.28083162269127
SVR-RBF,99,4,glass_adhesion_kpa,hg0338,229.75230407714844,218.9803993902192
SVR-RBF,99,4,glass_adhesion_kpa,hg0339,232.0736083984375,220.62001892747844
SVR-RBF,99,4,glass_adhesion_kpa,hg0340,199.1224365234375,205.22023572483027
RandomForest,99,4,glass_adhesion_kpa,hg0274,101.34465789794922,188.23570940370348
RandomForest,99,4,glass_adhesion_kpa,hg0275,229.6956787109375,273.647688737041
RandomForest,99,4,glass_adhesion_kpa,hg0276,160.2830810546875,127.5816970037971
RandomForest,99,4,glass_adhesion_kpa,hg0277,100.89171600341797,95.70142342912632
RandomForest,99,4,glass_adhesion_kpa,hg0278,91.04033660888672,76.2311041324378
RandomForest,99,4,glass_adhesion_kpa,hg0279,127.67162322998047,134.82983711267414
RandomForest,99,4,glass_adhesion_kpa,hg0280,117.31068420410156,177.4257672384711
RandomForest,99,4,glass_adhesion_kpa,hg0281,155.07431030273438,130.4298628348662
RandomForest,99,4,glass_adhesion_kpa,hg0282,74.50814056396484,108.96911462168167
RandomForest,99,4,glass_adhesion_kpa,hg0283,101.62773895263672,190.16915027627792
RandomForest,99,4,glass_adhesion_kpa,hg0284,75.13092803955078,78.52660731564639
RandomForest,99,4,glass_adhesion_kpa,hg0285,245.0955352783203,253.04377225092256
RandomForest,99,4,glass_adhesion_kpa,hg0286,109.9504623413086,98.2049774745687
RandomForest,99,4,glass_adhesion_kpa,hg0287,200.08493041992188,241.9603272384108
RandomForest,99,4,glass_adhesion_kpa,hg0288,250.9837188720703,254.18276252991066
RandomForest,99,4,glass_adhesion_kpa,hg0289,81.07572174072266,132.99517670065777
RandomForest,99,4,glass_adhesion_kpa,hg0290,235.4706268310547,264.81179295141936
RandomForest,99,4,glass_adhesion_kpa,hg0291,225.3927764892578,267.4085541233148
RandomForest,99,4,glass_adhesion_kpa,hg0334,206.6525115966797,254.71520072703342
RandomForest,99,4,glass_adhesion_kpa,hg0335,193.57395935058594,150.56067122172223
RandomForest,99,4,glass_adhesion_kpa,hg0336,62.22222137451172,147.1689669834288
RandomForest,99,4,glass_adhesion_kpa,hg0337,147.99716186523438,149.36631226705558
RandomForest,99,4,glass_adhesion_kpa,hg0338,229.75230407714844,274.8517817173676
RandomForest,99,4,glass_adhesion_kpa,hg0339,232.0736083984375,251.65488068125575
RandomForest,99,4,glass_adhesion_kpa,hg0340,199.1224365234375,205.9146991961706
HistGB,99,4,glass_adhesion_kpa,hg0274,101.34465789794922,161.92494892194932
HistGB,99,4,glass_adhesion_kpa,hg0275,229.6956787109375,276.446302257245
HistGB,99,4,glass_adhesion_kpa,hg0276,160.2830810546875,105.35054495837446
HistGB,99,4,glass_adhesion_kpa,hg0277,100.89171600341797,84.15784177723644
HistGB,99,4,glass_adhesion_kpa,hg0278,91.04033660888672,73.82258381515356
HistGB,99,4,glass_adhesion_kpa,hg0279,127.67162322998047,137.68463581447213
HistGB,99,4,glass_adhesion_kpa,hg0280,117.31068420410156,174.9498508609109
HistGB,99,4,glass_adhesion_kpa,hg0281,155.07431030273438,108.278103651215
HistGB,99,4,glass_adhesion_kpa,hg0282,74.50814056396484,122.57836392332703
HistGB,99,4,glass_adhesion_kpa,hg0283,101.62773895263672,162.24381844136678
HistGB,99,4,glass_adhesion_kpa,hg0284,75.13092803955078,61.223166268773525
HistGB,99,4,glass_adhesion_kpa,hg0285,245.0955352783203,260.69774760179934
HistGB,99,4,glass_adhesion_kpa,hg0286,109.9504623413086,107.63369596783278
HistGB,99,4,glass_adhesion_kpa,hg0287,200.08493041992188,239.50244098217024
HistGB,99,4,glass_adhesion_kpa,hg0288,250.9837188720703,272.4948978545589
HistGB,99,4,glass_adhesion_kpa,hg0289,81.07572174072266,124.03851332207411
HistGB,99,4,glass_adhesion_kpa,hg0290,235.4706268310547,255.49623738392006
HistGB,99,4,glass_adhesion_kpa,hg0291,225.3927764892578,266.273513779151
HistGB,99,4,glass_adhesion_kpa,hg0334,206.6525115966797,235.4986380649299
HistGB,99,4,glass_adhesion_kpa,hg0335,193.57395935058594,157.49327497174613
HistGB,99,4,glass_adhesion_kpa,hg0336,62.22222137451172,148.27322830364264
HistGB,99,4,glass_adhesion_kpa,hg0337,147.99716186523438,158.15534241479483
HistGB,99,4,glass_adhesion_kpa,hg0338,229.75230407714844,276.446302257245
HistGB,99,4,glass_adhesion_kpa,hg0339,232.0736083984375,274.09251453377533
HistGB,99,4,glass_adhesion_kpa,hg0340,199.1224365234375,200.78724941648747
MLP,99,4,glass_adhesion_kpa,hg0274,101.34465789794922,175.09963989257812
MLP,99,4,glass_adhesion_kpa,hg0275,229.6956787109375,238.90731811523438
MLP,99,4,glass_adhesion_kpa,hg0276,160.2830810546875,116.08236694335938
MLP,99,4,glass_adhesion_kpa,hg0277,100.89171600341797,91.57515716552734
MLP,99,4,glass_adhesion_kpa,hg0278,91.04033660888672,42.7198486328125
MLP,99,4,glass_adhesion_kpa,hg0279,127.67162322998047,131.79052734375
MLP,99,4,glass_adhesion_kpa,hg0280,117.31068420410156,204.46832275390625
MLP,99,4,glass_adhesion_kpa,hg0281,155.07431030273438,121.24571990966797
MLP,99,4,glass_adhesion_kpa,hg0282,74.50814056396484,90.8152847290039
MLP,99,4,glass_adhesion_kpa,hg0283,101.62773895263672,177.82325744628906
MLP,99,4,glass_adhesion_kpa,hg0284,75.13092803955078,114.69263458251953
MLP,99,4,glass_adhesion_kpa,hg0285,245.0955352783203,236.8979034423828
MLP,99,4,glass_adhesion_kpa,hg0286,109.9504623413086,111.40308380126953
MLP,99,4,glass_adhesion_kpa,hg0287,200.08493041992188,240.4035186767578
MLP,99,4,glass_adhesion_kpa,hg0288,250.9837188720703,235.77557373046875
MLP,99,4,glass_adhesion_kpa,hg0289,81.07572174072266,125.91999053955078
MLP,99,4,glass_adhesion_kpa,hg0290,235.4706268310547,238.22543334960938
MLP,99,4,glass_adhesion_kpa,hg0291,225.3927764892578,240.19236755371094
MLP,99,4,glass_adhesion_kpa,hg0334,206.6525115966797,238.28482055664062
MLP,99,4,glass_adhesion_kpa,hg0335,193.57395935058594,163.10479736328125
MLP,99,4,glass_adhesion_kpa,hg0336,62.22222137451172,160.20880126953125
MLP,99,4,glass_adhesion_kpa,hg0337,147.99716186523438,132.45220947265625
MLP,99,4,glass_adhesion_kpa,hg0338,229.75230407714844,238.98342895507812
MLP,99,4,glass_adhesion_kpa,hg0339,232.0736083984375,236.00439453125
MLP,99,4,glass_adhesion_kpa,hg0340,199.1224365234375,241.91073608398438
Mean,555,0,glass_adhesion_kpa,hg0274,101.34465789794922,92.5737075805664
Mean,555,0,glass_adhesion_kpa,hg0275,229.6956787109375,92.5737075805664
Mean,555,0,glass_adhesion_kpa,hg0276,160.2830810546875,92.5737075805664
Mean,555,0,glass_adhesion_kpa,hg0277,100.89171600341797,92.5737075805664
Mean,555,0,glass_adhesion_kpa,hg0278,91.04033660888672,92.5737075805664
Mean,555,0,glass_adhesion_kpa,hg0279,127.67162322998047,92.5737075805664
Mean,555,0,glass_adhesion_kpa,hg0280,117.31068420410156,92.5737075805664
Mean,555,0,glass_adhesion_kpa,hg0281,155.07431030273438,92.5737075805664
Mean,555,0,glass_adhesion_kpa,hg0282,74.50814056396484,92.5737075805664
Mean,555,0,glass_adhesion_kpa,hg0283,101.62773895263672,92.5737075805664
Mean,555,0,glass_adhesion_kpa,hg0284,75.13092803955078,92.5737075805664
Mean,555,0,glass_adhesion_kpa,hg0285,245.0955352783203,92.5737075805664
Mean,555,0,glass_adhesion_kpa,hg0286,109.9504623413086,92.5737075805664
Mean,555,0,glass_adhesion_kpa,hg0287,200.08493041992188,92.5737075805664
Mean,555,0,glass_adhesion_kpa,hg0288,250.9837188720703,92.5737075805664
Mean,555,0,glass_adhesion_kpa,hg0289,81.07572174072266,92.5737075805664
Mean,555,0,glass_adhesion_kpa,hg0290,235.4706268310547,92.5737075805664
Mean,555,0,glass_adhesion_kpa,hg0291,225.3927764892578,92.5737075805664
Mean,555,0,glass_adhesion_kpa,hg0334,206.6525115966797,92.5737075805664
Mean,555,0,glass_adhesion_kpa,hg0335,193.57395935058594,92.5737075805664
Mean,555,0,glass_adhesion_kpa,hg0336,62.22222137451172,92.5737075805664
Mean,555,0,glass_adhesion_kpa,hg0337,147.99716186523438,92.5737075805664
Mean,555,0,glass_adhesion_kpa,hg0338,229.75230407714844,92.5737075805664
Mean,555,0,glass_adhesion_kpa,hg0339,232.0736083984375,92.5737075805664
Mean,555,0,glass_adhesion_kpa,hg0340,199.1224365234375,92.5737075805664
Ridge,555,0,glass_adhesion_kpa,hg0274,101.34465789794922,175.77456665039062
Ridge,555,0,glass_adhesion_kpa,hg0275,229.6956787109375,228.784423828125
Ridge,555,0,glass_adhesion_kpa,hg0276,160.2830810546875,132.3304901123047
Ridge,555,0,glass_adhesion_kpa,hg0277,100.89171600341797,97.26333618164062
Ridge,555,0,glass_adhesion_kpa,hg0278,91.04033660888672,55.53756332397461
Ridge,555,0,glass_adhesion_kpa,hg0279,127.67162322998047,143.43850708007812
Ridge,555,0,glass_adhesion_kpa,hg0280,117.31068420410156,203.91632080078125
Ridge,555,0,glass_adhesion_kpa,hg0281,155.07431030273438,146.5985107421875
Ridge,555,0,glass_adhesion_kpa,hg0282,74.50814056396484,119.46400451660156
Ridge,555,0,glass_adhesion_kpa,hg0283,101.62773895263672,178.35238647460938
Ridge,555,0,glass_adhesion_kpa,hg0284,75.13092803955078,81.2227554321289
Ridge,555,0,glass_adhesion_kpa,hg0285,245.0955352783203,229.63259887695312
Ridge,555,0,glass_adhesion_kpa,hg0286,109.9504623413086,115.36841583251953
Ridge,555,0,glass_adhesion_kpa,hg0287,200.08493041992188,228.90057373046875
Ridge,555,0,glass_adhesion_kpa,hg0288,250.9837188720703,230.2666015625
Ridge,555,0,glass_adhesion_kpa,hg0289,81.07572174072266,134.85304260253906
Ridge,555,0,glass_adhesion_kpa,hg0290,235.4706268310547,229.68994140625
Ridge,555,0,glass_adhesion_kpa,hg0291,225.3927764892578,228.38824462890625
Ridge,555,0,glass_adhesion_kpa,hg0334,206.6525115966797,226.99920654296875
Ridge,555,0,glass_adhesion_kpa,hg0335,193.57395935058594,172.84326171875
Ridge,555,0,glass_adhesion_kpa,hg0336,62.22222137451172,148.50804138183594
Ridge,555,0,glass_adhesion_kpa,hg0337,147.99716186523438,138.52972412109375
Ridge,555,0,glass_adhesion_kpa,hg0338,229.75230407714844,228.66976928710938
Ridge,555,0,glass_adhesion_kpa,hg0339,232.0736083984375,229.72946166992188
Ridge,555,0,glass_adhesion_kpa,hg0340,199.1224365234375,219.48764038085938
ElasticNet,555,0,glass_adhesion_kpa,hg0274,101.34465789794922,175.7576446533203
ElasticNet,555,0,glass_adhesion_kpa,hg0275,229.6956787109375,228.7677001953125
ElasticNet,555,0,glass_adhesion_kpa,hg0276,160.2830810546875,132.166015625
ElasticNet,555,0,glass_adhesion_kpa,hg0277,100.89171600341797,97.2375259399414
ElasticNet,555,0,glass_adhesion_kpa,hg0278,91.04033660888672,55.46248245239258
ElasticNet,555,0,glass_adhesion_kpa,hg0279,127.67162322998047,143.4910430908203
ElasticNet,555,0,glass_adhesion_kpa,hg0280,117.31068420410156,203.85256958007812
ElasticNet,555,0,glass_adhesion_kpa,hg0281,155.07431030273438,146.41021728515625
ElasticNet,555,0,glass_adhesion_kpa,hg0282,74.50814056396484,119.38632202148438
ElasticNet,555,0,glass_adhesion_kpa,hg0283,101.62773895263672,178.3356170654297
ElasticNet,555,0,glass_adhesion_kpa,hg0284,75.13092803955078,81.24510192871094
ElasticNet,555,0,glass_adhesion_kpa,hg0285,245.0955352783203,229.59686279296875
ElasticNet,555,0,glass_adhesion_kpa,hg0286,109.9504623413086,115.21760559082031
ElasticNet,555,0,glass_adhesion_kpa,hg0287,200.08493041992188,228.95431518554688
ElasticNet,555,0,glass_adhesion_kpa,hg0288,250.9837188720703,230.24142456054688
ElasticNet,555,0,glass_adhesion_kpa,hg0289,81.07572174072266,134.8453369140625
ElasticNet,555,0,glass_adhesion_kpa,hg0290,235.4706268310547,229.679931640625
ElasticNet,555,0,glass_adhesion_kpa,hg0291,225.3927764892578,228.40548706054688
ElasticNet,555,0,glass_adhesion_kpa,hg0334,206.6525115966797,226.95913696289062
ElasticNet,555,0,glass_adhesion_kpa,hg0335,193.57395935058594,172.70797729492188
ElasticNet,555,0,glass_adhesion_kpa,hg0336,62.22222137451172,148.91415405273438
ElasticNet,555,0,glass_adhesion_kpa,hg0337,147.99716186523438,138.5691680908203
ElasticNet,555,0,glass_adhesion_kpa,hg0338,229.75230407714844,228.6531982421875
ElasticNet,555,0,glass_adhesion_kpa,hg0339,232.0736083984375,229.6885986328125
ElasticNet,555,0,glass_adhesion_kpa,hg0340,199.1224365234375,219.6975860595703
KNN,555,0,glass_adhesion_kpa,hg0274,101.34465789794922,170.82380714275692
KNN,555,0,glass_adhesion_kpa,hg0275,229.6956787109375,286.44232706613946
KNN,555,0,glass_adhesion_kpa,hg0276,160.2830810546875,116.41681228300831
KNN,555,0,glass_adhesion_kpa,hg0277,100.89171600341797,90.13573317851365
KNN,555,0,glass_adhesion_kpa,hg0278,91.04033660888672,101.01862286855784
KNN,555,0,glass_adhesion_kpa,hg0279,127.67162322998047,106.59730331867627
KNN,555,0,glass_adhesion_kpa,hg0280,117.31068420410156,212.75208345059278
KNN,555,0,glass_adhesion_kpa,hg0281,155.07431030273438,140.71091601618713
KNN,555,0,glass_adhesion_kpa,hg0282,74.50814056396484,103.15287970413303
KNN,555,0,glass_adhesion_kpa,hg0283,101.62773895263672,171.0932532345168
KNN,555,0,glass_adhesion_kpa,hg0284,75.13092803955078,66.54999873140797
KNN,555,0,glass_adhesion_kpa,hg0285,245.0955352783203,271.91365276583605
KNN,555,0,glass_adhesion_kpa,hg0286,109.9504623413086,103.61269073920813
KNN,555,0,glass_adhesion_kpa,hg0287,200.08493041992188,244.22871182485613
KNN,555,0,glass_adhesion_kpa,hg0288,250.9837188720703,252.6688536565936
KNN,555,0,glass_adhesion_kpa,hg0289,81.07572174072266,91.36053295212143
KNN,555,0,glass_adhesion_kpa,hg0290,235.4706268310547,287.1596977112998
KNN,555,0,glass_adhesion_kpa,hg0291,225.3927764892578,271.37700751555633
KNN,555,0,glass_adhesion_kpa,hg0334,206.6525115966797,282.37607411267163
KNN,555,0,glass_adhesion_kpa,hg0335,193.57395935058594,163.87429952583622
KNN,555,0,glass_adhesion_kpa,hg0336,62.22222137451172,169.7877351253125
KNN,555,0,glass_adhesion_kpa,hg0337,147.99716186523438,158.56371122790586
KNN,555,0,glass_adhesion_kpa,hg0338,229.75230407714844,287.059992289499
KNN,555,0,glass_adhesion_kpa,hg0339,232.0736083984375,257.61768421299377
KNN,555,0,glass_adhesion_kpa,hg0340,199.1224365234375,241.378029853363
SVR-RBF,555,0,glass_adhesion_kpa,hg0274,101.34465789794922,165.09290195946525
SVR-RBF,555,0,glass_adhesion_kpa,hg0275,229.6956787109375,216.2204969488008
SVR-RBF,555,0,glass_adhesion_kpa,hg0276,160.2830810546875,121.93192942335074
SVR-RBF,555,0,glass_adhesion_kpa,hg0277,100.89171600341797,108.75515607871088
SVR-RBF,555,0,glass_adhesion_kpa,hg0278,91.04033660888672,64.0331812275783
SVR-RBF,555,0,glass_adhesion_kpa,hg0279,127.67162322998047,129.05578420141464
SVR-RBF,555,0,glass_adhesion_kpa,hg0280,117.31068420410156,196.51897515532298
SVR-RBF,555,0,glass_adhesion_kpa,hg0281,155.07431030273438,142.316691611933
SVR-RBF,555,0,glass_adhesion_kpa,hg0282,74.50814056396484,116.5297363719379
SVR-RBF,555,0,glass_adhesion_kpa,hg0283,101.62773895263672,168.07693681082603
SVR-RBF,555,0,glass_adhesion_kpa,hg0284,75.13092803955078,63.8764763417424
SVR-RBF,555,0,glass_adhesion_kpa,hg0285,245.0955352783203,217.5177811709129
SVR-RBF,555,0,glass_adhesion_kpa,hg0286,109.9504623413086,101.84160994036617
SVR-RBF,555,0,glass_adhesion_kpa,hg0287,200.08493041992188,214.70795509508545
SVR-RBF,555,0,glass_adhesion_kpa,hg0288,250.9837188720703,217.94828281812428
SVR-RBF,555,0,glass_adhesion_kpa,hg0289,81.07572174072266,119.14764936195226
SVR-RBF,555,0,glass_adhesion_kpa,hg0290,235.4706268310547,217.0036387980468
SVR-RBF,555,0,glass_adhesion_kpa,hg0291,225.3927764892578,215.31408840649678
SVR-RBF,555,0,glass_adhesion_kpa,hg0334,206.6525115966797,214.36386497444173
SVR-RBF,555,0,glass_adhesion_kpa,hg0335,193.57395935058594,167.73801254819304
SVR-RBF,555,0,glass_adhesion_kpa,hg0336,62.22222137451172,134.7368623144982
SVR-RBF,555,0,glass_adhesion_kpa,hg0337,147.99716186523438,138.16827300253598
SVR-RBF,555,0,glass_adhesion_kpa,hg0338,229.75230407714844,216.0955710110088
SVR-RBF,555,0,glass_adhesion_kpa,hg0339,232.0736083984375,217.80480381725883
SVR-RBF,555,0,glass_adhesion_kpa,hg0340,199.1224365234375,205.74358774415165
RandomForest,555,0,glass_adhesion_kpa,hg0274,101.34465789794922,186.27111229771648
RandomForest,555,0,glass_adhesion_kpa,hg0275,229.6956787109375,282.1066686630849
RandomForest,555,0,glass_adhesion_kpa,hg0276,160.2830810546875,135.55128426689075
RandomForest,555,0,glass_adhesion_kpa,hg0277,100.89171600341797,89.16998797394186
RandomForest,555,0,glass_adhesion_kpa,hg0278,91.04033660888672,96.00249586808172
RandomForest,555,0,glass_adhesion_kpa,hg0279,127.67162322998047,119.62929402923727
RandomForest,555,0,glass_adhesion_kpa,hg0280,117.31068420410156,181.60141196088017
RandomForest,555,0,glass_adhesion_kpa,hg0281,155.07431030273438,140.84531200370736
RandomForest,555,0,glass_adhesion_kpa,hg0282,74.50814056396484,112.24955838520233
RandomForest,555,0,glass_adhesion_kpa,hg0283,101.62773895263672,186.11324936889457
RandomForest,555,0,glass_adhesion_kpa,hg0284,75.13092803955078,90.27412780411304
RandomForest,555,0,glass_adhesion_kpa,hg0285,245.0955352783203,243.99540838079128
RandomForest,555,0,glass_adhesion_kpa,hg0286,109.9504623413086,107.87847035958325
RandomForest,555,0,glass_adhesion_kpa,hg0287,200.08493041992188,245.35307495385575
RandomForest,555,0,glass_adhesion_kpa,hg0288,250.9837188720703,241.66746102164598
RandomForest,555,0,glass_adhesion_kpa,hg0289,81.07572174072266,116.57357462056915
RandomForest,555,0,glass_adhesion_kpa,hg0290,235.4706268310547,275.4520377213758
RandomForest,555,0,glass_adhesion_kpa,hg0291,225.3927764892578,271.94370872140723
RandomForest,555,0,glass_adhesion_kpa,hg0334,206.6525115966797,271.78004339788777
RandomForest,555,0,glass_adhesion_kpa,hg0335,193.57395935058594,141.89807137174313
RandomForest,555,0,glass_adhesion_kpa,hg0336,62.22222137451172,142.62829157431813
RandomForest,555,0,glass_adhesion_kpa,hg0337,147.99716186523438,154.45488327363253
RandomForest,555,0,glass_adhesion_kpa,hg0338,229.75230407714844,282.6580228270604
RandomForest,555,0,glass_adhesion_kpa,hg0339,232.0736083984375,239.2327345121232
RandomForest,555,0,glass_adhesion_kpa,hg0340,199.1224365234375,223.26049509987016
HistGB,555,0,glass_adhesion_kpa,hg0274,101.34465789794922,165.2521605974661
HistGB,555,0,glass_adhesion_kpa,hg0275,229.6956787109375,290.62364090112277
HistGB,555,0,glass_adhesion_kpa,hg0276,160.2830810546875,134.77165802724616
HistGB,555,0,glass_adhesion_kpa,hg0277,100.89171600341797,108.55166383069849
HistGB,555,0,glass_adhesion_kpa,hg0278,91.04033660888672,81.28633792553325
HistGB,555,0,glass_adhesion_kpa,hg0279,127.67162322998047,105.8695773850014
HistGB,555,0,glass_adhesion_kpa,hg0280,117.31068420410156,160.8103318287172
HistGB,555,0,glass_adhesion_kpa,hg0281,155.07431030273438,118.9009970192882
HistGB,555,0,glass_adhesion_kpa,hg0282,74.50814056396484,108.1232140506778
HistGB,555,0,glass_adhesion_kpa,hg0283,101.62773895263672,165.2521605974661
HistGB,555,0,glass_adhesion_kpa,hg0284,75.13092803955078,63.9778697334998
HistGB,555,0,glass_adhesion_kpa,hg0285,245.0955352783203,252.16984276554248
HistGB,555,0,glass_adhesion_kpa,hg0286,109.9504623413086,93.47228650101822
HistGB,555,0,glass_adhesion_kpa,hg0287,200.08493041992188,229.86413860879662
HistGB,555,0,glass_adhesion_kpa,hg0288,250.9837188720703,244.93377132196838
HistGB,555,0,glass_adhesion_kpa,hg0289,81.07572174072266,103.2510239266238
HistGB,555,0,glass_adhesion_kpa,hg0290,235.4706268310547,279.4851027357987
HistGB,555,0,glass_adhesion_kpa,hg0291,225.3927764892578,273.476514035499
HistGB,555,0,glass_adhesion_kpa,hg0334,206.6525115966797,262.8343317432641
HistGB,555,0,glass_adhesion_kpa,hg0335,193.57395935058594,148.82730167460952
HistGB,555,0,glass_adhesion_kpa,hg0336,62.22222137451172,145.4520265899069
HistGB,555,0,glass_adhesion_kpa,hg0337,147.99716186523438,140.7098770176916
HistGB,555,0,glass_adhesion_kpa,hg0338,229.75230407714844,292.6475034638606
HistGB,555,0,glass_adhesion_kpa,hg0339,232.0736083984375,247.55919387872234
HistGB,555,0,glass_adhesion_kpa,hg0340,199.1224365234375,231.49405473953223
MLP,555,0,glass_adhesion_kpa,hg0274,101.34465789794922,183.279296875
MLP,555,0,glass_adhesion_kpa,hg0275,229.6956787109375,228.5277557373047
MLP,555,0,glass_adhesion_kpa,hg0276,160.2830810546875,122.47892761230469
MLP,555,0,glass_adhesion_kpa,hg0277,100.89171600341797,95.56241607666016
MLP,555,0,glass_adhesion_kpa,hg0278,91.04033660888672,49.81985092163086
MLP,555,0,glass_adhesion_kpa,hg0279,127.67162322998047,130.19711303710938
MLP,555,0,glass_adhesion_kpa,hg0280,117.31068420410156,199.91900634765625
MLP,555,0,glass_adhesion_kpa,hg0281,155.07431030273438,132.52333068847656
MLP,555,0,glass_adhesion_kpa,hg0282,74.50814056396484,93.69514465332031
MLP,555,0,glass_adhesion_kpa,hg0283,101.62773895263672,185.27281188964844
MLP,555,0,glass_adhesion_kpa,hg0284,75.13092803955078,106.04854583740234
MLP,555,0,glass_adhesion_kpa,hg0285,245.0955352783203,227.3184814453125
MLP,555,0,glass_adhesion_kpa,hg0286,109.9504623413086,109.3643798828125
MLP,555,0,glass_adhesion_kpa,hg0287,200.08493041992188,230.3499298095703
MLP,555,0,glass_adhesion_kpa,hg0288,250.9837188720703,227.17271423339844
MLP,555,0,glass_adhesion_kpa,hg0289,81.07572174072266,122.73419189453125
MLP,555,0,glass_adhesion_kpa,hg0290,235.4706268310547,229.2045440673828
MLP,555,0,glass_adhesion_kpa,hg0291,225.3927764892578,229.9661102294922
MLP,555,0,glass_adhesion_kpa,hg0334,206.6525115966797,225.5123291015625
MLP,555,0,glass_adhesion_kpa,hg0335,193.57395935058594,153.00582885742188
MLP,555,0,glass_adhesion_kpa,hg0336,62.22222137451172,190.72935485839844
MLP,555,0,glass_adhesion_kpa,hg0337,147.99716186523438,134.2794189453125
MLP,555,0,glass_adhesion_kpa,hg0338,229.75230407714844,228.459716796875
MLP,555,0,glass_adhesion_kpa,hg0339,232.0736083984375,226.34478759765625
MLP,555,0,glass_adhesion_kpa,hg0340,199.1224365234375,226.3582305908203
Mean,555,1,glass_adhesion_kpa,hg0274,101.34465789794922,91.94306945800781
Mean,555,1,glass_adhesion_kpa,hg0275,229.6956787109375,91.94306945800781
Mean,555,1,glass_adhesion_kpa,hg0276,160.2830810546875,91.94306945800781
Mean,555,1,glass_adhesion_kpa,hg0277,100.89171600341797,91.94306945800781
Mean,555,1,glass_adhesion_kpa,hg0278,91.04033660888672,91.94306945800781
Mean,555,1,glass_adhesion_kpa,hg0279,127.67162322998047,91.94306945800781
Mean,555,1,glass_adhesion_kpa,hg0280,117.31068420410156,91.94306945800781
Mean,555,1,glass_adhesion_kpa,hg0281,155.07431030273438,91.94306945800781
Mean,555,1,glass_adhesion_kpa,hg0282,74.50814056396484,91.94306945800781
Mean,555,1,glass_adhesion_kpa,hg0283,101.62773895263672,91.94306945800781
Mean,555,1,glass_adhesion_kpa,hg0284,75.13092803955078,91.94306945800781
Mean,555,1,glass_adhesion_kpa,hg0285,245.0955352783203,91.94306945800781
Mean,555,1,glass_adhesion_kpa,hg0286,109.9504623413086,91.94306945800781
Mean,555,1,glass_adhesion_kpa,hg0287,200.08493041992188,91.94306945800781
Mean,555,1,glass_adhesion_kpa,hg0288,250.9837188720703,91.94306945800781
Mean,555,1,glass_adhesion_kpa,hg0289,81.07572174072266,91.94306945800781
Mean,555,1,glass_adhesion_kpa,hg0290,235.4706268310547,91.94306945800781
Mean,555,1,glass_adhesion_kpa,hg0291,225.3927764892578,91.94306945800781
Mean,555,1,glass_adhesion_kpa,hg0334,206.6525115966797,91.94306945800781
Mean,555,1,glass_adhesion_kpa,hg0335,193.57395935058594,91.94306945800781
Mean,555,1,glass_adhesion_kpa,hg0336,62.22222137451172,91.94306945800781
Mean,555,1,glass_adhesion_kpa,hg0337,147.99716186523438,91.94306945800781
Mean,555,1,glass_adhesion_kpa,hg0338,229.75230407714844,91.94306945800781
Mean,555,1,glass_adhesion_kpa,hg0339,232.0736083984375,91.94306945800781
Mean,555,1,glass_adhesion_kpa,hg0340,199.1224365234375,91.94306945800781
Ridge,555,1,glass_adhesion_kpa,hg0274,101.34465789794922,177.4040069580078
Ridge,555,1,glass_adhesion_kpa,hg0275,229.6956787109375,222.51657104492188
Ridge,555,1,glass_adhesion_kpa,hg0276,160.2830810546875,143.856689453125
Ridge,555,1,glass_adhesion_kpa,hg0277,100.89171600341797,72.01312255859375
Ridge,555,1,glass_adhesion_kpa,hg0278,91.04033660888672,69.65746307373047
Ridge,555,1,glass_adhesion_kpa,hg0279,127.67162322998047,143.6016082763672
Ridge,555,1,glass_adhesion_kpa,hg0280,117.31068420410156,202.67822265625
Ridge,555,1,glass_adhesion_kpa,hg0281,155.07431030273438,157.20236206054688
Ridge,555,1,glass_adhesion_kpa,hg0282,74.50814056396484,120.48310852050781
Ridge,555,1,glass_adhesion_kpa,hg0283,101.62773895263672,179.61978149414062
Ridge,555,1,glass_adhesion_kpa,hg0284,75.13092803955078,90.74472045898438
Ridge,555,1,glass_adhesion_kpa,hg0285,245.0955352783203,224.52658081054688
Ridge,555,1,glass_adhesion_kpa,hg0286,109.9504623413086,127.71705627441406
Ridge,555,1,glass_adhesion_kpa,hg0287,200.08493041992188,219.05819702148438
Ridge,555,1,glass_adhesion_kpa,hg0288,250.9837188720703,224.5272216796875
Ridge,555,1,glass_adhesion_kpa,hg0289,81.07572174072266,136.57992553710938
Ridge,555,1,glass_adhesion_kpa,hg0290,235.4706268310547,222.92108154296875
Ridge,555,1,glass_adhesion_kpa,hg0291,225.3927764892578,220.4949493408203
Ridge,555,1,glass_adhesion_kpa,hg0334,206.6525115966797,222.11831665039062
Ridge,555,1,glass_adhesion_kpa,hg0335,193.57395935058594,176.45492553710938
Ridge,555,1,glass_adhesion_kpa,hg0336,62.22222137451172,143.30810546875
Ridge,555,1,glass_adhesion_kpa,hg0337,147.99716186523438,135.22409057617188
Ridge,555,1,glass_adhesion_kpa,hg0338,229.75230407714844,222.40927124023438
Ridge,555,1,glass_adhesion_kpa,hg0339,232.0736083984375,225.1510009765625
Ridge,555,1,glass_adhesion_kpa,hg0340,199.1224365234375,206.57070922851562
ElasticNet,555,1,glass_adhesion_kpa,hg0274,101.34465789794922,177.38327026367188
ElasticNet,555,1,glass_adhesion_kpa,hg0275,229.6956787109375,222.51211547851562
ElasticNet,555,1,glass_adhesion_kpa,hg0276,160.2830810546875,143.80577087402344
ElasticNet,555,1,glass_adhesion_kpa,hg0277,100.89171600341797,71.91761016845703
ElasticNet,555,1,glass_adhesion_kpa,hg0278,91.04033660888672,69.64090728759766
ElasticNet,555,1,glass_adhesion_kpa,hg0279,127.67162322998047,143.62203979492188
ElasticNet,555,1,glass_adhesion_kpa,hg0280,117.31068420410156,202.645263671875
ElasticNet,555,1,glass_adhesion_kpa,hg0281,155.07431030273438,157.1409912109375
ElasticNet,555,1,glass_adhesion_kpa,hg0282,74.50814056396484,120.44136047363281
ElasticNet,555,1,glass_adhesion_kpa,hg0283,101.62773895263672,179.59942626953125
ElasticNet,555,1,glass_adhesion_kpa,hg0284,75.13092803955078,90.75997924804688
ElasticNet,555,1,glass_adhesion_kpa,hg0285,245.0955352783203,224.51512145996094
ElasticNet,555,1,glass_adhesion_kpa,hg0286,109.9504623413086,127.67789459228516
ElasticNet,555,1,glass_adhesion_kpa,hg0287,200.08493041992188,219.07473754882812
ElasticNet,555,1,glass_adhesion_kpa,hg0288,250.9837188720703,224.51687622070312
ElasticNet,555,1,glass_adhesion_kpa,hg0289,81.07572174072266,136.58636474609375
ElasticNet,555,1,glass_adhesion_kpa,hg0290,235.4706268310547,222.91757202148438
ElasticNet,555,1,glass_adhesion_kpa,hg0291,225.3927764892578,220.50099182128906
ElasticNet,555,1,glass_adhesion_kpa,hg0334,206.6525115966797,222.1071319580078
ElasticNet,555,1,glass_adhesion_kpa,hg0335,193.57395935058594,176.40655517578125
ElasticNet,555,1,glass_adhesion_kpa,hg0336,62.22222137451172,143.40499877929688
ElasticNet,555,1,glass_adhesion_kpa,hg0337,147.99716186523438,135.24630737304688
ElasticNet,555,1,glass_adhesion_kpa,hg0338,229.75230407714844,222.40492248535156
ElasticNet,555,1,glass_adhesion_kpa,hg0339,232.0736083984375,225.1372528076172
ElasticNet,555,1,glass_adhesion_kpa,hg0340,199.1224365234375,206.63442993164062
KNN,555,1,glass_adhesion_kpa,hg0274,101.34465789794922,170.36325661609942
KNN,555,1,glass_adhesion_kpa,hg0275,229.6956787109375,253.82728672963785
KNN,555,1,glass_adhesion_kpa,hg0276,160.2830810546875,129.68470402508314
KNN,555,1,glass_adhesion_kpa,hg0277,100.89171600341797,94.83692485570784
KNN,555,1,glass_adhesion_kpa,hg0278,91.04033660888672,103.24929016675691
KNN,555,1,glass_adhesion_kpa,hg0279,127.67162322998047,115.91339944938235
KNN,555,1,glass_adhesion_kpa,hg0280,117.31068420410156,201.3667396590962
KNN,555,1,glass_adhesion_kpa,hg0281,155.07431030273438,144.9472447606629
KNN,555,1,glass_adhesion_kpa,hg0282,74.50814056396484,111.71294279994105
KNN,555,1,glass_adhesion_kpa,hg0283,101.62773895263672,171.46919692664804
KNN,555,1,glass_adhesion_kpa,hg0284,75.13092803955078,86.52276923058031
KNN,555,1,glass_adhesion_kpa,hg0285,245.0955352783203,261.6642266482701
KNN,555,1,glass_adhesion_kpa,hg0286,109.9504623413086,118.10722967385533
KNN,555,1,glass_adhesion_kpa,hg0287,200.08493041992188,239.43371774771703
KNN,555,1,glass_adhesion_kpa,hg0288,250.9837188720703,265.562388566438
KNN,555,1,glass_adhesion_kpa,hg0289,81.07572174072266,93.59707748820455
KNN,555,1,glass_adhesion_kpa,hg0290,235.4706268310547,267.2881610994215
KNN,555,1,glass_adhesion_kpa,hg0291,225.3927764892578,251.9884457876844
KNN,555,1,glass_adhesion_kpa,hg0334,206.6525115966797,248.00734118138985
KNN,555,1,glass_adhesion_kpa,hg0335,193.57395935058594,154.23263008606634
KNN,555,1,glass_adhesion_kpa,hg0336,62.22222137451172,183.78983856168406
KNN,555,1,glass_adhesion_kpa,hg0337,147.99716186523438,182.47857887102603
KNN,555,1,glass_adhesion_kpa,hg0338,229.75230407714844,253.9815445990611
KNN,555,1,glass_adhesion_kpa,hg0339,232.0736083984375,255.17808317472492
KNN,555,1,glass_adhesion_kpa,hg0340,199.1224365234375,225.97727276254724
SVR-RBF,555,1,glass_adhesion_kpa,hg0274,101.34465789794922,156.53169032296378
SVR-RBF,555,1,glass_adhesion_kpa,hg0275,229.6956787109375,235.30511275837415
SVR-RBF,555,1,glass_adhesion_kpa,hg0276,160.2830810546875,94.86468369133186
SVR-RBF,555,1,glass_adhesion_kpa,hg0277,100.89171600341797,75.7415971468547
SVR-RBF,555,1,glass_adhesion_kpa,hg0278,91.04033660888672,76.98439724743238
SVR-RBF,555,1,glass_adhesion_kpa,hg0279,127.67162322998047,83.68402942752024
SVR-RBF,555,1,glass_adhesion_kpa,hg0280,117.31068420410156,187.84950444697824
SVR-RBF,555,1,glass_adhesion_kpa,hg0281,155.07431030273438,115.79657272519987
SVR-RBF,555,1,glass_adhesion_kpa,hg0282,74.50814056396484,126.44246273775379
SVR-RBF,555,1,glass_adhesion_kpa,hg0283,101.62773895263672,158.85385514170167
SVR-RBF,555,1,glass_adhesion_kpa,hg0284,75.13092803955078,36.85743562340301
SVR-RBF,555,1,glass_adhesion_kpa,hg0285,245.0955352783203,237.24570049682012
SVR-RBF,555,1,glass_adhesion_kpa,hg0286,109.9504623413086,69.23397194084464
SVR-RBF,555,1,glass_adhesion_kpa,hg0287,200.08493041992188,217.99691774395836
SVR-RBF,555,1,glass_adhesion_kpa,hg0288,250.9837188720703,232.34764538077104
SVR-RBF,555,1,glass_adhesion_kpa,hg0289,81.07572174072266,77.07581737094853
SVR-RBF,555,1,glass_adhesion_kpa,hg0290,235.4706268310547,232.69460663154194
SVR-RBF,555,1,glass_adhesion_kpa,hg0291,225.3927764892578,229.4930521605611
SVR-RBF,555,1,glass_adhesion_kpa,hg0334,206.6525115966797,235.92732059987156
SVR-RBF,555,1,glass_adhesion_kpa,hg0335,193.57395935058594,144.56950343792278
SVR-RBF,555,1,glass_adhesion_kpa,hg0336,62.22222137451172,204.30763032679556
SVR-RBF,555,1,glass_adhesion_kpa,hg0337,147.99716186523438,157.46017294798474
SVR-RBF,555,1,glass_adhesion_kpa,hg0338,229.75230407714844,235.3064494984223
SVR-RBF,555,1,glass_adhesion_kpa,hg0339,232.0736083984375,237.10458781366543
SVR-RBF,555,1,glass_adhesion_kpa,hg0340,199.1224365234375,202.50007050985937
RandomForest,555,1,glass_adhesion_kpa,hg0274,101.34465789794922,183.50823575238266
RandomForest,555,1,glass_adhesion_kpa,hg0275,229.6956787109375,256.87936211517786
RandomForest,555,1,glass_adhesion_kpa,hg0276,160.2830810546875,135.38275784871857
RandomForest,555,1,glass_adhesion_kpa,hg0277,100.89171600341797,82.27393090967486
RandomForest,555,1,glass_adhesion_kpa,hg0278,91.04033660888672,87.794982682067
RandomForest,555,1,glass_adhesion_kpa,hg0279,127.67162322998047,119.53879577269575
RandomForest,555,1,glass_adhesion_kpa,hg0280,117.31068420410156,184.03070870309327
RandomForest,555,1,glass_adhesion_kpa,hg0281,155.07431030273438,141.12470224950403
RandomForest,555,1,glass_adhesion_kpa,hg0282,74.50814056396484,114.95576092560613
RandomForest,555,1,glass_adhesion_kpa,hg0283,101.62773895263672,182.93619714486096
RandomForest,555,1,glass_adhesion_kpa,hg0284,75.13092803955078,87.0478255854088
RandomForest,555,1,glass_adhesion_kpa,hg0285,245.0955352783203,256.51527333427805
RandomForest,555,1,glass_adhesion_kpa,hg0286,109.9504623413086,115.49099848187225
RandomForest,555,1,glass_adhesion_kpa,hg0287,200.08493041992188,238.15435870104773
RandomForest,555,1,glass_adhesion_kpa,hg0288,250.9837188720703,261.8518037499208
RandomForest,555,1,glass_adhesion_kpa,hg0289,81.07572174072266,116.57141895417698
RandomForest,555,1,glass_adhesion_kpa,hg0290,235.4706268310547,264.86812509406775
RandomForest,555,1,glass_adhesion_kpa,hg0291,225.3927764892578,246.72423954050655
RandomForest,555,1,glass_adhesion_kpa,hg0334,206.6525115966797,227.0828961430476
RandomForest,555,1,glass_adhesion_kpa,hg0335,193.57395935058594,155.87202834015682
RandomForest,555,1,glass_adhesion_kpa,hg0336,62.22222137451172,164.99554665451757
RandomForest,555,1,glass_adhesion_kpa,hg0337,147.99716186523438,164.75642683501573
RandomForest,555,1,glass_adhesion_kpa,hg0338,229.75230407714844,255.53885956326943
RandomForest,555,1,glass_adhesion_kpa,hg0339,232.0736083984375,262.7218080757697
RandomForest,555,1,glass_adhesion_kpa,hg0340,199.1224365234375,200.98711398218185
HistGB,555,1,glass_adhesion_kpa,hg0274,101.34465789794922,169.9020322184536
HistGB,555,1,glass_adhesion_kpa,hg0275,229.6956787109375,248.03226879750216
HistGB,555,1,glass_adhesion_kpa,hg0276,160.2830810546875,99.86110564986008
HistGB,555,1,glass_adhesion_kpa,hg0277,100.89171600341797,64.29253524516366
HistGB,555,1,glass_adhesion_kpa,hg0278,91.04033660888672,99.97542395972432
HistGB,555,1,glass_adhesion_kpa,hg0279,127.67162322998047,117.65372071211357
HistGB,555,1,glass_adhesion_kpa,hg0280,117.31068420410156,179.35023992843688
HistGB,555,1,glass_adhesion_kpa,hg0281,155.07431030273438,105.97253771078189
HistGB,555,1,glass_adhesion_kpa,hg0282,74.50814056396484,107.94815237491429
HistGB,555,1,glass_adhesion_kpa,hg0283,101.62773895263672,169.9020322184536
HistGB,555,1,glass_adhesion_kpa,hg0284,75.13092803955078,81.928263606826
HistGB,555,1,glass_adhesion_kpa,hg0285,245.0955352783203,258.86148128404534
HistGB,555,1,glass_adhesion_kpa,hg0286,109.9504623413086,86.6010871150587
HistGB,555,1,glass_adhesion_kpa,hg0287,200.08493041992188,235.62415554226445
HistGB,555,1,glass_adhesion_kpa,hg0288,250.9837188720703,264.9037164950873
HistGB,555,1,glass_adhesion_kpa,hg0289,81.07572174072266,97.82612846211518
HistGB,555,1,glass_adhesion_kpa,hg0290,235.4706268310547,265.3216998533321
HistGB,555,1,glass_adhesion_kpa,hg0291,225.3927764892578,250.35540913472354
HistGB,555,1,glass_adhesion_kpa,hg0334,206.6525115966797,212.8726026119017
HistGB,555,1,glass_adhesion_kpa,hg0335,193.57395935058594,189.07239447874508
HistGB,555,1,glass_adhesion_kpa,hg0336,62.22222137451172,158.80696682217342
HistGB,555,1,glass_adhesion_kpa,hg0337,147.99716186523438,146.00221831106956
HistGB,555,1,glass_adhesion_kpa,hg0338,229.75230407714844,248.03226879750216
HistGB,555,1,glass_adhesion_kpa,hg0339,232.0736083984375,258.86148128404534
HistGB,555,1,glass_adhesion_kpa,hg0340,199.1224365234375,204.20086963285937
MLP,555,1,glass_adhesion_kpa,hg0274,101.34465789794922,183.25759887695312
MLP,555,1,glass_adhesion_kpa,hg0275,229.6956787109375,228.5142059326172
MLP,555,1,glass_adhesion_kpa,hg0276,160.2830810546875,135.9151611328125
MLP,555,1,glass_adhesion_kpa,hg0277,100.89171600341797,70.22171020507812
MLP,555,1,glass_adhesion_kpa,hg0278,91.04033660888672,44.208377838134766
MLP,555,1,glass_adhesion_kpa,hg0279,127.67162322998047,133.2659912109375
MLP,555,1,glass_adhesion_kpa,hg0280,117.31068420410156,207.5465545654297
MLP,555,1,glass_adhesion_kpa,hg0281,155.07431030273438,144.17979431152344
MLP,555,1,glass_adhesion_kpa,hg0282,74.50814056396484,93.53952026367188
MLP,555,1,glass_adhesion_kpa,hg0283,101.62773895263672,184.9566192626953
MLP,555,1,glass_adhesion_kpa,hg0284,75.13092803955078,136.41317749023438
MLP,555,1,glass_adhesion_kpa,hg0285,245.0955352783203,227.46368408203125
MLP,555,1,glass_adhesion_kpa,hg0286,109.9504623413086,128.84080505371094
MLP,555,1,glass_adhesion_kpa,hg0287,200.08493041992188,226.74624633789062
MLP,555,1,glass_adhesion_kpa,hg0288,250.9837188720703,225.77951049804688
MLP,555,1,glass_adhesion_kpa,hg0289,81.07572174072266,125.18293762207031
MLP,555,1,glass_adhesion_kpa,hg0290,235.4706268310547,227.35256958007812
MLP,555,1,glass_adhesion_kpa,hg0291,225.3927764892578,228.38250732421875
MLP,555,1,glass_adhesion_kpa,hg0334,206.6525115966797,229.26144409179688
MLP,555,1,glass_adhesion_kpa,hg0335,193.57395935058594,170.5459747314453
MLP,555,1,glass_adhesion_kpa,hg0336,62.22222137451172,174.6083526611328
MLP,555,1,glass_adhesion_kpa,hg0337,147.99716186523438,133.26988220214844
MLP,555,1,glass_adhesion_kpa,hg0338,229.75230407714844,228.59669494628906
MLP,555,1,glass_adhesion_kpa,hg0339,232.0736083984375,226.97499084472656
MLP,555,1,glass_adhesion_kpa,hg0340,199.1224365234375,229.5879364013672
Mean,555,2,glass_adhesion_kpa,hg0274,101.34465789794922,92.85029602050781
Mean,555,2,glass_adhesion_kpa,hg0275,229.6956787109375,92.85029602050781
Mean,555,2,glass_adhesion_kpa,hg0276,160.2830810546875,92.85029602050781
Mean,555,2,glass_adhesion_kpa,hg0277,100.89171600341797,92.85029602050781
Mean,555,2,glass_adhesion_kpa,hg0278,91.04033660888672,92.85029602050781
Mean,555,2,glass_adhesion_kpa,hg0279,127.67162322998047,92.85029602050781
Mean,555,2,glass_adhesion_kpa,hg0280,117.31068420410156,92.85029602050781
Mean,555,2,glass_adhesion_kpa,hg0281,155.07431030273438,92.85029602050781
Mean,555,2,glass_adhesion_kpa,hg0282,74.50814056396484,92.85029602050781
Mean,555,2,glass_adhesion_kpa,hg0283,101.62773895263672,92.85029602050781
Mean,555,2,glass_adhesion_kpa,hg0284,75.13092803955078,92.85029602050781
Mean,555,2,glass_adhesion_kpa,hg0285,245.0955352783203,92.85029602050781
Mean,555,2,glass_adhesion_kpa,hg0286,109.9504623413086,92.85029602050781
Mean,555,2,glass_adhesion_kpa,hg0287,200.08493041992188,92.85029602050781
Mean,555,2,glass_adhesion_kpa,hg0288,250.9837188720703,92.85029602050781
Mean,555,2,glass_adhesion_kpa,hg0289,81.07572174072266,92.85029602050781
Mean,555,2,glass_adhesion_kpa,hg0290,235.4706268310547,92.85029602050781
Mean,555,2,glass_adhesion_kpa,hg0291,225.3927764892578,92.85029602050781
Mean,555,2,glass_adhesion_kpa,hg0334,206.6525115966797,92.85029602050781
Mean,555,2,glass_adhesion_kpa,hg0335,193.57395935058594,92.85029602050781
Mean,555,2,glass_adhesion_kpa,hg0336,62.22222137451172,92.85029602050781
Mean,555,2,glass_adhesion_kpa,hg0337,147.99716186523438,92.85029602050781
Mean,555,2,glass_adhesion_kpa,hg0338,229.75230407714844,92.85029602050781
Mean,555,2,glass_adhesion_kpa,hg0339,232.0736083984375,92.85029602050781
Mean,555,2,glass_adhesion_kpa,hg0340,199.1224365234375,92.85029602050781
Ridge,555,2,glass_adhesion_kpa,hg0274,101.34465789794922,173.01744079589844
Ridge,555,2,glass_adhesion_kpa,hg0275,229.6956787109375,228.45782470703125
Ridge,555,2,glass_adhesion_kpa,hg0276,160.2830810546875,136.07635498046875
Ridge,555,2,glass_adhesion_kpa,hg0277,100.89171600341797,78.45240020751953
Ridge,555,2,glass_adhesion_kpa,hg0278,91.04033660888672,58.68922805786133
Ridge,555,2,glass_adhesion_kpa,hg0279,127.67162322998047,140.24928283691406
Ridge,555,2,glass_adhesion_kpa,hg0280,117.31068420410156,202.07473754882812
Ridge,555,2,glass_adhesion_kpa,hg0281,155.07431030273438,149.78689575195312
Ridge,555,2,glass_adhesion_kpa,hg0282,74.50814056396484,117.4691162109375
Ridge,555,2,glass_adhesion_kpa,hg0283,101.62773895263672,175.63238525390625
Ridge,555,2,glass_adhesion_kpa,hg0284,75.13092803955078,85.11573791503906
Ridge,555,2,glass_adhesion_kpa,hg0285,245.0955352783203,229.96437072753906
Ridge,555,2,glass_adhesion_kpa,hg0286,109.9504623413086,121.04315948486328
Ridge,555,2,glass_adhesion_kpa,hg0287,200.08493041992188,227.942626953125
Ridge,555,2,glass_adhesion_kpa,hg0288,250.9837188720703,230.73316955566406
Ridge,555,2,glass_adhesion_kpa,hg0289,81.07572174072266,134.832763671875
Ridge,555,2,glass_adhesion_kpa,hg0290,235.4706268310547,229.63150024414062
Ridge,555,2,glass_adhesion_kpa,hg0291,225.3927764892578,227.47259521484375
Ridge,555,2,glass_adhesion_kpa,hg0334,206.6525115966797,226.51516723632812
Ridge,555,2,glass_adhesion_kpa,hg0335,193.57395935058594,173.85269165039062
Ridge,555,2,glass_adhesion_kpa,hg0336,62.22222137451172,140.48287963867188
Ridge,555,2,glass_adhesion_kpa,hg0337,147.99716186523438,138.51902770996094
Ridge,555,2,glass_adhesion_kpa,hg0338,229.75230407714844,228.29954528808594
Ridge,555,2,glass_adhesion_kpa,hg0339,232.0736083984375,230.23876953125
Ridge,555,2,glass_adhesion_kpa,hg0340,199.1224365234375,213.4764404296875
ElasticNet,555,2,glass_adhesion_kpa,hg0274,101.34465789794922,173.09388732910156
ElasticNet,555,2,glass_adhesion_kpa,hg0275,229.6956787109375,228.37538146972656
ElasticNet,555,2,glass_adhesion_kpa,hg0276,160.2830810546875,135.38949584960938
ElasticNet,555,2,glass_adhesion_kpa,hg0277,100.89171600341797,78.11212158203125
ElasticNet,555,2,glass_adhesion_kpa,hg0278,91.04033660888672,58.67487716674805
ElasticNet,555,2,glass_adhesion_kpa,hg0279,127.67162322998047,140.16310119628906
ElasticNet,555,2,glass_adhesion_kpa,hg0280,117.31068420410156,201.67532348632812
ElasticNet,555,2,glass_adhesion_kpa,hg0281,155.07431030273438,148.9187774658203
ElasticNet,555,2,glass_adhesion_kpa,hg0282,74.50814056396484,117.04499053955078
ElasticNet,555,2,glass_adhesion_kpa,hg0283,101.62773895263672,175.7040557861328
ElasticNet,555,2,glass_adhesion_kpa,hg0284,75.13092803955078,85.39692687988281
ElasticNet,555,2,glass_adhesion_kpa,hg0285,245.0955352783203,229.78562927246094
ElasticNet,555,2,glass_adhesion_kpa,hg0286,109.9504623413086,120.43119049072266
ElasticNet,555,2,glass_adhesion_kpa,hg0287,200.08493041992188,228.20132446289062
ElasticNet,555,2,glass_adhesion_kpa,hg0288,250.9837188720703,230.58778381347656
ElasticNet,555,2,glass_adhesion_kpa,hg0289,81.07572174072266,134.69625854492188
ElasticNet,555,2,glass_adhesion_kpa,hg0290,235.4706268310547,229.5811767578125
ElasticNet,555,2,glass_adhesion_kpa,hg0291,225.3927764892578,227.5483856201172
ElasticNet,555,2,glass_adhesion_kpa,hg0334,206.6525115966797,226.3078155517578
ElasticNet,555,2,glass_adhesion_kpa,hg0335,193.57395935058594,173.06512451171875
ElasticNet,555,2,glass_adhesion_kpa,hg0336,62.22222137451172,142.47140502929688
ElasticNet,555,2,glass_adhesion_kpa,hg0337,147.99716186523438,138.68887329101562
ElasticNet,555,2,glass_adhesion_kpa,hg0338,229.75230407714844,228.21702575683594
ElasticNet,555,2,glass_adhesion_kpa,hg0339,232.0736083984375,230.0252685546875
ElasticNet,555,2,glass_adhesion_kpa,hg0340,199.1224365234375,214.301513671875
KNN,555,2,glass_adhesion_kpa,hg0274,101.34465789794922,170.88977711761981
KNN,555,2,glass_adhesion_kpa,hg0275,229.6956787109375,276.4524889872476
KNN,555,2,glass_adhesion_kpa,hg0276,160.2830810546875,122.68023507598353
KNN,555,2,glass_adhesion_kpa,hg0277,100.89171600341797,88.0904676476355
KNN,555,2,glass_adhesion_kpa,hg0278,91.04033660888672,105.32954242111543
KNN,555,2,glass_adhesion_kpa,hg0279,127.67162322998047,143.07666675736715
KNN,555,2,glass_adhesion_kpa,hg0280,117.31068420410156,208.59550075512533
KNN,555,2,glass_adhesion_kpa,hg0281,155.07431030273438,148.5677938983941
KNN,555,2,glass_adhesion_kpa,hg0282,74.50814056396484,112.25021388212848
KNN,555,2,glass_adhesion_kpa,hg0283,101.62773895263672,172.01763957162373
KNN,555,2,glass_adhesion_kpa,hg0284,75.13092803955078,90.51799533093424
KNN,555,2,glass_adhesion_kpa,hg0285,245.0955352783203,268.318073418247
KNN,555,2,glass_adhesion_kpa,hg0286,109.9504623413086,117.95166795920088
KNN,555,2,glass_adhesion_kpa,hg0287,200.08493041992188,253.03942428268473
KNN,555,2,glass_adhesion_kpa,hg0288,250.9837188720703,268.6264177515391
KNN,555,2,glass_adhesion_kpa,hg0289,81.07572174072266,104.69570011786954
KNN,555,2,glass_adhesion_kpa,hg0290,235.4706268310547,269.718437776291
KNN,555,2,glass_adhesion_kpa,hg0291,225.3927764892578,271.4296553182927
KNN,555,2,glass_adhesion_kpa,hg0334,206.6525115966797,278.0115934326911
KNN,555,2,glass_adhesion_kpa,hg0335,193.57395935058594,159.30329935267628
KNN,555,2,glass_adhesion_kpa,hg0336,62.22222137451172,171.5430527920507
KNN,555,2,glass_adhesion_kpa,hg0337,147.99716186523438,166.78140444231468
KNN,555,2,glass_adhesion_kpa,hg0338,229.75230407714844,277.0469557813909
KNN,555,2,glass_adhesion_kpa,hg0339,232.0736083984375,265.4153091488562
KNN,555,2,glass_adhesion_kpa,hg0340,199.1224365234375,246.35333103996285
SVR-RBF,555,2,glass_adhesion_kpa,hg0274,101.34465789794922,150.2406002030308
SVR-RBF,555,2,glass_adhesion_kpa,hg0275,229.6956787109375,252.51724835995282
SVR-RBF,555,2,glass_adhesion_kpa,hg0276,160.2830810546875,123.87849853978592
SVR-RBF,555,2,glass_adhesion_kpa,hg0277,100.89171600341797,86.8641193917642
SVR-RBF,555,2,glass_adhesion_kpa,hg0278,91.04033660888672,67.75816011225484
SVR-RBF,555,2,glass_adhesion_kpa,hg0279,127.67162322998047,126.44413446412871
SVR-RBF,555,2,glass_adhesion_kpa,hg0280,117.31068420410156,202.93978486772596
SVR-RBF,555,2,glass_adhesion_kpa,hg0281,155.07431030273438,148.44792876476754
SVR-RBF,555,2,glass_adhesion_kpa,hg0282,74.50814056396484,83.50105360236924
SVR-RBF,555,2,glass_adhesion_kpa,hg0283,101.62773895263672,154.059918720629
SVR-RBF,555,2,glass_adhesion_kpa,hg0284,75.13092803955078,49.517951856328814
SVR-RBF,555,2,glass_adhesion_kpa,hg0285,245.0955352783203,253.44636990264542
SVR-RBF,555,2,glass_adhesion_kpa,hg0286,109.9504623413086,103.57458976761669
SVR-RBF,555,2,glass_adhesion_kpa,hg0287,200.08493041992188,240.88717021491385
SVR-RBF,555,2,glass_adhesion_kpa,hg0288,250.9837188720703,249.60424655152087
SVR-RBF,555,2,glass_adhesion_kpa,hg0289,81.07572174072266,124.54248384272925
SVR-RBF,555,2,glass_adhesion_kpa,hg0290,235.4706268310547,251.39221694094232
SVR-RBF,555,2,glass_adhesion_kpa,hg0291,225.3927764892578,248.8781663471662
SVR-RBF,555,2,glass_adhesion_kpa,hg0334,206.6525115966797,249.1010675419289
SVR-RBF,555,2,glass_adhesion_kpa,hg0335,193.57395935058594,156.86254395596637
SVR-RBF,555,2,glass_adhesion_kpa,hg0336,62.22222137451172,170.8199209256727
SVR-RBF,555,2,glass_adhesion_kpa,hg0337,147.99716186523438,140.32707076812585
SVR-RBF,555,2,glass_adhesion_kpa,hg0338,229.75230407714844,252.39277019722903
SVR-RBF,555,2,glass_adhesion_kpa,hg0339,232.0736083984375,252.5791750959125
SVR-RBF,555,2,glass_adhesion_kpa,hg0340,199.1224365234375,219.53921429357547
RandomForest,555,2,glass_adhesion_kpa,hg0274,101.34465789794922,178.7274278381167
RandomForest,555,2,glass_adhesion_kpa,hg0275,229.6956787109375,273.1630076872997
RandomForest,555,2,glass_adhesion_kpa,hg0276,160.2830810546875,139.54848963645318
RandomForest,555,2,glass_adhesion_kpa,hg0277,100.89171600341797,96.37374070856933
RandomForest,555,2,glass_adhesion_kpa,hg0278,91.04033660888672,91.54520447108402
RandomForest,555,2,glass_adhesion_kpa,hg0279,127.67162322998047,124.0122782389323
RandomForest,555,2,glass_adhesion_kpa,hg0280,117.31068420410156,178.26466456907977
RandomForest,555,2,glass_adhesion_kpa,hg0281,155.07431030273438,140.5388981858654
RandomForest,555,2,glass_adhesion_kpa,hg0282,74.50814056396484,105.59138831537386
RandomForest,555,2,glass_adhesion_kpa,hg0283,101.62773895263672,180.79412035970293
RandomForest,555,2,glass_adhesion_kpa,hg0284,75.13092803955078,81.96663567159302
RandomForest,555,2,glass_adhesion_kpa,hg0285,245.0955352783203,254.62876991407407
RandomForest,555,2,glass_adhesion_kpa,hg0286,109.9504623413086,114.61138029869727
RandomForest,555,2,glass_adhesion_kpa,hg0287,200.08493041992188,250.64502234524758
RandomForest,555,2,glass_adhesion_kpa,hg0288,250.9837188720703,259.53648195887456
RandomForest,555,2,glass_adhesion_kpa,hg0289,81.07572174072266,124.7404837937515
RandomForest,555,2,glass_adhesion_kpa,hg0290,235.4706268310547,260.17925799668893
RandomForest,555,2,glass_adhesion_kpa,hg0291,225.3927764892578,266.1796723239756
RandomForest,555,2,glass_adhesion_kpa,hg0334,206.6525115966797,273.69288439628406
RandomForest,555,2,glass_adhesion_kpa,hg0335,193.57395935058594,140.55274280194465
RandomForest,555,2,glass_adhesion_kpa,hg0336,62.22222137451172,125.57756922230918
RandomForest,555,2,glass_adhesion_kpa,hg0337,147.99716186523438,143.0594191186762
RandomForest,555,2,glass_adhesion_kpa,hg0338,229.75230407714844,271.92837536452555
RandomForest,555,2,glass_adhesion_kpa,hg0339,232.0736083984375,256.2762507752789
RandomForest,555,2,glass_adhesion_kpa,hg0340,199.1224365234375,218.2655024330997
HistGB,555,2,glass_adhesion_kpa,hg0274,101.34465789794922,183.05958490160208
HistGB,555,2,glass_adhesion_kpa,hg0275,229.6956787109375,266.747551950138
HistGB,555,2,glass_adhesion_kpa,hg0276,160.2830810546875,141.81527218665641
HistGB,555,2,glass_adhesion_kpa,hg0277,100.89171600341797,89.63452063370904
HistGB,555,2,glass_adhesion_kpa,hg0278,91.04033660888672,87.33283771617343
HistGB,555,2,glass_adhesion_kpa,hg0279,127.67162322998047,113.1270510820872
HistGB,555,2,glass_adhesion_kpa,hg0280,117.31068420410156,179.28726101187362
HistGB,555,2,glass_adhesion_kpa,hg0281,155.07431030273438,114.1136335092056
HistGB,555,2,glass_adhesion_kpa,hg0282,74.50814056396484,102.01077102212211
HistGB,555,2,glass_adhesion_kpa,hg0283,101.62773895263672,182.5854688367596
HistGB,555,2,glass_adhesion_kpa,hg0284,75.13092803955078,57.02492532896001
HistGB,555,2,glass_adhesion_kpa,hg0285,245.0955352783203,286.47562582323883
HistGB,555,2,glass_adhesion_kpa,hg0286,109.9504623413086,103.22106033914847
HistGB,555,2,glass_adhesion_kpa,hg0287,200.08493041992188,241.4262903916668
HistGB,555,2,glass_adhesion_kpa,hg0288,250.9837188720703,259.8551876971209
HistGB,555,2,glass_adhesion_kpa,hg0289,81.07572174072266,117.78898443319663
HistGB,555,2,glass_adhesion_kpa,hg0290,235.4706268310547,274.6615531202847
HistGB,555,2,glass_adhesion_kpa,hg0291,225.3927764892578,239.5112330753831
HistGB,555,2,glass_adhesion_kpa,hg0334,206.6525115966797,288.1180605328187
HistGB,555,2,glass_adhesion_kpa,hg0335,193.57395935058594,113.369939297626
HistGB,555,2,glass_adhesion_kpa,hg0336,62.22222137451172,125.60445915685847
HistGB,555,2,glass_adhesion_kpa,hg0337,147.99716186523438,177.68138139040013
HistGB,555,2,glass_adhesion_kpa,hg0338,229.75230407714844,267.0334068685281
HistGB,555,2,glass_adhesion_kpa,hg0339,232.0736083984375,278.6226043073371
HistGB,555,2,glass_adhesion_kpa,hg0340,199.1224365234375,185.76215825111765
MLP,555,2,glass_adhesion_kpa,hg0274,101.34465789794922,162.3390350341797
MLP,555,2,glass_adhesion_kpa,hg0275,229.6956787109375,196.2446746826172
MLP,555,2,glass_adhesion_kpa,hg0276,160.2830810546875,132.0025634765625
MLP,555,2,glass_adhesion_kpa,hg0277,100.89171600341797,45.051979064941406
MLP,555,2,glass_adhesion_kpa,hg0278,91.04033660888672,21.562297821044922
MLP,555,2,glass_adhesion_kpa,hg0279,127.67162322998047,86.94268798828125
MLP,555,2,glass_adhesion_kpa,hg0280,117.31068420410156,193.82254028320312
MLP,555,2,glass_adhesion_kpa,hg0281,155.07431030273438,146.63934326171875
MLP,555,2,glass_adhesion_kpa,hg0282,74.50814056396484,72.56122589111328
MLP,555,2,glass_adhesion_kpa,hg0283,101.62773895263672,163.74949645996094
MLP,555,2,glass_adhesion_kpa,hg0284,75.13092803955078,110.38345336914062
MLP,555,2,glass_adhesion_kpa,hg0285,245.0955352783203,193.0636444091797
MLP,555,2,glass_adhesion_kpa,hg0286,109.9504623413086,118.28217315673828
MLP,555,2,glass_adhesion_kpa,hg0287,200.08493041992188,192.1039581298828
MLP,555,2,glass_adhesion_kpa,hg0288,250.9837188720703,189.73098754882812
MLP,555,2,glass_adhesion_kpa,hg0289,81.07572174072266,69.44470977783203
MLP,555,2,glass_adhesion_kpa,hg0290,235.4706268310547,193.08938598632812
MLP,555,2,glass_adhesion_kpa,hg0291,225.3927764892578,196.13059997558594
MLP,555,2,glass_adhesion_kpa,hg0334,206.6525115966797,200.4077606201172
MLP,555,2,glass_adhesion_kpa,hg0335,193.57395935058594,169.72425842285156
MLP,555,2,glass_adhesion_kpa,hg0336,62.22222137451172,147.15794372558594
MLP,555,2,glass_adhesion_kpa,hg0337,147.99716186523438,115.51457977294922
MLP,555,2,glass_adhesion_kpa,hg0338,229.75230407714844,196.55712890625
MLP,555,2,glass_adhesion_kpa,hg0339,232.0736083984375,191.80076599121094
MLP,555,2,glass_adhesion_kpa,hg0340,199.1224365234375,200.06607055664062
Mean,555,3,glass_adhesion_kpa,hg0274,101.34465789794922,92.04266357421875
Mean,555,3,glass_adhesion_kpa,hg0275,229.6956787109375,92.04266357421875
Mean,555,3,glass_adhesion_kpa,hg0276,160.2830810546875,92.04266357421875
Mean,555,3,glass_adhesion_kpa,hg0277,100.89171600341797,92.04266357421875
Mean,555,3,glass_adhesion_kpa,hg0278,91.04033660888672,92.04266357421875
Mean,555,3,glass_adhesion_kpa,hg0279,127.67162322998047,92.04266357421875
Mean,555,3,glass_adhesion_kpa,hg0280,117.31068420410156,92.04266357421875
Mean,555,3,glass_adhesion_kpa,hg0281,155.07431030273438,92.04266357421875
Mean,555,3,glass_adhesion_kpa,hg0282,74.50814056396484,92.04266357421875
Mean,555,3,glass_adhesion_kpa,hg0283,101.62773895263672,92.04266357421875
Mean,555,3,glass_adhesion_kpa,hg0284,75.13092803955078,92.04266357421875
Mean,555,3,glass_adhesion_kpa,hg0285,245.0955352783203,92.04266357421875
Mean,555,3,glass_adhesion_kpa,hg0286,109.9504623413086,92.04266357421875
Mean,555,3,glass_adhesion_kpa,hg0287,200.08493041992188,92.04266357421875
Mean,555,3,glass_adhesion_kpa,hg0288,250.9837188720703,92.04266357421875
Mean,555,3,glass_adhesion_kpa,hg0289,81.07572174072266,92.04266357421875
Mean,555,3,glass_adhesion_kpa,hg0290,235.4706268310547,92.04266357421875
Mean,555,3,glass_adhesion_kpa,hg0291,225.3927764892578,92.04266357421875
Mean,555,3,glass_adhesion_kpa,hg0334,206.6525115966797,92.04266357421875
Mean,555,3,glass_adhesion_kpa,hg0335,193.57395935058594,92.04266357421875
Mean,555,3,glass_adhesion_kpa,hg0336,62.22222137451172,92.04266357421875
Mean,555,3,glass_adhesion_kpa,hg0337,147.99716186523438,92.04266357421875
Mean,555,3,glass_adhesion_kpa,hg0338,229.75230407714844,92.04266357421875
Mean,555,3,glass_adhesion_kpa,hg0339,232.0736083984375,92.04266357421875
Mean,555,3,glass_adhesion_kpa,hg0340,199.1224365234375,92.04266357421875
Ridge,555,3,glass_adhesion_kpa,hg0274,101.34465789794922,174.6625518798828
Ridge,555,3,glass_adhesion_kpa,hg0275,229.6956787109375,220.70545959472656
Ridge,555,3,glass_adhesion_kpa,hg0276,160.2830810546875,126.27021789550781
Ridge,555,3,glass_adhesion_kpa,hg0277,100.89171600341797,81.26913452148438
Ridge,555,3,glass_adhesion_kpa,hg0278,91.04033660888672,65.07868957519531
Ridge,555,3,glass_adhesion_kpa,hg0279,127.67162322998047,145.83807373046875
Ridge,555,3,glass_adhesion_kpa,hg0280,117.31068420410156,194.63278198242188
Ridge,555,3,glass_adhesion_kpa,hg0281,155.07431030273438,138.7727813720703
Ridge,555,3,glass_adhesion_kpa,hg0282,74.50814056396484,113.21955108642578
Ridge,555,3,glass_adhesion_kpa,hg0283,101.62773895263672,176.91036987304688
Ridge,555,3,glass_adhesion_kpa,hg0284,75.13092803955078,92.6763916015625
Ridge,555,3,glass_adhesion_kpa,hg0285,245.0955352783203,219.75717163085938
Ridge,555,3,glass_adhesion_kpa,hg0286,109.9504623413086,111.19219970703125
Ridge,555,3,glass_adhesion_kpa,hg0287,200.08493041992188,224.20599365234375
Ridge,555,3,glass_adhesion_kpa,hg0288,250.9837188720703,219.9245147705078
Ridge,555,3,glass_adhesion_kpa,hg0289,81.07572174072266,140.5312042236328
Ridge,555,3,glass_adhesion_kpa,hg0290,235.4706268310547,221.40638732910156
Ridge,555,3,glass_adhesion_kpa,hg0291,225.3927764892578,222.05726623535156
Ridge,555,3,glass_adhesion_kpa,hg0334,206.6525115966797,218.25970458984375
Ridge,555,3,glass_adhesion_kpa,hg0335,193.57395935058594,166.3221435546875
Ridge,555,3,glass_adhesion_kpa,hg0336,62.22222137451172,167.237060546875
Ridge,555,3,glass_adhesion_kpa,hg0337,147.99716186523438,136.9126434326172
Ridge,555,3,glass_adhesion_kpa,hg0338,229.75230407714844,220.64109802246094
Ridge,555,3,glass_adhesion_kpa,hg0339,232.0736083984375,219.04953002929688
Ridge,555,3,glass_adhesion_kpa,hg0340,199.1224365234375,220.34068298339844
ElasticNet,555,3,glass_adhesion_kpa,hg0274,101.34465789794922,174.30397033691406
ElasticNet,555,3,glass_adhesion_kpa,hg0275,229.6956787109375,219.91043090820312
ElasticNet,555,3,glass_adhesion_kpa,hg0276,160.2830810546875,126.06654357910156
ElasticNet,555,3,glass_adhesion_kpa,hg0277,100.89171600341797,79.68912506103516
ElasticNet,555,3,glass_adhesion_kpa,hg0278,91.04033660888672,65.91128540039062
ElasticNet,555,3,glass_adhesion_kpa,hg0279,127.67162322998047,146.1072998046875
ElasticNet,555,3,glass_adhesion_kpa,hg0280,117.31068420410156,194.03631591796875
ElasticNet,555,3,glass_adhesion_kpa,hg0281,155.07431030273438,138.45394897460938
ElasticNet,555,3,glass_adhesion_kpa,hg0282,74.50814056396484,112.49176025390625
ElasticNet,555,3,glass_adhesion_kpa,hg0283,101.62773895263672,176.52175903320312
ElasticNet,555,3,glass_adhesion_kpa,hg0284,75.13092803955078,93.85344696044922
ElasticNet,555,3,glass_adhesion_kpa,hg0285,245.0955352783203,218.858154296875
ElasticNet,555,3,glass_adhesion_kpa,hg0286,109.9504623413086,111.1783218383789
ElasticNet,555,3,glass_adhesion_kpa,hg0287,200.08493041992188,223.34934997558594
ElasticNet,555,3,glass_adhesion_kpa,hg0288,250.9837188720703,218.91253662109375
ElasticNet,555,3,glass_adhesion_kpa,hg0289,81.07572174072266,140.97457885742188
ElasticNet,555,3,glass_adhesion_kpa,hg0290,235.4706268310547,220.5216064453125
ElasticNet,555,3,glass_adhesion_kpa,hg0291,225.3927764892578,221.2779083251953
ElasticNet,555,3,glass_adhesion_kpa,hg0334,206.6525115966797,217.5718994140625
ElasticNet,555,3,glass_adhesion_kpa,hg0335,193.57395935058594,166.2059326171875
ElasticNet,555,3,glass_adhesion_kpa,hg0336,62.22222137451172,167.2052001953125
ElasticNet,555,3,glass_adhesion_kpa,hg0337,147.99716186523438,136.89442443847656
ElasticNet,555,3,glass_adhesion_kpa,hg0338,229.75230407714844,219.85482788085938
ElasticNet,555,3,glass_adhesion_kpa,hg0339,232.0736083984375,218.1040802001953
ElasticNet,555,3,glass_adhesion_kpa,hg0340,199.1224365234375,219.76791381835938
KNN,555,3,glass_adhesion_kpa,hg0274,101.34465789794922,173.94276658439702
KNN,555,3,glass_adhesion_kpa,hg0275,229.6956787109375,274.1411449404013
KNN,555,3,glass_adhesion_kpa,hg0276,160.2830810546875,116.0084738721243
KNN,555,3,glass_adhesion_kpa,hg0277,100.89171600341797,89.64571862276466
KNN,555,3,glass_adhesion_kpa,hg0278,91.04033660888672,98.50141741006462
KNN,555,3,glass_adhesion_kpa,hg0279,127.67162322998047,113.88666759192988
KNN,555,3,glass_adhesion_kpa,hg0280,117.31068420410156,204.08660994883903
KNN,555,3,glass_adhesion_kpa,hg0281,155.07431030273438,150.92209676441087
KNN,555,3,glass_adhesion_kpa,hg0282,74.50814056396484,113.98294451238418
KNN,555,3,glass_adhesion_kpa,hg0283,101.62773895263672,175.0441339669748
KNN,555,3,glass_adhesion_kpa,hg0284,75.13092803955078,84.13790641696161
KNN,555,3,glass_adhesion_kpa,hg0285,245.0955352783203,271.2783411386402
KNN,555,3,glass_adhesion_kpa,hg0286,109.9504623413086,108.18780538746776
KNN,555,3,glass_adhesion_kpa,hg0287,200.08493041992188,242.99399257800212
KNN,555,3,glass_adhesion_kpa,hg0288,250.9837188720703,269.1505692433772
KNN,555,3,glass_adhesion_kpa,hg0289,81.07572174072266,91.16724751616573
KNN,555,3,glass_adhesion_kpa,hg0290,235.4706268310547,277.0879446412109
KNN,555,3,glass_adhesion_kpa,hg0291,225.3927764892578,262.3386573133688
KNN,555,3,glass_adhesion_kpa,hg0334,206.6525115966797,291.4521817951677
KNN,555,3,glass_adhesion_kpa,hg0335,193.57395935058594,166.64305563512812
KNN,555,3,glass_adhesion_kpa,hg0336,62.22222137451172,175.90983237380058
KNN,555,3,glass_adhesion_kpa,hg0337,147.99716186523438,162.7458352235545
KNN,555,3,glass_adhesion_kpa,hg0338,229.75230407714844,275.8976532446859
KNN,555,3,glass_adhesion_kpa,hg0339,232.0736083984375,265.730801189344
KNN,555,3,glass_adhesion_kpa,hg0340,199.1224365234375,247.99775729595638
SVR-RBF,555,3,glass_adhesion_kpa,hg0274,101.34465789794922,159.81829810099055
SVR-RBF,555,3,glass_adhesion_kpa,hg0275,229.6956787109375,230.46387716373832
SVR-RBF,555,3,glass_adhesion_kpa,hg0276,160.2830810546875,113.64450864209752
SVR-RBF,555,3,glass_adhesion_kpa,hg0277,100.89171600341797,89.95722806524367
SVR-RBF,555,3,glass_adhesion_kpa,hg0278,91.04033660888672,74.40234062637911
SVR-RBF,555,3,glass_adhesion_kpa,hg0279,127.67162322998047,82.54983399944301
SVR-RBF,555,3,glass_adhesion_kpa,hg0280,117.31068420410156,202.5964293838381
SVR-RBF,555,3,glass_adhesion_kpa,hg0281,155.07431030273438,136.38610071440024
SVR-RBF,555,3,glass_adhesion_kpa,hg0282,74.50814056396484,109.55500463784318
SVR-RBF,555,3,glass_adhesion_kpa,hg0283,101.62773895263672,163.08424088914725
SVR-RBF,555,3,glass_adhesion_kpa,hg0284,75.13092803955078,53.915778559392066
SVR-RBF,555,3,glass_adhesion_kpa,hg0285,245.0955352783203,230.73749479622984
SVR-RBF,555,3,glass_adhesion_kpa,hg0286,109.9504623413086,94.76921186160111
SVR-RBF,555,3,glass_adhesion_kpa,hg0287,200.08493041992188,216.47887506950482
SVR-RBF,555,3,glass_adhesion_kpa,hg0288,250.9837188720703,226.4189966071378
SVR-RBF,555,3,glass_adhesion_kpa,hg0289,81.07572174072266,81.07029770903621
SVR-RBF,555,3,glass_adhesion_kpa,hg0290,235.4706268310547,227.8904513102226
SVR-RBF,555,3,glass_adhesion_kpa,hg0291,225.3927764892578,226.04677171013512
SVR-RBF,555,3,glass_adhesion_kpa,hg0334,206.6525115966797,231.73024208962892
SVR-RBF,555,3,glass_adhesion_kpa,hg0335,193.57395935058594,163.99187153870548
SVR-RBF,555,3,glass_adhesion_kpa,hg0336,62.22222137451172,149.15440959001756
SVR-RBF,555,3,glass_adhesion_kpa,hg0337,147.99716186523438,126.59623631706049
SVR-RBF,555,3,glass_adhesion_kpa,hg0338,229.75230407714844,230.53363686442069
SVR-RBF,555,3,glass_adhesion_kpa,hg0339,232.0736083984375,229.90853967608794
SVR-RBF,555,3,glass_adhesion_kpa,hg0340,199.1224365234375,202.32717853554337
RandomForest,555,3,glass_adhesion_kpa,hg0274,101.34465789794922,184.10181167421962
RandomForest,555,3,glass_adhesion_kpa,hg0275,229.6956787109375,284.34036299274754
RandomForest,555,3,glass_adhesion_kpa,hg0276,160.2830810546875,137.60150741778418
RandomForest,555,3,glass_adhesion_kpa,hg0277,100.89171600341797,96.60288884371695
RandomForest,555,3,glass_adhesion_kpa,hg0278,91.04033660888672,86.68160332025155
RandomForest,555,3,glass_adhesion_kpa,hg0279,127.67162322998047,120.38721851319721
RandomForest,555,3,glass_adhesion_kpa,hg0280,117.31068420410156,186.828033236592
RandomForest,555,3,glass_adhesion_kpa,hg0281,155.07431030273438,140.208240351028
RandomForest,555,3,glass_adhesion_kpa,hg0282,74.50814056396484,107.16404870464017
RandomForest,555,3,glass_adhesion_kpa,hg0283,101.62773895263672,186.1440482732107
RandomForest,555,3,glass_adhesion_kpa,hg0284,75.13092803955078,84.16811508869043
RandomForest,555,3,glass_adhesion_kpa,hg0285,245.0955352783203,273.4847253652719
RandomForest,555,3,glass_adhesion_kpa,hg0286,109.9504623413086,108.7387203958613
RandomForest,555,3,glass_adhesion_kpa,hg0287,200.08493041992188,242.87730843357787
RandomForest,555,3,glass_adhesion_kpa,hg0288,250.9837188720703,275.65717235918817
RandomForest,555,3,glass_adhesion_kpa,hg0289,81.07572174072266,119.41411872751848
RandomForest,555,3,glass_adhesion_kpa,hg0290,235.4706268310547,277.9294475728473
RandomForest,555,3,glass_adhesion_kpa,hg0291,225.3927764892578,272.28984955405815
RandomForest,555,3,glass_adhesion_kpa,hg0334,206.6525115966797,271.9163108765491
RandomForest,555,3,glass_adhesion_kpa,hg0335,193.57395935058594,147.37828966099366
RandomForest,555,3,glass_adhesion_kpa,hg0336,62.22222137451172,124.21473831937628
RandomForest,555,3,glass_adhesion_kpa,hg0337,147.99716186523438,149.9280708097142
RandomForest,555,3,glass_adhesion_kpa,hg0338,229.75230407714844,283.4745790981917
RandomForest,555,3,glass_adhesion_kpa,hg0339,232.0736083984375,266.2094829341128
RandomForest,555,3,glass_adhesion_kpa,hg0340,199.1224365234375,225.52823874419022
HistGB,555,3,glass_adhesion_kpa,hg0274,101.34465789794922,184.5758149336259
HistGB,555,3,glass_adhesion_kpa,hg0275,229.6956787109375,300.2583296273637
HistGB,555,3,glass_adhesion_kpa,hg0276,160.2830810546875,127.77463117129565
HistGB,555,3,glass_adhesion_kpa,hg0277,100.89171600341797,107.72427475438603
HistGB,555,3,glass_adhesion_kpa,hg0278,91.04033660888672,82.7928100959138
HistGB,555,3,glass_adhesion_kpa,hg0279,127.67162322998047,102.9661421711613
HistGB,555,3,glass_adhesion_kpa,hg0280,117.31068420410156,175.87454621333012
HistGB,555,3,glass_adhesion_kpa,hg0281,155.07431030273438,113.14627111617921
HistGB,555,3,glass_adhesion_kpa,hg0282,74.50814056396484,119.63254895281835
HistGB,555,3,glass_adhesion_kpa,hg0283,101.62773895263672,182.34431934705853
HistGB,555,3,glass_adhesion_kpa,hg0284,75.13092803955078,69.48142455875187
HistGB,555,3,glass_adhesion_kpa,hg0285,245.0955352783203,267.87270920632096
HistGB,555,3,glass_adhesion_kpa,hg0286,109.9504623413086,93.52055755015817
HistGB,555,3,glass_adhesion_kpa,hg0287,200.08493041992188,226.89683319096306
HistGB,555,3,glass_adhesion_kpa,hg0288,250.9837188720703,270.05013793877015
HistGB,555,3,glass_adhesion_kpa,hg0289,81.07572174072266,97.47489843077383
HistGB,555,3,glass_adhesion_kpa,hg0290,235.4706268310547,292.27835400318617
HistGB,555,3,glass_adhesion_kpa,hg0291,225.3927764892578,281.9992946444715
HistGB,555,3,glass_adhesion_kpa,hg0334,206.6525115966797,251.6639204002413
HistGB,555,3,glass_adhesion_kpa,hg0335,193.57395935058594,138.60617571758036
HistGB,555,3,glass_adhesion_kpa,hg0336,62.22222137451172,166.7642841254419
HistGB,555,3,glass_adhesion_kpa,hg0337,147.99716186523438,151.07034074329232
HistGB,555,3,glass_adhesion_kpa,hg0338,229.75230407714844,300.2583296273637
HistGB,555,3,glass_adhesion_kpa,hg0339,232.0736083984375,267.2660311756672
HistGB,555,3,glass_adhesion_kpa,hg0340,199.1224365234375,232.6073614799154
MLP,555,3,glass_adhesion_kpa,hg0274,101.34465789794922,175.8932647705078
MLP,555,3,glass_adhesion_kpa,hg0275,229.6956787109375,230.28013610839844
MLP,555,3,glass_adhesion_kpa,hg0276,160.2830810546875,123.61122131347656
MLP,555,3,glass_adhesion_kpa,hg0277,100.89171600341797,90.79537200927734
MLP,555,3,glass_adhesion_kpa,hg0278,91.04033660888672,45.16372299194336
MLP,555,3,glass_adhesion_kpa,hg0279,127.67162322998047,125.10940551757812
MLP,555,3,glass_adhesion_kpa,hg0280,117.31068420410156,199.0537567138672
MLP,555,3,glass_adhesion_kpa,hg0281,155.07431030273438,130.21388244628906
MLP,555,3,glass_adhesion_kpa,hg0282,74.50814056396484,81.12960815429688
MLP,555,3,glass_adhesion_kpa,hg0283,101.62773895263672,178.3314666748047
MLP,555,3,glass_adhesion_kpa,hg0284,75.13092803955078,117.80347442626953
MLP,555,3,glass_adhesion_kpa,hg0285,245.0955352783203,228.7733612060547
MLP,555,3,glass_adhesion_kpa,hg0286,109.9504623413086,114.73202514648438
MLP,555,3,glass_adhesion_kpa,hg0287,200.08493041992188,232.45127868652344
MLP,555,3,glass_adhesion_kpa,hg0288,250.9837188720703,227.9835968017578
MLP,555,3,glass_adhesion_kpa,hg0289,81.07572174072266,117.6213607788086
MLP,555,3,glass_adhesion_kpa,hg0290,235.4706268310547,230.18858337402344
MLP,555,3,glass_adhesion_kpa,hg0291,225.3927764892578,231.47157287597656
MLP,555,3,glass_adhesion_kpa,hg0334,206.6525115966797,228.7919158935547
MLP,555,3,glass_adhesion_kpa,hg0335,193.57395935058594,159.74569702148438
MLP,555,3,glass_adhesion_kpa,hg0336,62.22222137451172,167.3601531982422
MLP,555,3,glass_adhesion_kpa,hg0337,147.99716186523438,135.65989685058594
MLP,555,3,glass_adhesion_kpa,hg0338,229.75230407714844,230.283935546875
MLP,555,3,glass_adhesion_kpa,hg0339,232.0736083984375,227.84254455566406
MLP,555,3,glass_adhesion_kpa,hg0340,199.1224365234375,232.31471252441406
Mean,555,4,glass_adhesion_kpa,hg0274,101.34465789794922,94.38165283203125
Mean,555,4,glass_adhesion_kpa,hg0275,229.6956787109375,94.38165283203125
Mean,555,4,glass_adhesion_kpa,hg0276,160.2830810546875,94.38165283203125
Mean,555,4,glass_adhesion_kpa,hg0277,100.89171600341797,94.38165283203125
Mean,555,4,glass_adhesion_kpa,hg0278,91.04033660888672,94.38165283203125
Mean,555,4,glass_adhesion_kpa,hg0279,127.67162322998047,94.38165283203125
Mean,555,4,glass_adhesion_kpa,hg0280,117.31068420410156,94.38165283203125
Mean,555,4,glass_adhesion_kpa,hg0281,155.07431030273438,94.38165283203125
Mean,555,4,glass_adhesion_kpa,hg0282,74.50814056396484,94.38165283203125
Mean,555,4,glass_adhesion_kpa,hg0283,101.62773895263672,94.38165283203125
Mean,555,4,glass_adhesion_kpa,hg0284,75.13092803955078,94.38165283203125
Mean,555,4,glass_adhesion_kpa,hg0285,245.0955352783203,94.38165283203125
Mean,555,4,glass_adhesion_kpa,hg0286,109.9504623413086,94.38165283203125
Mean,555,4,glass_adhesion_kpa,hg0287,200.08493041992188,94.38165283203125
Mean,555,4,glass_adhesion_kpa,hg0288,250.9837188720703,94.38165283203125
Mean,555,4,glass_adhesion_kpa,hg0289,81.07572174072266,94.38165283203125
Mean,555,4,glass_adhesion_kpa,hg0290,235.4706268310547,94.38165283203125
Mean,555,4,glass_adhesion_kpa,hg0291,225.3927764892578,94.38165283203125
Mean,555,4,glass_adhesion_kpa,hg0334,206.6525115966797,94.38165283203125
Mean,555,4,glass_adhesion_kpa,hg0335,193.57395935058594,94.38165283203125
Mean,555,4,glass_adhesion_kpa,hg0336,62.22222137451172,94.38165283203125
Mean,555,4,glass_adhesion_kpa,hg0337,147.99716186523438,94.38165283203125
Mean,555,4,glass_adhesion_kpa,hg0338,229.75230407714844,94.38165283203125
Mean,555,4,glass_adhesion_kpa,hg0339,232.0736083984375,94.38165283203125
Mean,555,4,glass_adhesion_kpa,hg0340,199.1224365234375,94.38165283203125
Ridge,555,4,glass_adhesion_kpa,hg0274,101.34465789794922,169.33352661132812
Ridge,555,4,glass_adhesion_kpa,hg0275,229.6956787109375,229.33387756347656
Ridge,555,4,glass_adhesion_kpa,hg0276,160.2830810546875,125.14068603515625
Ridge,555,4,glass_adhesion_kpa,hg0277,100.89171600341797,92.62419128417969
Ridge,555,4,glass_adhesion_kpa,hg0278,91.04033660888672,51.56906509399414
Ridge,555,4,glass_adhesion_kpa,hg0279,127.67162322998047,149.44631958007812
Ridge,555,4,glass_adhesion_kpa,hg0280,117.31068420410156,201.60159301757812
Ridge,555,4,glass_adhesion_kpa,hg0281,155.07431030273438,141.44667053222656
Ridge,555,4,glass_adhesion_kpa,hg0282,74.50814056396484,114.36538696289062
Ridge,555,4,glass_adhesion_kpa,hg0283,101.62773895263672,172.13516235351562
Ridge,555,4,glass_adhesion_kpa,hg0284,75.13092803955078,75.87065124511719
Ridge,555,4,glass_adhesion_kpa,hg0285,245.0955352783203,230.4897918701172
Ridge,555,4,glass_adhesion_kpa,hg0286,109.9504623413086,108.2206039428711
Ridge,555,4,glass_adhesion_kpa,hg0287,200.08493041992188,228.70664978027344
Ridge,555,4,glass_adhesion_kpa,hg0288,250.9837188720703,231.1099090576172
Ridge,555,4,glass_adhesion_kpa,hg0289,81.07572174072266,140.42510986328125
Ridge,555,4,glass_adhesion_kpa,hg0290,235.4706268310547,230.2139129638672
Ridge,555,4,glass_adhesion_kpa,hg0291,225.3927764892578,228.54884338378906
Ridge,555,4,glass_adhesion_kpa,hg0334,206.6525115966797,227.8251953125
Ridge,555,4,glass_adhesion_kpa,hg0335,193.57395935058594,174.7032928466797
Ridge,555,4,glass_adhesion_kpa,hg0336,62.22222137451172,132.1112060546875
Ridge,555,4,glass_adhesion_kpa,hg0337,147.99716186523438,133.25404357910156
Ridge,555,4,glass_adhesion_kpa,hg0338,229.75230407714844,229.21475219726562
Ridge,555,4,glass_adhesion_kpa,hg0339,232.0736083984375,230.71067810058594
Ridge,555,4,glass_adhesion_kpa,hg0340,199.1224365234375,217.88232421875
ElasticNet,555,4,glass_adhesion_kpa,hg0274,101.34465789794922,169.43470764160156
ElasticNet,555,4,glass_adhesion_kpa,hg0275,229.6956787109375,229.26148986816406
ElasticNet,555,4,glass_adhesion_kpa,hg0276,160.2830810546875,124.7186050415039
ElasticNet,555,4,glass_adhesion_kpa,hg0277,100.89171600341797,92.29164123535156
ElasticNet,555,4,glass_adhesion_kpa,hg0278,91.04033660888672,51.693058013916016
ElasticNet,555,4,glass_adhesion_kpa,hg0279,127.67162322998047,149.34835815429688
ElasticNet,555,4,glass_adhesion_kpa,hg0280,117.31068420410156,201.2903594970703
ElasticNet,555,4,glass_adhesion_kpa,hg0281,155.07431030273438,140.86474609375
ElasticNet,555,4,glass_adhesion_kpa,hg0282,74.50814056396484,114.07642364501953
ElasticNet,555,4,glass_adhesion_kpa,hg0283,101.62773895263672,172.22967529296875
ElasticNet,555,4,glass_adhesion_kpa,hg0284,75.13092803955078,76.23576354980469
ElasticNet,555,4,glass_adhesion_kpa,hg0285,245.0955352783203,230.3682403564453
ElasticNet,555,4,glass_adhesion_kpa,hg0286,109.9504623413086,107.86615753173828
ElasticNet,555,4,glass_adhesion_kpa,hg0287,200.08493041992188,228.8336639404297
ElasticNet,555,4,glass_adhesion_kpa,hg0288,250.9837188720703,231.00576782226562
ElasticNet,555,4,glass_adhesion_kpa,hg0289,81.07572174072266,140.38259887695312
ElasticNet,555,4,glass_adhesion_kpa,hg0290,235.4706268310547,230.1641082763672
ElasticNet,555,4,glass_adhesion_kpa,hg0291,225.3927764892578,228.5638427734375
ElasticNet,555,4,glass_adhesion_kpa,hg0334,206.6525115966797,227.6714630126953
ElasticNet,555,4,glass_adhesion_kpa,hg0335,193.57395935058594,174.1800994873047
ElasticNet,555,4,glass_adhesion_kpa,hg0336,62.22222137451172,133.3998260498047
ElasticNet,555,4,glass_adhesion_kpa,hg0337,147.99716186523438,133.47129821777344
ElasticNet,555,4,glass_adhesion_kpa,hg0338,229.75230407714844,229.14154052734375
ElasticNet,555,4,glass_adhesion_kpa,hg0339,232.0736083984375,230.56961059570312
ElasticNet,555,4,glass_adhesion_kpa,hg0340,199.1224365234375,218.26522827148438
KNN,555,4,glass_adhesion_kpa,hg0274,101.34465789794922,172.9360419777921
KNN,555,4,glass_adhesion_kpa,hg0275,229.6956787109375,286.17095355149326
KNN,555,4,glass_adhesion_kpa,hg0276,160.2830810546875,97.43853265338038
KNN,555,4,glass_adhesion_kpa,hg0277,100.89171600341797,108.68828363936113
KNN,555,4,glass_adhesion_kpa,hg0278,91.04033660888672,101.30511143146083
KNN,555,4,glass_adhesion_kpa,hg0279,127.67162322998047,130.0693418587565
KNN,555,4,glass_adhesion_kpa,hg0280,117.31068420410156,187.03019474783872
KNN,555,4,glass_adhesion_kpa,hg0281,155.07431030273438,135.53091634456365
KNN,555,4,glass_adhesion_kpa,hg0282,74.50814056396484,100.98020350902216
KNN,555,4,glass_adhesion_kpa,hg0283,101.62773895263672,174.34922997559727
KNN,555,4,glass_adhesion_kpa,hg0284,75.13092803955078,80.75778017081768
KNN,555,4,glass_adhesion_kpa,hg0285,245.0955352783203,286.50180612780576
KNN,555,4,glass_adhesion_kpa,hg0286,109.9504623413086,95.72669862629688
KNN,555,4,glass_adhesion_kpa,hg0287,200.08493041992188,252.08522387292604
KNN,555,4,glass_adhesion_kpa,hg0288,250.9837188720703,269.23381240415193
KNN,555,4,glass_adhesion_kpa,hg0289,81.07572174072266,93.90136143347294
KNN,555,4,glass_adhesion_kpa,hg0290,235.4706268310547,287.0188580223937
KNN,555,4,glass_adhesion_kpa,hg0291,225.3927764892578,271.564760407228
KNN,555,4,glass_adhesion_kpa,hg0334,206.6525115966797,281.95009927545686
KNN,555,4,glass_adhesion_kpa,hg0335,193.57395935058594,143.23822804207583
KNN,555,4,glass_adhesion_kpa,hg0336,62.22222137451172,158.7143736869053
KNN,555,4,glass_adhesion_kpa,hg0337,147.99716186523438,147.01378091456496
KNN,555,4,glass_adhesion_kpa,hg0338,229.75230407714844,286.7520409751125
KNN,555,4,glass_adhesion_kpa,hg0339,232.0736083984375,277.56331066229757
KNN,555,4,glass_adhesion_kpa,hg0340,199.1224365234375,249.91229936158066
SVR-RBF,555,4,glass_adhesion_kpa,hg0274,101.34465789794922,133.80962056264423
SVR-RBF,555,4,glass_adhesion_kpa,hg0275,229.6956787109375,264.60109486687327
SVR-RBF,555,4,glass_adhesion_kpa,hg0276,160.2830810546875,94.50372934941808
SVR-RBF,555,4,glass_adhesion_kpa,hg0277,100.89171600341797,97.42267589847614
SVR-RBF,555,4,glass_adhesion_kpa,hg0278,91.04033660888672,43.42106731770484
SVR-RBF,555,4,glass_adhesion_kpa,hg0279,127.67162322998047,98.92082256576724
SVR-RBF,555,4,glass_adhesion_kpa,hg0280,117.31068420410156,194.9069788452233
SVR-RBF,555,4,glass_adhesion_kpa,hg0281,155.07431030273438,124.80171349177724
SVR-RBF,555,4,glass_adhesion_kpa,hg0282,74.50814056396484,125.01259450998478
SVR-RBF,555,4,glass_adhesion_kpa,hg0283,101.62773895263672,138.1398319296958
SVR-RBF,555,4,glass_adhesion_kpa,hg0284,75.13092803955078,35.809517587850486
SVR-RBF,555,4,glass_adhesion_kpa,hg0285,245.0955352783203,265.17345521568205
SVR-RBF,555,4,glass_adhesion_kpa,hg0286,109.9504623413086,75.43923179150727
SVR-RBF,555,4,glass_adhesion_kpa,hg0287,200.08493041992188,255.54578803235518
SVR-RBF,555,4,glass_adhesion_kpa,hg0288,250.9837188720703,262.20637762828284
SVR-RBF,555,4,glass_adhesion_kpa,hg0289,81.07572174072266,88.58136767255071
SVR-RBF,555,4,glass_adhesion_kpa,hg0290,235.4706268310547,264.2626370234059
SVR-RBF,555,4,glass_adhesion_kpa,hg0291,225.3927764892578,261.72555335229697
SVR-RBF,555,4,glass_adhesion_kpa,hg0334,206.6525115966797,259.89680272449266
SVR-RBF,555,4,glass_adhesion_kpa,hg0335,193.57395935058594,145.47703998700246
SVR-RBF,555,4,glass_adhesion_kpa,hg0336,62.22222137451172,115.87881974488393
SVR-RBF,555,4,glass_adhesion_kpa,hg0337,147.99716186523438,125.36601591696588
SVR-RBF,555,4,glass_adhesion_kpa,hg0338,229.75230407714844,264.4224702449567
SVR-RBF,555,4,glass_adhesion_kpa,hg0339,232.0736083984375,263.9833632136147
SVR-RBF,555,4,glass_adhesion_kpa,hg0340,199.1224365234375,230.07677735787456
RandomForest,555,4,glass_adhesion_kpa,hg0274,101.34465789794922,163.9476034227407
RandomForest,555,4,glass_adhesion_kpa,hg0275,229.6956787109375,282.16501758503466
RandomForest,555,4,glass_adhesion_kpa,hg0276,160.2830810546875,126.52111959142505
RandomForest,555,4,glass_adhesion_kpa,hg0277,100.89171600341797,100.2349610850496
RandomForest,555,4,glass_adhesion_kpa,hg0278,91.04033660888672,80.26941185222482
RandomForest,555,4,glass_adhesion_kpa,hg0279,127.67162322998047,123.87677768491349
RandomForest,555,4,glass_adhesion_kpa,hg0280,117.31068420410156,178.3826219261817
RandomForest,555,4,glass_adhesion_kpa,hg0281,155.07431030273438,131.15560562070812
RandomForest,555,4,glass_adhesion_kpa,hg0282,74.50814056396484,111.37550245860838
RandomForest,555,4,glass_adhesion_kpa,hg0283,101.62773895263672,166.89212128531258
RandomForest,555,4,glass_adhesion_kpa,hg0284,75.13092803955078,80.80054490791177
RandomForest,555,4,glass_adhesion_kpa,hg0285,245.0955352783203,268.79332917411375
RandomForest,555,4,glass_adhesion_kpa,hg0286,109.9504623413086,113.08491370947856
RandomForest,555,4,glass_adhesion_kpa,hg0287,200.08493041992188,250.38827785276018
RandomForest,555,4,glass_adhesion_kpa,hg0288,250.9837188720703,269.57336411386166
RandomForest,555,4,glass_adhesion_kpa,hg0289,81.07572174072266,122.09130844979916
RandomForest,555,4,glass_adhesion_kpa,hg0290,235.4706268310547,278.6712020874023
RandomForest,555,4,glass_adhesion_kpa,hg0291,225.3927764892578,273.35069384304984
RandomForest,555,4,glass_adhesion_kpa,hg0334,206.6525115966797,285.24050062647405
RandomForest,555,4,glass_adhesion_kpa,hg0335,193.57395935058594,134.75816135046617
RandomForest,555,4,glass_adhesion_kpa,hg0336,62.22222137451172,119.32903302705513
RandomForest,555,4,glass_adhesion_kpa,hg0337,147.99716186523438,128.67214132344947
RandomForest,555,4,glass_adhesion_kpa,hg0338,229.75230407714844,281.65802802319797
RandomForest,555,4,glass_adhesion_kpa,hg0339,232.0736083984375,268.624974635862
RandomForest,555,4,glass_adhesion_kpa,hg0340,199.1224365234375,219.11704079969874
HistGB,555,4,glass_adhesion_kpa,hg0274,101.34465789794922,162.15708317773397
HistGB,555,4,glass_adhesion_kpa,hg0275,229.6956787109375,287.4841288834355
HistGB,555,4,glass_adhesion_kpa,hg0276,160.2830810546875,130.3675595231946
HistGB,555,4,glass_adhesion_kpa,hg0277,100.89171600341797,108.82403367381039
HistGB,555,4,glass_adhesion_kpa,hg0278,91.04033660888672,72.89444972287771
HistGB,555,4,glass_adhesion_kpa,hg0279,127.67162322998047,100.17897369285771
HistGB,555,4,glass_adhesion_kpa,hg0280,117.31068420410156,144.01844477456632
HistGB,555,4,glass_adhesion_kpa,hg0281,155.07431030273438,121.49677643709296
HistGB,555,4,glass_adhesion_kpa,hg0282,74.50814056396484,118.04373920314661
HistGB,555,4,glass_adhesion_kpa,hg0283,101.62773895263672,162.00337960135602
HistGB,555,4,glass_adhesion_kpa,hg0284,75.13092803955078,69.04147799191792
HistGB,555,4,glass_adhesion_kpa,hg0285,245.0955352783203,276.1670277271009
HistGB,555,4,glass_adhesion_kpa,hg0286,109.9504623413086,125.92717728679702
HistGB,555,4,glass_adhesion_kpa,hg0287,200.08493041992188,231.06164570045127
HistGB,555,4,glass_adhesion_kpa,hg0288,250.9837188720703,271.7390576062133
HistGB,555,4,glass_adhesion_kpa,hg0289,81.07572174072266,104.5755062100815
HistGB,555,4,glass_adhesion_kpa,hg0290,235.4706268310547,292.9834570360294
HistGB,555,4,glass_adhesion_kpa,hg0291,225.3927764892578,259.7930841691888
HistGB,555,4,glass_adhesion_kpa,hg0334,206.6525115966797,278.8465582198663
HistGB,555,4,glass_adhesion_kpa,hg0335,193.57395935058594,111.73872311962856
HistGB,555,4,glass_adhesion_kpa,hg0336,62.22222137451172,62.56166264509802
HistGB,555,4,glass_adhesion_kpa,hg0337,147.99716186523438,127.01582822224121
HistGB,555,4,glass_adhesion_kpa,hg0338,229.75230407714844,283.35238634140495
HistGB,555,4,glass_adhesion_kpa,hg0339,232.0736083984375,268.116555878188
HistGB,555,4,glass_adhesion_kpa,hg0340,199.1224365234375,186.41697827342654
MLP,555,4,glass_adhesion_kpa,hg0274,101.34465789794922,167.42947387695312
MLP,555,4,glass_adhesion_kpa,hg0275,229.6956787109375,214.1127471923828
MLP,555,4,glass_adhesion_kpa,hg0276,160.2830810546875,128.34878540039062
MLP,555,4,glass_adhesion_kpa,hg0277,100.89171600341797,86.98088836669922
MLP,555,4,glass_adhesion_kpa,hg0278,91.04033660888672,23.31068229675293
MLP,555,4,glass_adhesion_kpa,hg0279,127.67162322998047,109.09102630615234
MLP,555,4,glass_adhesion_kpa,hg0280,117.31068420410156,207.46290588378906
MLP,555,4,glass_adhesion_kpa,hg0281,155.07431030273438,147.33009338378906
MLP,555,4,glass_adhesion_kpa,hg0282,74.50814056396484,82.67540740966797
MLP,555,4,glass_adhesion_kpa,hg0283,101.62773895263672,169.23435974121094
MLP,555,4,glass_adhesion_kpa,hg0284,75.13092803955078,118.37483978271484
MLP,555,4,glass_adhesion_kpa,hg0285,245.0955352783203,210.8107147216797
MLP,555,4,glass_adhesion_kpa,hg0286,109.9504623413086,116.52717590332031
MLP,555,4,glass_adhesion_kpa,hg0287,200.08493041992188,208.8636932373047
MLP,555,4,glass_adhesion_kpa,hg0288,250.9837188720703,206.88363647460938
MLP,555,4,glass_adhesion_kpa,hg0289,81.07572174072266,95.17648315429688
MLP,555,4,glass_adhesion_kpa,hg0290,235.4706268310547,210.6181640625
MLP,555,4,glass_adhesion_kpa,hg0291,225.3927764892578,213.62338256835938
MLP,555,4,glass_adhesion_kpa,hg0334,206.6525115966797,218.9266357421875
MLP,555,4,glass_adhesion_kpa,hg0335,193.57395935058594,184.83302307128906
MLP,555,4,glass_adhesion_kpa,hg0336,62.22222137451172,148.09326171875
MLP,555,4,glass_adhesion_kpa,hg0337,147.99716186523438,126.31398010253906
MLP,555,4,glass_adhesion_kpa,hg0338,229.75230407714844,214.45071411132812
MLP,555,4,glass_adhesion_kpa,hg0339,232.0736083984375,209.33847045898438
MLP,555,4,glass_adhesion_kpa,hg0340,199.1224365234375,217.15325927734375
Mean,888,0,glass_adhesion_kpa,hg0274,101.34465789794922,93.13944244384766
Mean,888,0,glass_adhesion_kpa,hg0275,229.6956787109375,93.13944244384766
Mean,888,0,glass_adhesion_kpa,hg0276,160.2830810546875,93.13944244384766
Mean,888,0,glass_adhesion_kpa,hg0277,100.89171600341797,93.13944244384766
Mean,888,0,glass_adhesion_kpa,hg0278,91.04033660888672,93.13944244384766
Mean,888,0,glass_adhesion_kpa,hg0279,127.67162322998047,93.13944244384766
Mean,888,0,glass_adhesion_kpa,hg0280,117.31068420410156,93.13944244384766
Mean,888,0,glass_adhesion_kpa,hg0281,155.07431030273438,93.13944244384766
Mean,888,0,glass_adhesion_kpa,hg0282,74.50814056396484,93.13944244384766
Mean,888,0,glass_adhesion_kpa,hg0283,101.62773895263672,93.13944244384766
Mean,888,0,glass_adhesion_kpa,hg0284,75.13092803955078,93.13944244384766
Mean,888,0,glass_adhesion_kpa,hg0285,245.0955352783203,93.13944244384766
Mean,888,0,glass_adhesion_kpa,hg0286,109.9504623413086,93.13944244384766
Mean,888,0,glass_adhesion_kpa,hg0287,200.08493041992188,93.13944244384766
Mean,888,0,glass_adhesion_kpa,hg0288,250.9837188720703,93.13944244384766
Mean,888,0,glass_adhesion_kpa,hg0289,81.07572174072266,93.13944244384766
Mean,888,0,glass_adhesion_kpa,hg0290,235.4706268310547,93.13944244384766
Mean,888,0,glass_adhesion_kpa,hg0291,225.3927764892578,93.13944244384766
Mean,888,0,glass_adhesion_kpa,hg0334,206.6525115966797,93.13944244384766
Mean,888,0,glass_adhesion_kpa,hg0335,193.57395935058594,93.13944244384766
Mean,888,0,glass_adhesion_kpa,hg0336,62.22222137451172,93.13944244384766
Mean,888,0,glass_adhesion_kpa,hg0337,147.99716186523438,93.13944244384766
Mean,888,0,glass_adhesion_kpa,hg0338,229.75230407714844,93.13944244384766
Mean,888,0,glass_adhesion_kpa,hg0339,232.0736083984375,93.13944244384766
Mean,888,0,glass_adhesion_kpa,hg0340,199.1224365234375,93.13944244384766
Ridge,888,0,glass_adhesion_kpa,hg0274,101.34465789794922,173.6504669189453
Ridge,888,0,glass_adhesion_kpa,hg0275,229.6956787109375,233.1779327392578
Ridge,888,0,glass_adhesion_kpa,hg0276,160.2830810546875,133.95362854003906
Ridge,888,0,glass_adhesion_kpa,hg0277,100.89171600341797,84.15286254882812
Ridge,888,0,glass_adhesion_kpa,hg0278,91.04033660888672,55.9384765625
Ridge,888,0,glass_adhesion_kpa,hg0279,127.67162322998047,147.13478088378906
Ridge,888,0,glass_adhesion_kpa,hg0280,117.31068420410156,200.89718627929688
Ridge,888,0,glass_adhesion_kpa,hg0281,155.07431030273438,147.81637573242188
Ridge,888,0,glass_adhesion_kpa,hg0282,74.50814056396484,118.0635986328125
Ridge,888,0,glass_adhesion_kpa,hg0283,101.62773895263672,176.49862670898438
Ridge,888,0,glass_adhesion_kpa,hg0284,75.13092803955078,79.77098083496094
Ridge,888,0,glass_adhesion_kpa,hg0285,245.0955352783203,235.86166381835938
Ridge,888,0,glass_adhesion_kpa,hg0286,109.9504623413086,119.07430267333984
Ridge,888,0,glass_adhesion_kpa,hg0287,200.08493041992188,234.67434692382812
Ridge,888,0,glass_adhesion_kpa,hg0288,250.9837188720703,238.08494567871094
Ridge,888,0,glass_adhesion_kpa,hg0289,81.07572174072266,139.204345703125
Ridge,888,0,glass_adhesion_kpa,hg0290,235.4706268310547,235.69097900390625
Ridge,888,0,glass_adhesion_kpa,hg0291,225.3927764892578,232.3744354248047
Ridge,888,0,glass_adhesion_kpa,hg0334,206.6525115966797,229.3409881591797
Ridge,888,0,glass_adhesion_kpa,hg0335,193.57395935058594,171.07080078125
Ridge,888,0,glass_adhesion_kpa,hg0336,62.22222137451172,140.57391357421875
Ridge,888,0,glass_adhesion_kpa,hg0337,147.99716186523438,134.3930206298828
Ridge,888,0,glass_adhesion_kpa,hg0338,229.75230407714844,232.8892059326172
Ridge,888,0,glass_adhesion_kpa,hg0339,232.0736083984375,236.6162872314453
Ridge,888,0,glass_adhesion_kpa,hg0340,199.1224365234375,216.1631317138672
ElasticNet,888,0,glass_adhesion_kpa,hg0274,101.34465789794922,173.6444091796875
ElasticNet,888,0,glass_adhesion_kpa,hg0275,229.6956787109375,233.17408752441406
ElasticNet,888,0,glass_adhesion_kpa,hg0276,160.2830810546875,133.9156494140625
ElasticNet,888,0,glass_adhesion_kpa,hg0277,100.89171600341797,84.14337921142578
ElasticNet,888,0,glass_adhesion_kpa,hg0278,91.04033660888672,55.928794860839844
ElasticNet,888,0,glass_adhesion_kpa,hg0279,127.67162322998047,147.12770080566406
ElasticNet,888,0,glass_adhesion_kpa,hg0280,117.31068420410156,200.8835906982422
ElasticNet,888,0,glass_adhesion_kpa,hg0281,155.07431030273438,147.77496337890625
ElasticNet,888,0,glass_adhesion_kpa,hg0282,74.50814056396484,118.040771484375
ElasticNet,888,0,glass_adhesion_kpa,hg0283,101.62773895263672,176.49264526367188
ElasticNet,888,0,glass_adhesion_kpa,hg0284,75.13092803955078,79.76844787597656
ElasticNet,888,0,glass_adhesion_kpa,hg0285,245.0955352783203,235.85365295410156
ElasticNet,888,0,glass_adhesion_kpa,hg0286,109.9504623413086,119.03633880615234
ElasticNet,888,0,glass_adhesion_kpa,hg0287,200.08493041992188,234.67881774902344
ElasticNet,888,0,glass_adhesion_kpa,hg0288,250.9837188720703,238.07626342773438
ElasticNet,888,0,glass_adhesion_kpa,hg0289,81.07572174072266,139.19534301757812
ElasticNet,888,0,glass_adhesion_kpa,hg0290,235.4706268310547,235.6865234375
ElasticNet,888,0,glass_adhesion_kpa,hg0291,225.3927764892578,232.3753662109375
ElasticNet,888,0,glass_adhesion_kpa,hg0334,206.6525115966797,229.33535766601562
ElasticNet,888,0,glass_adhesion_kpa,hg0335,193.57395935058594,171.04681396484375
ElasticNet,888,0,glass_adhesion_kpa,hg0336,62.22222137451172,140.63475036621094
ElasticNet,888,0,glass_adhesion_kpa,hg0337,147.99716186523438,134.40280151367188
ElasticNet,888,0,glass_adhesion_kpa,hg0338,229.75230407714844,232.88548278808594
ElasticNet,888,0,glass_adhesion_kpa,hg0339,232.0736083984375,236.60687255859375
ElasticNet,888,0,glass_adhesion_kpa,hg0340,199.1224365234375,216.1932373046875
KNN,888,0,glass_adhesion_kpa,hg0274,101.34465789794922,165.44540583751646
KNN,888,0,glass_adhesion_kpa,hg0275,229.6956787109375,280.083536428075
KNN,888,0,glass_adhesion_kpa,hg0276,160.2830810546875,119.17534414916484
KNN,888,0,glass_adhesion_kpa,hg0277,100.89171600341797,85.88405926530724
KNN,888,0,glass_adhesion_kpa,hg0278,91.04033660888672,92.9174180121837
KNN,888,0,glass_adhesion_kpa,hg0279,127.67162322998047,126.39166340224155
KNN,888,0,glass_adhesion_kpa,hg0280,117.31068420410156,205.01948503169277
KNN,888,0,glass_adhesion_kpa,hg0281,155.07431030273438,141.26363839281612
KNN,888,0,glass_adhesion_kpa,hg0282,74.50814056396484,106.7874626831238
KNN,888,0,glass_adhesion_kpa,hg0283,101.62773895263672,165.8634716825091
KNN,888,0,glass_adhesion_kpa,hg0284,75.13092803955078,76.03058622265745
KNN,888,0,glass_adhesion_kpa,hg0285,245.0955352783203,278.30138734803603
KNN,888,0,glass_adhesion_kpa,hg0286,109.9504623413086,111.95162391087572
KNN,888,0,glass_adhesion_kpa,hg0287,200.08493041992188,256.42978069389903
KNN,888,0,glass_adhesion_kpa,hg0288,250.9837188720703,269.49470562402723
KNN,888,0,glass_adhesion_kpa,hg0289,81.07572174072266,86.66089076452094
KNN,888,0,glass_adhesion_kpa,hg0290,235.4706268310547,278.4462966268453
KNN,888,0,glass_adhesion_kpa,hg0291,225.3927764892578,282.02964966432194
KNN,888,0,glass_adhesion_kpa,hg0334,206.6525115966797,282.7593435268914
KNN,888,0,glass_adhesion_kpa,hg0335,193.57395935058594,152.64136313941862
KNN,888,0,glass_adhesion_kpa,hg0336,62.22222137451172,162.17188942552144
KNN,888,0,glass_adhesion_kpa,hg0337,147.99716186523438,134.15256144759843
KNN,888,0,glass_adhesion_kpa,hg0338,229.75230407714844,280.92530897403645
KNN,888,0,glass_adhesion_kpa,hg0339,232.0736083984375,277.50415490293733
KNN,888,0,glass_adhesion_kpa,hg0340,199.1224365234375,252.21191147989762
SVR-RBF,888,0,glass_adhesion_kpa,hg0274,101.34465789794922,157.42869058386205
SVR-RBF,888,0,glass_adhesion_kpa,hg0275,229.6956787109375,230.35864015202
SVR-RBF,888,0,glass_adhesion_kpa,hg0276,160.2830810546875,127.37446620675027
SVR-RBF,888,0,glass_adhesion_kpa,hg0277,100.89171600341797,106.6727573282061
SVR-RBF,888,0,glass_adhesion_kpa,hg0278,91.04033660888672,63.797826684050726
SVR-RBF,888,0,glass_adhesion_kpa,hg0279,127.67162322998047,113.66733199220403
SVR-RBF,888,0,glass_adhesion_kpa,hg0280,117.31068420410156,195.62773659231496
SVR-RBF,888,0,glass_adhesion_kpa,hg0281,155.07431030273438,150.18184934547364
SVR-RBF,888,0,glass_adhesion_kpa,hg0282,74.50814056396484,115.12576088217469
SVR-RBF,888,0,glass_adhesion_kpa,hg0283,101.62773895263672,161.15019387120677
SVR-RBF,888,0,glass_adhesion_kpa,hg0284,75.13092803955078,62.04426605764284
SVR-RBF,888,0,glass_adhesion_kpa,hg0285,245.0955352783203,231.46095841214583
SVR-RBF,888,0,glass_adhesion_kpa,hg0286,109.9504623413086,109.13310049162146
SVR-RBF,888,0,glass_adhesion_kpa,hg0287,200.08493041992188,232.70100073941398
SVR-RBF,888,0,glass_adhesion_kpa,hg0288,250.9837188720703,232.35095122052257
SVR-RBF,888,0,glass_adhesion_kpa,hg0289,81.07572174072266,109.57567939689949
SVR-RBF,888,0,glass_adhesion_kpa,hg0290,235.4706268310547,232.26275017489573
SVR-RBF,888,0,glass_adhesion_kpa,hg0291,225.3927764892578,230.5997988848924
SVR-RBF,888,0,glass_adhesion_kpa,hg0334,206.6525115966797,225.59615573942634
SVR-RBF,888,0,glass_adhesion_kpa,hg0335,193.57395935058594,162.66902362777276
SVR-RBF,888,0,glass_adhesion_kpa,hg0336,62.22222137451172,125.95035023507339
SVR-RBF,888,0,glass_adhesion_kpa,hg0337,147.99716186523438,130.9859133698327
SVR-RBF,888,0,glass_adhesion_kpa,hg0338,229.75230407714844,230.11570143294426
SVR-RBF,888,0,glass_adhesion_kpa,hg0339,232.0736083984375,231.36078668808005
SVR-RBF,888,0,glass_adhesion_kpa,hg0340,199.1224365234375,218.52401625524118
RandomForest,888,0,glass_adhesion_kpa,hg0274,101.34465789794922,170.8359779579352
RandomForest,888,0,glass_adhesion_kpa,hg0275,229.6956787109375,276.0297053570597
RandomForest,888,0,glass_adhesion_kpa,hg0276,160.2830810546875,136.7726273376335
RandomForest,888,0,glass_adhesion_kpa,hg0277,100.89171600341797,97.94286624115179
RandomForest,888,0,glass_adhesion_kpa,hg0278,91.04033660888672,85.46968209763122
RandomForest,888,0,glass_adhesion_kpa,hg0279,127.67162322998047,121.87319678472583
RandomForest,888,0,glass_adhesion_kpa,hg0280,117.31068420410156,180.65837566659965
RandomForest,888,0,glass_adhesion_kpa,hg0281,155.07431030273438,143.34024987915677
RandomForest,888,0,glass_adhesion_kpa,hg0282,74.50814056396484,105.72337601714958
RandomForest,888,0,glass_adhesion_kpa,hg0283,101.62773895263672,172.45348458838217
RandomForest,888,0,glass_adhesion_kpa,hg0284,75.13092803955078,90.22402406485081
RandomForest,888,0,glass_adhesion_kpa,hg0285,245.0955352783203,268.6077642808161
RandomForest,888,0,glass_adhesion_kpa,hg0286,109.9504623413086,110.64233955288474
RandomForest,888,0,glass_adhesion_kpa,hg0287,200.08493041992188,252.09508808461092
RandomForest,888,0,glass_adhesion_kpa,hg0288,250.9837188720703,268.3851321719759
RandomForest,888,0,glass_adhesion_kpa,hg0289,81.07572174072266,118.9934502309831
RandomForest,888,0,glass_adhesion_kpa,hg0290,235.4706268310547,277.1407055723922
RandomForest,888,0,glass_adhesion_kpa,hg0291,225.3927764892578,270.4223112745305
RandomForest,888,0,glass_adhesion_kpa,hg0334,206.6525115966797,270.56556437879215
RandomForest,888,0,glass_adhesion_kpa,hg0335,193.57395935058594,144.09965142117431
RandomForest,888,0,glass_adhesion_kpa,hg0336,62.22222137451172,139.99942207258908
RandomForest,888,0,glass_adhesion_kpa,hg0337,147.99716186523438,133.21100941343778
RandomForest,888,0,glass_adhesion_kpa,hg0338,229.75230407714844,276.7005633351955
RandomForest,888,0,glass_adhesion_kpa,hg0339,232.0736083984375,268.5839272140881
RandomForest,888,0,glass_adhesion_kpa,hg0340,199.1224365234375,212.8645327963059
HistGB,888,0,glass_adhesion_kpa,hg0274,101.34465789794922,161.5363025431342
HistGB,888,0,glass_adhesion_kpa,hg0275,229.6956787109375,270.7895974252684
HistGB,888,0,glass_adhesion_kpa,hg0276,160.2830810546875,152.19322681339722
HistGB,888,0,glass_adhesion_kpa,hg0277,100.89171600341797,112.15247182923837
HistGB,888,0,glass_adhesion_kpa,hg0278,91.04033660888672,75.71359654212529
HistGB,888,0,glass_adhesion_kpa,hg0279,127.67162322998047,110.16590855388716
HistGB,888,0,glass_adhesion_kpa,hg0280,117.31068420410156,186.95614974893502
HistGB,888,0,glass_adhesion_kpa,hg0281,155.07431030273438,144.11227881027386
HistGB,888,0,glass_adhesion_kpa,hg0282,74.50814056396484,117.70928506432354
HistGB,888,0,glass_adhesion_kpa,hg0283,101.62773895263672,161.5363025431342
HistGB,888,0,glass_adhesion_kpa,hg0284,75.13092803955078,75.05438672041115
HistGB,888,0,glass_adhesion_kpa,hg0285,245.0955352783203,230.56470612876385
HistGB,888,0,glass_adhesion_kpa,hg0286,109.9504623413086,77.0393963107572
HistGB,888,0,glass_adhesion_kpa,hg0287,200.08493041992188,226.4136594556158
HistGB,888,0,glass_adhesion_kpa,hg0288,250.9837188720703,230.56470612876385
HistGB,888,0,glass_adhesion_kpa,hg0289,81.07572174072266,121.42590548170296
HistGB,888,0,glass_adhesion_kpa,hg0290,235.4706268310547,266.0120577592411
HistGB,888,0,glass_adhesion_kpa,hg0291,225.3927764892578,267.2141315138654
HistGB,888,0,glass_adhesion_kpa,hg0334,206.6525115966797,266.9602712334457
HistGB,888,0,glass_adhesion_kpa,hg0335,193.57395935058594,154.1580075548867
HistGB,888,0,glass_adhesion_kpa,hg0336,62.22222137451172,185.5774439871052
HistGB,888,0,glass_adhesion_kpa,hg0337,147.99716186523438,150.86658742440386
HistGB,888,0,glass_adhesion_kpa,hg0338,229.75230407714844,301.2076669901457
HistGB,888,0,glass_adhesion_kpa,hg0339,232.0736083984375,230.56470612876385
HistGB,888,0,glass_adhesion_kpa,hg0340,199.1224365234375,184.430556310347
MLP,888,0,glass_adhesion_kpa,hg0274,101.34465789794922,183.91226196289062
MLP,888,0,glass_adhesion_kpa,hg0275,229.6956787109375,237.53829956054688
MLP,888,0,glass_adhesion_kpa,hg0276,160.2830810546875,127.02403259277344
MLP,888,0,glass_adhesion_kpa,hg0277,100.89171600341797,91.54887390136719
MLP,888,0,glass_adhesion_kpa,hg0278,91.04033660888672,47.17898178100586
MLP,888,0,glass_adhesion_kpa,hg0279,127.67162322998047,118.33573150634766
MLP,888,0,glass_adhesion_kpa,hg0280,117.31068420410156,194.9319305419922
MLP,888,0,glass_adhesion_kpa,hg0281,155.07431030273438,131.1951904296875
MLP,888,0,glass_adhesion_kpa,hg0282,74.50814056396484,94.67298126220703
MLP,888,0,glass_adhesion_kpa,hg0283,101.62773895263672,186.31956481933594
MLP,888,0,glass_adhesion_kpa,hg0284,75.13092803955078,113.27519989013672
MLP,888,0,glass_adhesion_kpa,hg0285,245.0955352783203,238.43350219726562
MLP,888,0,glass_adhesion_kpa,hg0286,109.9504623413086,118.3526840209961
MLP,888,0,glass_adhesion_kpa,hg0287,200.08493041992188,241.22952270507812
MLP,888,0,glass_adhesion_kpa,hg0288,250.9837188720703,239.45571899414062
MLP,888,0,glass_adhesion_kpa,hg0289,81.07572174072266,113.5645523071289
MLP,888,0,glass_adhesion_kpa,hg0290,235.4706268310547,239.45489501953125
MLP,888,0,glass_adhesion_kpa,hg0291,225.3927764892578,238.48890686035156
MLP,888,0,glass_adhesion_kpa,hg0334,206.6525115966797,232.29034423828125
MLP,888,0,glass_adhesion_kpa,hg0335,193.57395935058594,144.96868896484375
MLP,888,0,glass_adhesion_kpa,hg0336,62.22222137451172,172.89144897460938
MLP,888,0,glass_adhesion_kpa,hg0337,147.99716186523438,131.07237243652344
MLP,888,0,glass_adhesion_kpa,hg0338,229.75230407714844,237.31332397460938
MLP,888,0,glass_adhesion_kpa,hg0339,232.0736083984375,238.78146362304688
MLP,888,0,glass_adhesion_kpa,hg0340,199.1224365234375,231.89822387695312
Mean,888,1,glass_adhesion_kpa,hg0274,101.34465789794922,92.4067611694336
Mean,888,1,glass_adhesion_kpa,hg0275,229.6956787109375,92.4067611694336
Mean,888,1,glass_adhesion_kpa,hg0276,160.2830810546875,92.4067611694336
Mean,888,1,glass_adhesion_kpa,hg0277,100.89171600341797,92.4067611694336
Mean,888,1,glass_adhesion_kpa,hg0278,91.04033660888672,92.4067611694336
Mean,888,1,glass_adhesion_kpa,hg0279,127.67162322998047,92.4067611694336
Mean,888,1,glass_adhesion_kpa,hg0280,117.31068420410156,92.4067611694336
Mean,888,1,glass_adhesion_kpa,hg0281,155.07431030273438,92.4067611694336
Mean,888,1,glass_adhesion_kpa,hg0282,74.50814056396484,92.4067611694336
Mean,888,1,glass_adhesion_kpa,hg0283,101.62773895263672,92.4067611694336
Mean,888,1,glass_adhesion_kpa,hg0284,75.13092803955078,92.4067611694336
Mean,888,1,glass_adhesion_kpa,hg0285,245.0955352783203,92.4067611694336
Mean,888,1,glass_adhesion_kpa,hg0286,109.9504623413086,92.4067611694336
Mean,888,1,glass_adhesion_kpa,hg0287,200.08493041992188,92.4067611694336
Mean,888,1,glass_adhesion_kpa,hg0288,250.9837188720703,92.4067611694336
Mean,888,1,glass_adhesion_kpa,hg0289,81.07572174072266,92.4067611694336
Mean,888,1,glass_adhesion_kpa,hg0290,235.4706268310547,92.4067611694336
Mean,888,1,glass_adhesion_kpa,hg0291,225.3927764892578,92.4067611694336
Mean,888,1,glass_adhesion_kpa,hg0334,206.6525115966797,92.4067611694336
Mean,888,1,glass_adhesion_kpa,hg0335,193.57395935058594,92.4067611694336
Mean,888,1,glass_adhesion_kpa,hg0336,62.22222137451172,92.4067611694336
Mean,888,1,glass_adhesion_kpa,hg0337,147.99716186523438,92.4067611694336
Mean,888,1,glass_adhesion_kpa,hg0338,229.75230407714844,92.4067611694336
Mean,888,1,glass_adhesion_kpa,hg0339,232.0736083984375,92.4067611694336
Mean,888,1,glass_adhesion_kpa,hg0340,199.1224365234375,92.4067611694336
Ridge,888,1,glass_adhesion_kpa,hg0274,101.34465789794922,171.31430053710938
Ridge,888,1,glass_adhesion_kpa,hg0275,229.6956787109375,223.87612915039062
Ridge,888,1,glass_adhesion_kpa,hg0276,160.2830810546875,137.91250610351562
Ridge,888,1,glass_adhesion_kpa,hg0277,100.89171600341797,82.1456298828125
Ridge,888,1,glass_adhesion_kpa,hg0278,91.04033660888672,64.580322265625
Ridge,888,1,glass_adhesion_kpa,hg0279,127.67162322998047,133.64187622070312
Ridge,888,1,glass_adhesion_kpa,hg0280,117.31068420410156,203.48086547851562
Ridge,888,1,glass_adhesion_kpa,hg0281,155.07431030273438,153.06536865234375
Ridge,888,1,glass_adhesion_kpa,hg0282,74.50814056396484,117.12301635742188
Ridge,888,1,glass_adhesion_kpa,hg0283,101.62773895263672,173.79202270507812
Ridge,888,1,glass_adhesion_kpa,hg0284,75.13092803955078,84.25830841064453
Ridge,888,1,glass_adhesion_kpa,hg0285,245.0955352783203,225.1446533203125
Ridge,888,1,glass_adhesion_kpa,hg0286,109.9504623413086,121.86518859863281
Ridge,888,1,glass_adhesion_kpa,hg0287,200.08493041992188,221.26910400390625
Ridge,888,1,glass_adhesion_kpa,hg0288,250.9837188720703,225.21917724609375
Ridge,888,1,glass_adhesion_kpa,hg0289,81.07572174072266,125.31483459472656
Ridge,888,1,glass_adhesion_kpa,hg0290,235.4706268310547,224.24685668945312
Ridge,888,1,glass_adhesion_kpa,hg0291,225.3927764892578,222.36337280273438
Ridge,888,1,glass_adhesion_kpa,hg0334,206.6525115966797,223.46185302734375
Ridge,888,1,glass_adhesion_kpa,hg0335,193.57395935058594,177.30975341796875
Ridge,888,1,glass_adhesion_kpa,hg0336,62.22222137451172,134.62725830078125
Ridge,888,1,glass_adhesion_kpa,hg0337,147.99716186523438,135.76625061035156
Ridge,888,1,glass_adhesion_kpa,hg0338,229.75230407714844,223.793701171875
Ridge,888,1,glass_adhesion_kpa,hg0339,232.0736083984375,225.40289306640625
Ridge,888,1,glass_adhesion_kpa,hg0340,199.1224365234375,209.3379364013672
ElasticNet,888,1,glass_adhesion_kpa,hg0274,101.34465789794922,171.33123779296875
ElasticNet,888,1,glass_adhesion_kpa,hg0275,229.6956787109375,223.69635009765625
ElasticNet,888,1,glass_adhesion_kpa,hg0276,160.2830810546875,136.6182098388672
ElasticNet,888,1,glass_adhesion_kpa,hg0277,100.89171600341797,81.35327911376953
ElasticNet,888,1,glass_adhesion_kpa,hg0278,91.04033660888672,64.37760162353516
ElasticNet,888,1,glass_adhesion_kpa,hg0279,127.67162322998047,133.9221954345703
ElasticNet,888,1,glass_adhesion_kpa,hg0280,117.31068420410156,202.701171875
ElasticNet,888,1,glass_adhesion_kpa,hg0281,155.07431030273438,151.46875
ElasticNet,888,1,glass_adhesion_kpa,hg0282,74.50814056396484,116.38124084472656
ElasticNet,888,1,glass_adhesion_kpa,hg0283,101.62773895263672,173.8025360107422
ElasticNet,888,1,glass_adhesion_kpa,hg0284,75.13092803955078,84.72937774658203
ElasticNet,888,1,glass_adhesion_kpa,hg0285,245.0955352783203,224.81329345703125
ElasticNet,888,1,glass_adhesion_kpa,hg0286,109.9504623413086,120.71788787841797
ElasticNet,888,1,glass_adhesion_kpa,hg0287,200.08493041992188,221.66293334960938
ElasticNet,888,1,glass_adhesion_kpa,hg0288,250.9837188720703,224.94821166992188
ElasticNet,888,1,glass_adhesion_kpa,hg0289,81.07572174072266,125.46340942382812
ElasticNet,888,1,glass_adhesion_kpa,hg0290,235.4706268310547,224.12594604492188
ElasticNet,888,1,glass_adhesion_kpa,hg0291,225.3927764892578,222.4454345703125
ElasticNet,888,1,glass_adhesion_kpa,hg0334,206.6525115966797,223.06716918945312
ElasticNet,888,1,glass_adhesion_kpa,hg0335,193.57395935058594,175.98619079589844
ElasticNet,888,1,glass_adhesion_kpa,hg0336,62.22222137451172,137.92010498046875
ElasticNet,888,1,glass_adhesion_kpa,hg0337,147.99716186523438,135.978271484375
ElasticNet,888,1,glass_adhesion_kpa,hg0338,229.75230407714844,223.61312866210938
ElasticNet,888,1,glass_adhesion_kpa,hg0339,232.0736083984375,225.01766967773438
ElasticNet,888,1,glass_adhesion_kpa,hg0340,199.1224365234375,210.65890502929688
KNN,888,1,glass_adhesion_kpa,hg0274,101.34465789794922,164.2956990483276
KNN,888,1,glass_adhesion_kpa,hg0275,229.6956787109375,279.14039746293344
KNN,888,1,glass_adhesion_kpa,hg0276,160.2830810546875,113.71296543767488
KNN,888,1,glass_adhesion_kpa,hg0277,100.89171600341797,100.75391044745743
KNN,888,1,glass_adhesion_kpa,hg0278,91.04033660888672,107.49577601399658
KNN,888,1,glass_adhesion_kpa,hg0279,127.67162322998047,121.28220149499028
KNN,888,1,glass_adhesion_kpa,hg0280,117.31068420410156,207.64657285556203
KNN,888,1,glass_adhesion_kpa,hg0281,155.07431030273438,146.83093390483216
KNN,888,1,glass_adhesion_kpa,hg0282,74.50814056396484,112.38604740514445
KNN,888,1,glass_adhesion_kpa,hg0283,101.62773895263672,165.4864431223547
KNN,888,1,glass_adhesion_kpa,hg0284,75.13092803955078,76.6163562115899
KNN,888,1,glass_adhesion_kpa,hg0285,245.0955352783203,267.5968475819694
KNN,888,1,glass_adhesion_kpa,hg0286,109.9504623413086,111.34527072016076
KNN,888,1,glass_adhesion_kpa,hg0287,200.08493041992188,243.94820228885254
KNN,888,1,glass_adhesion_kpa,hg0288,250.9837188720703,260.0937513025186
KNN,888,1,glass_adhesion_kpa,hg0289,81.07572174072266,87.88721008292777
KNN,888,1,glass_adhesion_kpa,hg0290,235.4706268310547,276.92429020827734
KNN,888,1,glass_adhesion_kpa,hg0291,225.3927764892578,270.4873556484369
KNN,888,1,glass_adhesion_kpa,hg0334,206.6525115966797,286.8934029155107
KNN,888,1,glass_adhesion_kpa,hg0335,193.57395935058594,166.88677301046866
KNN,888,1,glass_adhesion_kpa,hg0336,62.22222137451172,162.3511980357925
KNN,888,1,glass_adhesion_kpa,hg0337,147.99716186523438,161.34823561439535
KNN,888,1,glass_adhesion_kpa,hg0338,229.75230407714844,281.4888687159802
KNN,888,1,glass_adhesion_kpa,hg0339,232.0736083984375,268.192857445029
KNN,888,1,glass_adhesion_kpa,hg0340,199.1224365234375,251.63396997055725
SVR-RBF,888,1,glass_adhesion_kpa,hg0274,101.34465789794922,162.69203647989298
SVR-RBF,888,1,glass_adhesion_kpa,hg0275,229.6956787109375,216.10775259588718
SVR-RBF,888,1,glass_adhesion_kpa,hg0276,160.2830810546875,121.8342226148714
SVR-RBF,888,1,glass_adhesion_kpa,hg0277,100.89171600341797,106.30634461785418
SVR-RBF,888,1,glass_adhesion_kpa,hg0278,91.04033660888672,69.55200810177635
SVR-RBF,888,1,glass_adhesion_kpa,hg0279,127.67162322998047,106.17085880251659
SVR-RBF,888,1,glass_adhesion_kpa,hg0280,117.31068420410156,200.26344149572137
SVR-RBF,888,1,glass_adhesion_kpa,hg0281,155.07431030273438,145.03919854079626
SVR-RBF,888,1,glass_adhesion_kpa,hg0282,74.50814056396484,116.90000839871354
SVR-RBF,888,1,glass_adhesion_kpa,hg0283,101.62773895263672,165.79074607719238
SVR-RBF,888,1,glass_adhesion_kpa,hg0284,75.13092803955078,62.215970286914214
SVR-RBF,888,1,glass_adhesion_kpa,hg0285,245.0955352783203,216.8847705545195
SVR-RBF,888,1,glass_adhesion_kpa,hg0286,109.9504623413086,100.29623370420187
SVR-RBF,888,1,glass_adhesion_kpa,hg0287,200.08493041992188,210.87560230163785
SVR-RBF,888,1,glass_adhesion_kpa,hg0288,250.9837188720703,215.69780467957108
SVR-RBF,888,1,glass_adhesion_kpa,hg0289,81.07572174072266,100.8749429353188
SVR-RBF,888,1,glass_adhesion_kpa,hg0290,235.4706268310547,215.6357823949028
SVR-RBF,888,1,glass_adhesion_kpa,hg0291,225.3927764892578,214.1627029904105
SVR-RBF,888,1,glass_adhesion_kpa,hg0334,206.6525115966797,215.9564488897085
SVR-RBF,888,1,glass_adhesion_kpa,hg0335,193.57395935058594,170.87362934411465
SVR-RBF,888,1,glass_adhesion_kpa,hg0336,62.22222137451172,131.79475356373908
SVR-RBF,888,1,glass_adhesion_kpa,hg0337,147.99716186523438,138.7627126189523
SVR-RBF,888,1,glass_adhesion_kpa,hg0338,229.75230407714844,216.07417266835103
SVR-RBF,888,1,glass_adhesion_kpa,hg0339,232.0736083984375,216.8006509606691
SVR-RBF,888,1,glass_adhesion_kpa,hg0340,199.1224365234375,201.1019295870347
RandomForest,888,1,glass_adhesion_kpa,hg0274,101.34465789794922,177.37302772081017
RandomForest,888,1,glass_adhesion_kpa,hg0275,229.6956787109375,275.11182003835626
RandomForest,888,1,glass_adhesion_kpa,hg0276,160.2830810546875,134.85035961105427
RandomForest,888,1,glass_adhesion_kpa,hg0277,100.89171600341797,98.65221586120778
RandomForest,888,1,glass_adhesion_kpa,hg0278,91.04033660888672,92.67652535751928
RandomForest,888,1,glass_adhesion_kpa,hg0279,127.67162322998047,119.4606057990584
RandomForest,888,1,glass_adhesion_kpa,hg0280,117.31068420410156,181.36318746844333
RandomForest,888,1,glass_adhesion_kpa,hg0281,155.07431030273438,140.22873207424882
RandomForest,888,1,glass_adhesion_kpa,hg0282,74.50814056396484,110.71153189489286
RandomForest,888,1,glass_adhesion_kpa,hg0283,101.62773895263672,179.457008734088
RandomForest,888,1,glass_adhesion_kpa,hg0284,75.13092803955078,78.801078892308
RandomForest,888,1,glass_adhesion_kpa,hg0285,245.0955352783203,261.50088458553745
RandomForest,888,1,glass_adhesion_kpa,hg0286,109.9504623413086,113.48283811601404
RandomForest,888,1,glass_adhesion_kpa,hg0287,200.08493041992188,250.156473766768
RandomForest,888,1,glass_adhesion_kpa,hg0288,250.9837188720703,266.785006914766
RandomForest,888,1,glass_adhesion_kpa,hg0289,81.07572174072266,116.65833743914064
RandomForest,888,1,glass_adhesion_kpa,hg0290,235.4706268310547,268.62104736370867
RandomForest,888,1,glass_adhesion_kpa,hg0291,225.3927764892578,271.78627562600616
RandomForest,888,1,glass_adhesion_kpa,hg0334,206.6525115966797,272.4610992251746
RandomForest,888,1,glass_adhesion_kpa,hg0335,193.57395935058594,141.66193491973002
RandomForest,888,1,glass_adhesion_kpa,hg0336,62.22222137451172,119.67766992457055
RandomForest,888,1,glass_adhesion_kpa,hg0337,147.99716186523438,153.5537971560821
RandomForest,888,1,glass_adhesion_kpa,hg0338,229.75230407714844,271.31991081194764
RandomForest,888,1,glass_adhesion_kpa,hg0339,232.0736083984375,258.92053689679403
RandomForest,888,1,glass_adhesion_kpa,hg0340,199.1224365234375,221.8153102229203
HistGB,888,1,glass_adhesion_kpa,hg0274,101.34465789794922,163.32427470314593
HistGB,888,1,glass_adhesion_kpa,hg0275,229.6956787109375,295.18709483921884
HistGB,888,1,glass_adhesion_kpa,hg0276,160.2830810546875,138.93493504171374
HistGB,888,1,glass_adhesion_kpa,hg0277,100.89171600341797,99.09812736419894
HistGB,888,1,glass_adhesion_kpa,hg0278,91.04033660888672,103.4512309095698
HistGB,888,1,glass_adhesion_kpa,hg0279,127.67162322998047,103.87354972288668
HistGB,888,1,glass_adhesion_kpa,hg0280,117.31068420410156,162.2634169354092
HistGB,888,1,glass_adhesion_kpa,hg0281,155.07431030273438,122.86958603042292
HistGB,888,1,glass_adhesion_kpa,hg0282,74.50814056396484,114.8277221894167
HistGB,888,1,glass_adhesion_kpa,hg0283,101.62773895263672,163.32427470314593
HistGB,888,1,glass_adhesion_kpa,hg0284,75.13092803955078,71.7391458377507
HistGB,888,1,glass_adhesion_kpa,hg0285,245.0955352783203,280.7656584953799
HistGB,888,1,glass_adhesion_kpa,hg0286,109.9504623413086,95.5770217516713
HistGB,888,1,glass_adhesion_kpa,hg0287,200.08493041992188,238.68388017316258
HistGB,888,1,glass_adhesion_kpa,hg0288,250.9837188720703,253.71251520979612
HistGB,888,1,glass_adhesion_kpa,hg0289,81.07572174072266,99.56387930971188
HistGB,888,1,glass_adhesion_kpa,hg0290,235.4706268310547,289.92231673083256
HistGB,888,1,glass_adhesion_kpa,hg0291,225.3927764892578,297.39645960134084
HistGB,888,1,glass_adhesion_kpa,hg0334,206.6525115966797,250.9016113860624
HistGB,888,1,glass_adhesion_kpa,hg0335,193.57395935058594,124.51251639229262
HistGB,888,1,glass_adhesion_kpa,hg0336,62.22222137451172,153.4311072168718
HistGB,888,1,glass_adhesion_kpa,hg0337,147.99716186523438,182.06456504777444
HistGB,888,1,glass_adhesion_kpa,hg0338,229.75230407714844,296.93461644951697
HistGB,888,1,glass_adhesion_kpa,hg0339,232.0736083984375,259.45101243032974
HistGB,888,1,glass_adhesion_kpa,hg0340,199.1224365234375,228.41301683412453
MLP,888,1,glass_adhesion_kpa,hg0274,101.34465789794922,172.8912353515625
MLP,888,1,glass_adhesion_kpa,hg0275,229.6956787109375,232.8624267578125
MLP,888,1,glass_adhesion_kpa,hg0276,160.2830810546875,121.83837890625
MLP,888,1,glass_adhesion_kpa,hg0277,100.89171600341797,91.53819274902344
MLP,888,1,glass_adhesion_kpa,hg0278,91.04033660888672,59.93387222290039
MLP,888,1,glass_adhesion_kpa,hg0279,127.67162322998047,126.77735900878906
MLP,888,1,glass_adhesion_kpa,hg0280,117.31068420410156,204.39089965820312
MLP,888,1,glass_adhesion_kpa,hg0281,155.07431030273438,130.72586059570312
MLP,888,1,glass_adhesion_kpa,hg0282,74.50814056396484,105.75047302246094
MLP,888,1,glass_adhesion_kpa,hg0283,101.62773895263672,175.54527282714844
MLP,888,1,glass_adhesion_kpa,hg0284,75.13092803955078,106.6769027709961
MLP,888,1,glass_adhesion_kpa,hg0285,245.0955352783203,232.00778198242188
MLP,888,1,glass_adhesion_kpa,hg0286,109.9504623413086,112.64698028564453
MLP,888,1,glass_adhesion_kpa,hg0287,200.08493041992188,227.69444274902344
MLP,888,1,glass_adhesion_kpa,hg0288,250.9837188720703,229.6288604736328
MLP,888,1,glass_adhesion_kpa,hg0289,81.07572174072266,116.29354858398438
MLP,888,1,glass_adhesion_kpa,hg0290,235.4706268310547,231.30072021484375
MLP,888,1,glass_adhesion_kpa,hg0291,225.3927764892578,231.76596069335938
MLP,888,1,glass_adhesion_kpa,hg0334,206.6525115966797,233.2788848876953
MLP,888,1,glass_adhesion_kpa,hg0335,193.57395935058594,160.33892822265625
MLP,888,1,glass_adhesion_kpa,hg0336,62.22222137451172,159.2716064453125
MLP,888,1,glass_adhesion_kpa,hg0337,147.99716186523438,134.54248046875
MLP,888,1,glass_adhesion_kpa,hg0338,229.75230407714844,232.96157836914062
MLP,888,1,glass_adhesion_kpa,hg0339,232.0736083984375,230.82879638671875
MLP,888,1,glass_adhesion_kpa,hg0340,199.1224365234375,226.0122528076172
Mean,888,2,glass_adhesion_kpa,hg0274,101.34465789794922,92.77108001708984
Mean,888,2,glass_adhesion_kpa,hg0275,229.6956787109375,92.77108001708984
Mean,888,2,glass_adhesion_kpa,hg0276,160.2830810546875,92.77108001708984
Mean,888,2,glass_adhesion_kpa,hg0277,100.89171600341797,92.77108001708984
Mean,888,2,glass_adhesion_kpa,hg0278,91.04033660888672,92.77108001708984
Mean,888,2,glass_adhesion_kpa,hg0279,127.67162322998047,92.77108001708984
Mean,888,2,glass_adhesion_kpa,hg0280,117.31068420410156,92.77108001708984
Mean,888,2,glass_adhesion_kpa,hg0281,155.07431030273438,92.77108001708984
Mean,888,2,glass_adhesion_kpa,hg0282,74.50814056396484,92.77108001708984
Mean,888,2,glass_adhesion_kpa,hg0283,101.62773895263672,92.77108001708984
Mean,888,2,glass_adhesion_kpa,hg0284,75.13092803955078,92.77108001708984
Mean,888,2,glass_adhesion_kpa,hg0285,245.0955352783203,92.77108001708984
Mean,888,2,glass_adhesion_kpa,hg0286,109.9504623413086,92.77108001708984
Mean,888,2,glass_adhesion_kpa,hg0287,200.08493041992188,92.77108001708984
Mean,888,2,glass_adhesion_kpa,hg0288,250.9837188720703,92.77108001708984
Mean,888,2,glass_adhesion_kpa,hg0289,81.07572174072266,92.77108001708984
Mean,888,2,glass_adhesion_kpa,hg0290,235.4706268310547,92.77108001708984
Mean,888,2,glass_adhesion_kpa,hg0291,225.3927764892578,92.77108001708984
Mean,888,2,glass_adhesion_kpa,hg0334,206.6525115966797,92.77108001708984
Mean,888,2,glass_adhesion_kpa,hg0335,193.57395935058594,92.77108001708984
Mean,888,2,glass_adhesion_kpa,hg0336,62.22222137451172,92.77108001708984
Mean,888,2,glass_adhesion_kpa,hg0337,147.99716186523438,92.77108001708984
Mean,888,2,glass_adhesion_kpa,hg0338,229.75230407714844,92.77108001708984
Mean,888,2,glass_adhesion_kpa,hg0339,232.0736083984375,92.77108001708984
Mean,888,2,glass_adhesion_kpa,hg0340,199.1224365234375,92.77108001708984
Ridge,888,2,glass_adhesion_kpa,hg0274,101.34465789794922,178.34976196289062
Ridge,888,2,glass_adhesion_kpa,hg0275,229.6956787109375,226.87216186523438
Ridge,888,2,glass_adhesion_kpa,hg0276,160.2830810546875,144.49853515625
Ridge,888,2,glass_adhesion_kpa,hg0277,100.89171600341797,85.16204071044922
Ridge,888,2,glass_adhesion_kpa,hg0278,91.04033660888672,61.90629959106445
Ridge,888,2,glass_adhesion_kpa,hg0279,127.67162322998047,137.28271484375
Ridge,888,2,glass_adhesion_kpa,hg0280,117.31068420410156,207.29612731933594
Ridge,888,2,glass_adhesion_kpa,hg0281,155.07431030273438,160.75149536132812
Ridge,888,2,glass_adhesion_kpa,hg0282,74.50814056396484,123.66370391845703
Ridge,888,2,glass_adhesion_kpa,hg0283,101.62773895263672,180.84881591796875
Ridge,888,2,glass_adhesion_kpa,hg0284,75.13092803955078,71.64924621582031
Ridge,888,2,glass_adhesion_kpa,hg0285,245.0955352783203,229.08026123046875
Ridge,888,2,glass_adhesion_kpa,hg0286,109.9504623413086,125.05584716796875
Ridge,888,2,glass_adhesion_kpa,hg0287,200.08493041992188,223.32064819335938
Ridge,888,2,glass_adhesion_kpa,hg0288,250.9837188720703,229.40835571289062
Ridge,888,2,glass_adhesion_kpa,hg0289,81.07572174072266,131.7623748779297
Ridge,888,2,glass_adhesion_kpa,hg0290,235.4706268310547,227.47479248046875
Ridge,888,2,glass_adhesion_kpa,hg0291,225.3927764892578,224.76412963867188
Ridge,888,2,glass_adhesion_kpa,hg0334,206.6525115966797,226.28594970703125
Ridge,888,2,glass_adhesion_kpa,hg0335,193.57395935058594,177.3726043701172
Ridge,888,2,glass_adhesion_kpa,hg0336,62.22222137451172,134.2356414794922
Ridge,888,2,glass_adhesion_kpa,hg0337,147.99716186523438,135.51475524902344
Ridge,888,2,glass_adhesion_kpa,hg0338,229.75230407714844,226.74844360351562
Ridge,888,2,glass_adhesion_kpa,hg0339,232.0736083984375,229.78524780273438
Ridge,888,2,glass_adhesion_kpa,hg0340,199.1224365234375,209.8570556640625
ElasticNet,888,2,glass_adhesion_kpa,hg0274,101.34465789794922,174.5465545654297
ElasticNet,888,2,glass_adhesion_kpa,hg0275,229.6956787109375,218.34808349609375
ElasticNet,888,2,glass_adhesion_kpa,hg0276,160.2830810546875,128.48692321777344
ElasticNet,888,2,glass_adhesion_kpa,hg0277,100.89171600341797,75.87389373779297
ElasticNet,888,2,glass_adhesion_kpa,hg0278,91.04033660888672,66.95010375976562
ElasticNet,888,2,glass_adhesion_kpa,hg0279,127.67162322998047,136.3594207763672
ElasticNet,888,2,glass_adhesion_kpa,hg0280,117.31068420410156,193.29434204101562
ElasticNet,888,2,glass_adhesion_kpa,hg0281,155.07431030273438,138.71975708007812
ElasticNet,888,2,glass_adhesion_kpa,hg0282,74.50814056396484,111.91000366210938
ElasticNet,888,2,glass_adhesion_kpa,hg0283,101.62773895263672,176.63075256347656
ElasticNet,888,2,glass_adhesion_kpa,hg0284,75.13092803955078,101.81774139404297
ElasticNet,888,2,glass_adhesion_kpa,hg0285,245.0955352783203,217.09536743164062
ElasticNet,888,2,glass_adhesion_kpa,hg0286,109.9504623413086,115.1771011352539
ElasticNet,888,2,glass_adhesion_kpa,hg0287,200.08493041992188,221.33718872070312
ElasticNet,888,2,glass_adhesion_kpa,hg0288,250.9837188720703,216.78787231445312
ElasticNet,888,2,glass_adhesion_kpa,hg0289,81.07572174072266,134.29454040527344
ElasticNet,888,2,glass_adhesion_kpa,hg0290,235.4706268310547,218.63125610351562
ElasticNet,888,2,glass_adhesion_kpa,hg0291,225.3927764892578,219.7119140625
ElasticNet,888,2,glass_adhesion_kpa,hg0334,206.6525115966797,216.3762664794922
ElasticNet,888,2,glass_adhesion_kpa,hg0335,193.57395935058594,163.25811767578125
ElasticNet,888,2,glass_adhesion_kpa,hg0336,62.22222137451172,170.396728515625
ElasticNet,888,2,glass_adhesion_kpa,hg0337,147.99716186523438,140.77056884765625
ElasticNet,888,2,glass_adhesion_kpa,hg0338,229.75230407714844,218.32199096679688
ElasticNet,888,2,glass_adhesion_kpa,hg0339,232.0736083984375,216.30340576171875
ElasticNet,888,2,glass_adhesion_kpa,hg0340,199.1224365234375,219.8856201171875
KNN,888,2,glass_adhesion_kpa,hg0274,101.34465789794922,150.1389702189553
KNN,888,2,glass_adhesion_kpa,hg0275,229.6956787109375,253.49006379626866
KNN,888,2,glass_adhesion_kpa,hg0276,160.2830810546875,117.748252329184
KNN,888,2,glass_adhesion_kpa,hg0277,100.89171600341797,77.73928803348097
KNN,888,2,glass_adhesion_kpa,hg0278,91.04033660888672,77.57231013603497
KNN,888,2,glass_adhesion_kpa,hg0279,127.67162322998047,102.05048977979878
KNN,888,2,glass_adhesion_kpa,hg0280,117.31068420410156,211.6434824377243
KNN,888,2,glass_adhesion_kpa,hg0281,155.07431030273438,139.17657864713584
KNN,888,2,glass_adhesion_kpa,hg0282,74.50814056396484,113.2714739717913
KNN,888,2,glass_adhesion_kpa,hg0283,101.62773895263672,152.6521762123361
KNN,888,2,glass_adhesion_kpa,hg0284,75.13092803955078,97.67452133877451
KNN,888,2,glass_adhesion_kpa,hg0285,245.0955352783203,252.88969735203503
KNN,888,2,glass_adhesion_kpa,hg0286,109.9504623413086,102.2167465604246
KNN,888,2,glass_adhesion_kpa,hg0287,200.08493041992188,241.0040183542348
KNN,888,2,glass_adhesion_kpa,hg0288,250.9837188720703,264.26596077362575
KNN,888,2,glass_adhesion_kpa,hg0289,81.07572174072266,98.98286348040534
KNN,888,2,glass_adhesion_kpa,hg0290,235.4706268310547,258.6869042703134
KNN,888,2,glass_adhesion_kpa,hg0291,225.3927764892578,250.04052180422028
KNN,888,2,glass_adhesion_kpa,hg0334,206.6525115966797,249.19631410821472
KNN,888,2,glass_adhesion_kpa,hg0335,193.57395935058594,163.01546723610184
KNN,888,2,glass_adhesion_kpa,hg0336,62.22222137451172,145.11352204563568
KNN,888,2,glass_adhesion_kpa,hg0337,147.99716186523438,151.52867036553374
KNN,888,2,glass_adhesion_kpa,hg0338,229.75230407714844,248.1606583354082
KNN,888,2,glass_adhesion_kpa,hg0339,232.0736083984375,255.19599625425928
KNN,888,2,glass_adhesion_kpa,hg0340,199.1224365234375,226.9508704909034
SVR-RBF,888,2,glass_adhesion_kpa,hg0274,101.34465789794922,171.782865244392
SVR-RBF,888,2,glass_adhesion_kpa,hg0275,229.6956787109375,215.08625206791686
SVR-RBF,888,2,glass_adhesion_kpa,hg0276,160.2830810546875,126.98761351062763
SVR-RBF,888,2,glass_adhesion_kpa,hg0277,100.89171600341797,99.13116722051232
SVR-RBF,888,2,glass_adhesion_kpa,hg0278,91.04033660888672,69.3993277280196
SVR-RBF,888,2,glass_adhesion_kpa,hg0279,127.67162322998047,118.08621966108471
SVR-RBF,888,2,glass_adhesion_kpa,hg0280,117.31068420410156,203.8097144522874
SVR-RBF,888,2,glass_adhesion_kpa,hg0281,155.07431030273438,151.70355336682616
SVR-RBF,888,2,glass_adhesion_kpa,hg0282,74.50814056396484,116.0292786171277
SVR-RBF,888,2,glass_adhesion_kpa,hg0283,101.62773895263672,174.7807414556253
SVR-RBF,888,2,glass_adhesion_kpa,hg0284,75.13092803955078,59.17279530920351
SVR-RBF,888,2,glass_adhesion_kpa,hg0285,245.0955352783203,215.3822781696954
SVR-RBF,888,2,glass_adhesion_kpa,hg0286,109.9504623413086,102.68493240653162
SVR-RBF,888,2,glass_adhesion_kpa,hg0287,200.08493041992188,210.23333318303088
SVR-RBF,888,2,glass_adhesion_kpa,hg0288,250.9837188720703,213.8191636739111
SVR-RBF,888,2,glass_adhesion_kpa,hg0289,81.07572174072266,114.52373721091968
SVR-RBF,888,2,glass_adhesion_kpa,hg0290,235.4706268310547,214.29382020114932
SVR-RBF,888,2,glass_adhesion_kpa,hg0291,225.3927764892578,213.49720782929208
SVR-RBF,888,2,glass_adhesion_kpa,hg0334,206.6525115966797,215.1642244918635
SVR-RBF,888,2,glass_adhesion_kpa,hg0335,193.57395935058594,170.3857653394304
SVR-RBF,888,2,glass_adhesion_kpa,hg0336,62.22222137451172,142.07942088946953
SVR-RBF,888,2,glass_adhesion_kpa,hg0337,147.99716186523438,136.26210188172743
SVR-RBF,888,2,glass_adhesion_kpa,hg0338,229.75230407714844,215.08860859483275
SVR-RBF,888,2,glass_adhesion_kpa,hg0339,232.0736083984375,215.1596924985582
SVR-RBF,888,2,glass_adhesion_kpa,hg0340,199.1224365234375,203.48154329368487
RandomForest,888,2,glass_adhesion_kpa,hg0274,101.34465789794922,189.2992607309186
RandomForest,888,2,glass_adhesion_kpa,hg0275,229.6956787109375,257.18890970547034
RandomForest,888,2,glass_adhesion_kpa,hg0276,160.2830810546875,129.93701951588451
RandomForest,888,2,glass_adhesion_kpa,hg0277,100.89171600341797,94.32726525546609
RandomForest,888,2,glass_adhesion_kpa,hg0278,91.04033660888672,88.85002727159309
RandomForest,888,2,glass_adhesion_kpa,hg0279,127.67162322998047,118.32321347470901
RandomForest,888,2,glass_adhesion_kpa,hg0280,117.31068420410156,178.84755659091613
RandomForest,888,2,glass_adhesion_kpa,hg0281,155.07431030273438,135.94278019267475
RandomForest,888,2,glass_adhesion_kpa,hg0282,74.50814056396484,112.48408308218214
RandomForest,888,2,glass_adhesion_kpa,hg0283,101.62773895263672,191.4358087296445
RandomForest,888,2,glass_adhesion_kpa,hg0284,75.13092803955078,82.95438518064871
RandomForest,888,2,glass_adhesion_kpa,hg0285,245.0955352783203,256.0923283967008
RandomForest,888,2,glass_adhesion_kpa,hg0286,109.9504623413086,110.7252015360904
RandomForest,888,2,glass_adhesion_kpa,hg0287,200.08493041992188,246.58357201330026
RandomForest,888,2,glass_adhesion_kpa,hg0288,250.9837188720703,261.7973512563114
RandomForest,888,2,glass_adhesion_kpa,hg0289,81.07572174072266,114.6166172977224
RandomForest,888,2,glass_adhesion_kpa,hg0290,235.4706268310547,264.9583799328804
RandomForest,888,2,glass_adhesion_kpa,hg0291,225.3927764892578,260.3685693132227
RandomForest,888,2,glass_adhesion_kpa,hg0334,206.6525115966797,231.727044782056
RandomForest,888,2,glass_adhesion_kpa,hg0335,193.57395935058594,147.2582582097924
RandomForest,888,2,glass_adhesion_kpa,hg0336,62.22222137451172,138.54982013743955
RandomForest,888,2,glass_adhesion_kpa,hg0337,147.99716186523438,150.31212611296982
RandomForest,888,2,glass_adhesion_kpa,hg0338,229.75230407714844,255.65015016726662
RandomForest,888,2,glass_adhesion_kpa,hg0339,232.0736083984375,255.28655389316043
RandomForest,888,2,glass_adhesion_kpa,hg0340,199.1224365234375,208.42454841193526
HistGB,888,2,glass_adhesion_kpa,hg0274,101.34465789794922,174.72413210025323
HistGB,888,2,glass_adhesion_kpa,hg0275,229.6956787109375,243.83032543049498
HistGB,888,2,glass_adhesion_kpa,hg0276,160.2830810546875,116.3731502821926
HistGB,888,2,glass_adhesion_kpa,hg0277,100.89171600341797,87.74414320002725
HistGB,888,2,glass_adhesion_kpa,hg0278,91.04033660888672,95.34372970439637
HistGB,888,2,glass_adhesion_kpa,hg0279,127.67162322998047,101.19358351407239
HistGB,888,2,glass_adhesion_kpa,hg0280,117.31068420410156,199.7808111630024
HistGB,888,2,glass_adhesion_kpa,hg0281,155.07431030273438,131.9904799780022
HistGB,888,2,glass_adhesion_kpa,hg0282,74.50814056396484,114.21332663599405
HistGB,888,2,glass_adhesion_kpa,hg0283,101.62773895263672,174.72413210025323
HistGB,888,2,glass_adhesion_kpa,hg0284,75.13092803955078,76.18810611132061
HistGB,888,2,glass_adhesion_kpa,hg0285,245.0955352783203,249.5408170978298
HistGB,888,2,glass_adhesion_kpa,hg0286,109.9504623413086,104.03459292916436
HistGB,888,2,glass_adhesion_kpa,hg0287,200.08493041992188,244.63346286050628
HistGB,888,2,glass_adhesion_kpa,hg0288,250.9837188720703,247.37416748860906
HistGB,888,2,glass_adhesion_kpa,hg0289,81.07572174072266,104.18087582503871
HistGB,888,2,glass_adhesion_kpa,hg0290,235.4706268310547,252.6435447929619
HistGB,888,2,glass_adhesion_kpa,hg0291,225.3927764892578,244.5179788819368
HistGB,888,2,glass_adhesion_kpa,hg0334,206.6525115966797,228.10691498417734
HistGB,888,2,glass_adhesion_kpa,hg0335,193.57395935058594,172.39717165569024
HistGB,888,2,glass_adhesion_kpa,hg0336,62.22222137451172,188.14381635044592
HistGB,888,2,glass_adhesion_kpa,hg0337,147.99716186523438,172.045158375751
HistGB,888,2,glass_adhesion_kpa,hg0338,229.75230407714844,243.83032543049498
HistGB,888,2,glass_adhesion_kpa,hg0339,232.0736083984375,249.25821254710826
HistGB,888,2,glass_adhesion_kpa,hg0340,199.1224365234375,202.2858515287491
MLP,888,2,glass_adhesion_kpa,hg0274,101.34465789794922,173.6899871826172
MLP,888,2,glass_adhesion_kpa,hg0275,229.6956787109375,231.04627990722656
MLP,888,2,glass_adhesion_kpa,hg0276,160.2830810546875,118.04051971435547
MLP,888,2,glass_adhesion_kpa,hg0277,100.89171600341797,87.7059326171875
MLP,888,2,glass_adhesion_kpa,hg0278,91.04033660888672,52.57781219482422
MLP,888,2,glass_adhesion_kpa,hg0279,127.67162322998047,120.26762390136719
MLP,888,2,glass_adhesion_kpa,hg0280,117.31068420410156,199.6016387939453
MLP,888,2,glass_adhesion_kpa,hg0281,155.07431030273438,123.22059631347656
MLP,888,2,glass_adhesion_kpa,hg0282,74.50814056396484,86.51591491699219
MLP,888,2,glass_adhesion_kpa,hg0283,101.62773895263672,175.9867706298828
MLP,888,2,glass_adhesion_kpa,hg0284,75.13092803955078,133.0341796875
MLP,888,2,glass_adhesion_kpa,hg0285,245.0955352783203,229.2938995361328
MLP,888,2,glass_adhesion_kpa,hg0286,109.9504623413086,113.48087310791016
MLP,888,2,glass_adhesion_kpa,hg0287,200.08493041992188,231.2546844482422
MLP,888,2,glass_adhesion_kpa,hg0288,250.9837188720703,227.62994384765625
MLP,888,2,glass_adhesion_kpa,hg0289,81.07572174072266,113.82566833496094
MLP,888,2,glass_adhesion_kpa,hg0290,235.4706268310547,229.98341369628906
MLP,888,2,glass_adhesion_kpa,hg0291,225.3927764892578,231.76190185546875
MLP,888,2,glass_adhesion_kpa,hg0334,206.6525115966797,231.1864776611328
MLP,888,2,glass_adhesion_kpa,hg0335,193.57395935058594,162.0358428955078
MLP,888,2,glass_adhesion_kpa,hg0336,62.22222137451172,161.9320526123047
MLP,888,2,glass_adhesion_kpa,hg0337,147.99716186523438,134.6908416748047
MLP,888,2,glass_adhesion_kpa,hg0338,229.75230407714844,231.13685607910156
MLP,888,2,glass_adhesion_kpa,hg0339,232.0736083984375,228.43112182617188
MLP,888,2,glass_adhesion_kpa,hg0340,199.1224365234375,232.75169372558594
Mean,888,3,glass_adhesion_kpa,hg0274,101.34465789794922,92.82992553710938
Mean,888,3,glass_adhesion_kpa,hg0275,229.6956787109375,92.82992553710938
Mean,888,3,glass_adhesion_kpa,hg0276,160.2830810546875,92.82992553710938
Mean,888,3,glass_adhesion_kpa,hg0277,100.89171600341797,92.82992553710938
Mean,888,3,glass_adhesion_kpa,hg0278,91.04033660888672,92.82992553710938
Mean,888,3,glass_adhesion_kpa,hg0279,127.67162322998047,92.82992553710938
Mean,888,3,glass_adhesion_kpa,hg0280,117.31068420410156,92.82992553710938
Mean,888,3,glass_adhesion_kpa,hg0281,155.07431030273438,92.82992553710938
Mean,888,3,glass_adhesion_kpa,hg0282,74.50814056396484,92.82992553710938
Mean,888,3,glass_adhesion_kpa,hg0283,101.62773895263672,92.82992553710938
Mean,888,3,glass_adhesion_kpa,hg0284,75.13092803955078,92.82992553710938
Mean,888,3,glass_adhesion_kpa,hg0285,245.0955352783203,92.82992553710938
Mean,888,3,glass_adhesion_kpa,hg0286,109.9504623413086,92.82992553710938
Mean,888,3,glass_adhesion_kpa,hg0287,200.08493041992188,92.82992553710938
Mean,888,3,glass_adhesion_kpa,hg0288,250.9837188720703,92.82992553710938
Mean,888,3,glass_adhesion_kpa,hg0289,81.07572174072266,92.82992553710938
Mean,888,3,glass_adhesion_kpa,hg0290,235.4706268310547,92.82992553710938
Mean,888,3,glass_adhesion_kpa,hg0291,225.3927764892578,92.82992553710938
Mean,888,3,glass_adhesion_kpa,hg0334,206.6525115966797,92.82992553710938
Mean,888,3,glass_adhesion_kpa,hg0335,193.57395935058594,92.82992553710938
Mean,888,3,glass_adhesion_kpa,hg0336,62.22222137451172,92.82992553710938
Mean,888,3,glass_adhesion_kpa,hg0337,147.99716186523438,92.82992553710938
Mean,888,3,glass_adhesion_kpa,hg0338,229.75230407714844,92.82992553710938
Mean,888,3,glass_adhesion_kpa,hg0339,232.0736083984375,92.82992553710938
Mean,888,3,glass_adhesion_kpa,hg0340,199.1224365234375,92.82992553710938
Ridge,888,3,glass_adhesion_kpa,hg0274,101.34465789794922,175.0795440673828
Ridge,888,3,glass_adhesion_kpa,hg0275,229.6956787109375,231.5438232421875
Ridge,888,3,glass_adhesion_kpa,hg0276,160.2830810546875,129.41168212890625
Ridge,888,3,glass_adhesion_kpa,hg0277,100.89171600341797,94.93122863769531
Ridge,888,3,glass_adhesion_kpa,hg0278,91.04033660888672,57.33271026611328
Ridge,888,3,glass_adhesion_kpa,hg0279,127.67162322998047,154.85763549804688
Ridge,888,3,glass_adhesion_kpa,hg0280,117.31068420410156,203.80081176757812
Ridge,888,3,glass_adhesion_kpa,hg0281,155.07431030273438,145.05776977539062
Ridge,888,3,glass_adhesion_kpa,hg0282,74.50814056396484,120.19963836669922
Ridge,888,3,glass_adhesion_kpa,hg0283,101.62773895263672,177.818603515625
Ridge,888,3,glass_adhesion_kpa,hg0284,75.13092803955078,75.04200744628906
Ridge,888,3,glass_adhesion_kpa,hg0285,245.0955352783203,231.66415405273438
Ridge,888,3,glass_adhesion_kpa,hg0286,109.9504623413086,111.60545349121094
Ridge,888,3,glass_adhesion_kpa,hg0287,200.08493041992188,232.28216552734375
Ridge,888,3,glass_adhesion_kpa,hg0288,250.9837188720703,231.92379760742188
Ridge,888,3,glass_adhesion_kpa,hg0289,81.07572174072266,148.2589111328125
Ridge,888,3,glass_adhesion_kpa,hg0290,235.4706268310547,232.30386352539062
Ridge,888,3,glass_adhesion_kpa,hg0291,225.3927764892578,231.4989013671875
Ridge,888,3,glass_adhesion_kpa,hg0334,206.6525115966797,229.61883544921875
Ridge,888,3,glass_adhesion_kpa,hg0335,193.57395935058594,174.8571319580078
Ridge,888,3,glass_adhesion_kpa,hg0336,62.22222137451172,142.754150390625
Ridge,888,3,glass_adhesion_kpa,hg0337,147.99716186523438,140.07913208007812
Ridge,888,3,glass_adhesion_kpa,hg0338,229.75230407714844,231.44668579101562
Ridge,888,3,glass_adhesion_kpa,hg0339,232.0736083984375,231.30886840820312
Ridge,888,3,glass_adhesion_kpa,hg0340,199.1224365234375,221.41390991210938
ElasticNet,888,3,glass_adhesion_kpa,hg0274,101.34465789794922,174.8922119140625
ElasticNet,888,3,glass_adhesion_kpa,hg0275,229.6956787109375,231.46804809570312
ElasticNet,888,3,glass_adhesion_kpa,hg0276,160.2830810546875,128.59690856933594
ElasticNet,888,3,glass_adhesion_kpa,hg0277,100.89171600341797,93.34508514404297
ElasticNet,888,3,glass_adhesion_kpa,hg0278,91.04033660888672,57.72283935546875
ElasticNet,888,3,glass_adhesion_kpa,hg0279,127.67162322998047,154.99224853515625
ElasticNet,888,3,glass_adhesion_kpa,hg0280,117.31068420410156,203.57272338867188
ElasticNet,888,3,glass_adhesion_kpa,hg0281,155.07431030273438,144.0830841064453
ElasticNet,888,3,glass_adhesion_kpa,hg0282,74.50814056396484,119.32804870605469
ElasticNet,888,3,glass_adhesion_kpa,hg0283,101.62773895263672,177.6295166015625
ElasticNet,888,3,glass_adhesion_kpa,hg0284,75.13092803955078,75.59512329101562
ElasticNet,888,3,glass_adhesion_kpa,hg0285,245.0955352783203,231.45626831054688
ElasticNet,888,3,glass_adhesion_kpa,hg0286,109.9504623413086,110.92506408691406
ElasticNet,888,3,glass_adhesion_kpa,hg0287,200.08493041992188,232.44720458984375
ElasticNet,888,3,glass_adhesion_kpa,hg0288,250.9837188720703,231.70626831054688
ElasticNet,888,3,glass_adhesion_kpa,hg0289,81.07572174072266,148.13955688476562
ElasticNet,888,3,glass_adhesion_kpa,hg0290,235.4706268310547,232.2081298828125
ElasticNet,888,3,glass_adhesion_kpa,hg0291,225.3927764892578,231.568359375
ElasticNet,888,3,glass_adhesion_kpa,hg0334,206.6525115966797,229.5059814453125
ElasticNet,888,3,glass_adhesion_kpa,hg0335,193.57395935058594,174.39120483398438
ElasticNet,888,3,glass_adhesion_kpa,hg0336,62.22222137451172,144.24151611328125
ElasticNet,888,3,glass_adhesion_kpa,hg0337,147.99716186523438,140.53988647460938
ElasticNet,888,3,glass_adhesion_kpa,hg0338,229.75230407714844,231.37631225585938
ElasticNet,888,3,glass_adhesion_kpa,hg0339,232.0736083984375,231.05679321289062
ElasticNet,888,3,glass_adhesion_kpa,hg0340,199.1224365234375,222.38986206054688
KNN,888,3,glass_adhesion_kpa,hg0274,101.34465789794922,174.94760367014624
KNN,888,3,glass_adhesion_kpa,hg0275,229.6956787109375,286.0638701744979
KNN,888,3,glass_adhesion_kpa,hg0276,160.2830810546875,120.45245209332712
KNN,888,3,glass_adhesion_kpa,hg0277,100.89171600341797,94.18606219541176
KNN,888,3,glass_adhesion_kpa,hg0278,91.04033660888672,80.25914430369926
KNN,888,3,glass_adhesion_kpa,hg0279,127.67162322998047,134.7867321375452
KNN,888,3,glass_adhesion_kpa,hg0280,117.31068420410156,208.03256978070416
KNN,888,3,glass_adhesion_kpa,hg0281,155.07431030273438,150.48693374902655
KNN,888,3,glass_adhesion_kpa,hg0282,74.50814056396484,92.2693287721928
KNN,888,3,glass_adhesion_kpa,hg0283,101.62773895263672,175.9337363646985
KNN,888,3,glass_adhesion_kpa,hg0284,75.13092803955078,84.31666948718971
KNN,888,3,glass_adhesion_kpa,hg0285,245.0955352783203,282.2506648447945
KNN,888,3,glass_adhesion_kpa,hg0286,109.9504623413086,99.07091220522145
KNN,888,3,glass_adhesion_kpa,hg0287,200.08493041992188,247.00949382803762
KNN,888,3,glass_adhesion_kpa,hg0288,250.9837188720703,269.15109534986385
KNN,888,3,glass_adhesion_kpa,hg0289,81.07572174072266,99.97455109432562
KNN,888,3,glass_adhesion_kpa,hg0290,235.4706268310547,284.42866360998937
KNN,888,3,glass_adhesion_kpa,hg0291,225.3927764892578,279.71180073377406
KNN,888,3,glass_adhesion_kpa,hg0334,206.6525115966797,286.07811427472035
KNN,888,3,glass_adhesion_kpa,hg0335,193.57395935058594,150.85885251857854
KNN,888,3,glass_adhesion_kpa,hg0336,62.22222137451172,176.4461211068993
KNN,888,3,glass_adhesion_kpa,hg0337,147.99716186523438,160.42676337294043
KNN,888,3,glass_adhesion_kpa,hg0338,229.75230407714844,287.31429549526854
KNN,888,3,glass_adhesion_kpa,hg0339,232.0736083984375,270.3752640195887
KNN,888,3,glass_adhesion_kpa,hg0340,199.1224365234375,239.93686933441063
SVR-RBF,888,3,glass_adhesion_kpa,hg0274,101.34465789794922,154.03659455724394
SVR-RBF,888,3,glass_adhesion_kpa,hg0275,229.6956787109375,217.28552604581137
SVR-RBF,888,3,glass_adhesion_kpa,hg0276,160.2830810546875,101.28525290206366
SVR-RBF,888,3,glass_adhesion_kpa,hg0277,100.89171600341797,113.3594524180766
SVR-RBF,888,3,glass_adhesion_kpa,hg0278,91.04033660888672,58.914231519831795
SVR-RBF,888,3,glass_adhesion_kpa,hg0279,127.67162322998047,125.5497651724022
SVR-RBF,888,3,glass_adhesion_kpa,hg0280,117.31068420410156,191.92486154378915
SVR-RBF,888,3,glass_adhesion_kpa,hg0281,155.07431030273438,125.49592355542762
SVR-RBF,888,3,glass_adhesion_kpa,hg0282,74.50814056396484,107.55533586571107
SVR-RBF,888,3,glass_adhesion_kpa,hg0283,101.62773895263672,157.5663733078857
SVR-RBF,888,3,glass_adhesion_kpa,hg0284,75.13092803955078,54.56641977818237
SVR-RBF,888,3,glass_adhesion_kpa,hg0285,245.0955352783203,217.95936964491278
SVR-RBF,888,3,glass_adhesion_kpa,hg0286,109.9504623413086,81.63566032889864
SVR-RBF,888,3,glass_adhesion_kpa,hg0287,200.08493041992188,213.1272128192424
SVR-RBF,888,3,glass_adhesion_kpa,hg0288,250.9837188720703,217.1199526731316
SVR-RBF,888,3,glass_adhesion_kpa,hg0289,81.07572174072266,117.44174750319024
SVR-RBF,888,3,glass_adhesion_kpa,hg0290,235.4706268310547,217.15875626754604
SVR-RBF,888,3,glass_adhesion_kpa,hg0291,225.3927764892578,215.68975120430883
SVR-RBF,888,3,glass_adhesion_kpa,hg0334,206.6525115966797,216.44165806400233
SVR-RBF,888,3,glass_adhesion_kpa,hg0335,193.57395935058594,165.0534021474391
SVR-RBF,888,3,glass_adhesion_kpa,hg0336,62.22222137451172,105.62855288786218
SVR-RBF,888,3,glass_adhesion_kpa,hg0337,147.99716186523438,135.00248574471686
SVR-RBF,888,3,glass_adhesion_kpa,hg0338,229.75230407714844,217.22551475819813
SVR-RBF,888,3,glass_adhesion_kpa,hg0339,232.0736083984375,217.7724233376305
SVR-RBF,888,3,glass_adhesion_kpa,hg0340,199.1224365234375,202.33513770556817
RandomForest,888,3,glass_adhesion_kpa,hg0274,101.34465789794922,193.68937743638378
RandomForest,888,3,glass_adhesion_kpa,hg0275,229.6956787109375,279.65296961031544
RandomForest,888,3,glass_adhesion_kpa,hg0276,160.2830810546875,126.54528243452121
RandomForest,888,3,glass_adhesion_kpa,hg0277,100.89171600341797,94.65967395091072
RandomForest,888,3,glass_adhesion_kpa,hg0278,91.04033660888672,83.7366562034796
RandomForest,888,3,glass_adhesion_kpa,hg0279,127.67162322998047,131.6427626400677
RandomForest,888,3,glass_adhesion_kpa,hg0280,117.31068420410156,176.66901193443397
RandomForest,888,3,glass_adhesion_kpa,hg0281,155.07431030273438,133.06039035639768
RandomForest,888,3,glass_adhesion_kpa,hg0282,74.50814056396484,105.12917201088656
RandomForest,888,3,glass_adhesion_kpa,hg0283,101.62773895263672,195.65550506814503
RandomForest,888,3,glass_adhesion_kpa,hg0284,75.13092803955078,80.12550088252236
RandomForest,888,3,glass_adhesion_kpa,hg0285,245.0955352783203,270.5927640300365
RandomForest,888,3,glass_adhesion_kpa,hg0286,109.9504623413086,98.75309976914198
RandomForest,888,3,glass_adhesion_kpa,hg0287,200.08493041992188,244.38351181392053
RandomForest,888,3,glass_adhesion_kpa,hg0288,250.9837188720703,260.1274031006698
RandomForest,888,3,glass_adhesion_kpa,hg0289,81.07572174072266,129.43682184022472
RandomForest,888,3,glass_adhesion_kpa,hg0290,235.4706268310547,275.57953948273786
RandomForest,888,3,glass_adhesion_kpa,hg0291,225.3927764892578,272.93157933788405
RandomForest,888,3,glass_adhesion_kpa,hg0334,206.6525115966797,259.19331441147455
RandomForest,888,3,glass_adhesion_kpa,hg0335,193.57395935058594,142.93293207605427
RandomForest,888,3,glass_adhesion_kpa,hg0336,62.22222137451172,123.5240137788341
RandomForest,888,3,glass_adhesion_kpa,hg0337,147.99716186523438,136.6856810297016
RandomForest,888,3,glass_adhesion_kpa,hg0338,229.75230407714844,279.4674933971488
RandomForest,888,3,glass_adhesion_kpa,hg0339,232.0736083984375,263.87472708108885
RandomForest,888,3,glass_adhesion_kpa,hg0340,199.1224365234375,212.63903167926966
HistGB,888,3,glass_adhesion_kpa,hg0274,101.34465789794922,185.4196298550634
HistGB,888,3,glass_adhesion_kpa,hg0275,229.6956787109375,253.71653613313558
HistGB,888,3,glass_adhesion_kpa,hg0276,160.2830810546875,128.6983407252135
HistGB,888,3,glass_adhesion_kpa,hg0277,100.89171600341797,80.4547069200575
HistGB,888,3,glass_adhesion_kpa,hg0278,91.04033660888672,82.80437162350077
HistGB,888,3,glass_adhesion_kpa,hg0279,127.67162322998047,136.84235770914398
HistGB,888,3,glass_adhesion_kpa,hg0280,117.31068420410156,186.47830350738883
HistGB,888,3,glass_adhesion_kpa,hg0281,155.07431030273438,125.45415055586744
HistGB,888,3,glass_adhesion_kpa,hg0282,74.50814056396484,122.56808324281045
HistGB,888,3,glass_adhesion_kpa,hg0283,101.62773895263672,185.4196298550634
HistGB,888,3,glass_adhesion_kpa,hg0284,75.13092803955078,58.693384430792406
HistGB,888,3,glass_adhesion_kpa,hg0285,245.0955352783203,246.04770130568332
HistGB,888,3,glass_adhesion_kpa,hg0286,109.9504623413086,110.53809945554734
HistGB,888,3,glass_adhesion_kpa,hg0287,200.08493041992188,231.31333971533294
HistGB,888,3,glass_adhesion_kpa,hg0288,250.9837188720703,244.26445074898834
HistGB,888,3,glass_adhesion_kpa,hg0289,81.07572174072266,126.68552556660427
HistGB,888,3,glass_adhesion_kpa,hg0290,235.4706268310547,246.04770130568332
HistGB,888,3,glass_adhesion_kpa,hg0291,225.3927764892578,253.71653613313558
HistGB,888,3,glass_adhesion_kpa,hg0334,206.6525115966797,252.4935899431895
HistGB,888,3,glass_adhesion_kpa,hg0335,193.57395935058594,145.712543010092
HistGB,888,3,glass_adhesion_kpa,hg0336,62.22222137451172,136.13008612103923
HistGB,888,3,glass_adhesion_kpa,hg0337,147.99716186523438,141.32755515017988
HistGB,888,3,glass_adhesion_kpa,hg0338,229.75230407714844,253.71653613313558
HistGB,888,3,glass_adhesion_kpa,hg0339,232.0736083984375,252.7713872386788
HistGB,888,3,glass_adhesion_kpa,hg0340,199.1224365234375,189.74257173964108
MLP,888,3,glass_adhesion_kpa,hg0274,101.34465789794922,179.527099609375
MLP,888,3,glass_adhesion_kpa,hg0275,229.6956787109375,240.33155822753906
MLP,888,3,glass_adhesion_kpa,hg0276,160.2830810546875,110.57077026367188
MLP,888,3,glass_adhesion_kpa,hg0277,100.89171600341797,67.77580261230469
MLP,888,3,glass_adhesion_kpa,hg0278,91.04033660888672,49.78308868408203
MLP,888,3,glass_adhesion_kpa,hg0279,127.67162322998047,132.9328155517578
MLP,888,3,glass_adhesion_kpa,hg0280,117.31068420410156,206.444091796875
MLP,888,3,glass_adhesion_kpa,hg0281,155.07431030273438,121.7363052368164
MLP,888,3,glass_adhesion_kpa,hg0282,74.50814056396484,83.5792236328125
MLP,888,3,glass_adhesion_kpa,hg0283,101.62773895263672,182.35206604003906
MLP,888,3,glass_adhesion_kpa,hg0284,75.13092803955078,106.79344940185547
MLP,888,3,glass_adhesion_kpa,hg0285,245.0955352783203,236.99375915527344
MLP,888,3,glass_adhesion_kpa,hg0286,109.9504623413086,102.04315185546875
MLP,888,3,glass_adhesion_kpa,hg0287,200.08493041992188,241.134765625
MLP,888,3,glass_adhesion_kpa,hg0288,250.9837188720703,235.70399475097656
MLP,888,3,glass_adhesion_kpa,hg0289,81.07572174072266,126.68548583984375
MLP,888,3,glass_adhesion_kpa,hg0290,235.4706268310547,240.2035675048828
MLP,888,3,glass_adhesion_kpa,hg0291,225.3927764892578,242.9620819091797
MLP,888,3,glass_adhesion_kpa,hg0334,206.6525115966797,237.5197296142578
MLP,888,3,glass_adhesion_kpa,hg0335,193.57395935058594,162.2278289794922
MLP,888,3,glass_adhesion_kpa,hg0336,62.22222137451172,159.62185668945312
MLP,888,3,glass_adhesion_kpa,hg0337,147.99716186523438,149.6936798095703
MLP,888,3,glass_adhesion_kpa,hg0338,229.75230407714844,240.3619842529297
MLP,888,3,glass_adhesion_kpa,hg0339,232.0736083984375,235.15866088867188
MLP,888,3,glass_adhesion_kpa,hg0340,199.1224365234375,242.32330322265625
Mean,888,4,glass_adhesion_kpa,hg0274,101.34465789794922,92.64889526367188
Mean,888,4,glass_adhesion_kpa,hg0275,229.6956787109375,92.64889526367188
Mean,888,4,glass_adhesion_kpa,hg0276,160.2830810546875,92.64889526367188
Mean,888,4,glass_adhesion_kpa,hg0277,100.89171600341797,92.64889526367188
Mean,888,4,glass_adhesion_kpa,hg0278,91.04033660888672,92.64889526367188
Mean,888,4,glass_adhesion_kpa,hg0279,127.67162322998047,92.64889526367188
Mean,888,4,glass_adhesion_kpa,hg0280,117.31068420410156,92.64889526367188
Mean,888,4,glass_adhesion_kpa,hg0281,155.07431030273438,92.64889526367188
Mean,888,4,glass_adhesion_kpa,hg0282,74.50814056396484,92.64889526367188
Mean,888,4,glass_adhesion_kpa,hg0283,101.62773895263672,92.64889526367188
Mean,888,4,glass_adhesion_kpa,hg0284,75.13092803955078,92.64889526367188
Mean,888,4,glass_adhesion_kpa,hg0285,245.0955352783203,92.64889526367188
Mean,888,4,glass_adhesion_kpa,hg0286,109.9504623413086,92.64889526367188
Mean,888,4,glass_adhesion_kpa,hg0287,200.08493041992188,92.64889526367188
Mean,888,4,glass_adhesion_kpa,hg0288,250.9837188720703,92.64889526367188
Mean,888,4,glass_adhesion_kpa,hg0289,81.07572174072266,92.64889526367188
Mean,888,4,glass_adhesion_kpa,hg0290,235.4706268310547,92.64889526367188
Mean,888,4,glass_adhesion_kpa,hg0291,225.3927764892578,92.64889526367188
Mean,888,4,glass_adhesion_kpa,hg0334,206.6525115966797,92.64889526367188
Mean,888,4,glass_adhesion_kpa,hg0335,193.57395935058594,92.64889526367188
Mean,888,4,glass_adhesion_kpa,hg0336,62.22222137451172,92.64889526367188
Mean,888,4,glass_adhesion_kpa,hg0337,147.99716186523438,92.64889526367188
Mean,888,4,glass_adhesion_kpa,hg0338,229.75230407714844,92.64889526367188
Mean,888,4,glass_adhesion_kpa,hg0339,232.0736083984375,92.64889526367188
Mean,888,4,glass_adhesion_kpa,hg0340,199.1224365234375,92.64889526367188
Ridge,888,4,glass_adhesion_kpa,hg0274,101.34465789794922,178.7443084716797
Ridge,888,4,glass_adhesion_kpa,hg0275,229.6956787109375,221.28890991210938
Ridge,888,4,glass_adhesion_kpa,hg0276,160.2830810546875,137.8623046875
Ridge,888,4,glass_adhesion_kpa,hg0277,100.89171600341797,86.47615814208984
Ridge,888,4,glass_adhesion_kpa,hg0278,91.04033660888672,62.862396240234375
Ridge,888,4,glass_adhesion_kpa,hg0279,127.67162322998047,146.03472900390625
Ridge,888,4,glass_adhesion_kpa,hg0280,117.31068420410156,202.5997772216797
Ridge,888,4,glass_adhesion_kpa,hg0281,155.07431030273438,151.11099243164062
Ridge,888,4,glass_adhesion_kpa,hg0282,74.50814056396484,121.11116027832031
Ridge,888,4,glass_adhesion_kpa,hg0283,101.62773895263672,180.87234497070312
Ridge,888,4,glass_adhesion_kpa,hg0284,75.13092803955078,92.116943359375
Ridge,888,4,glass_adhesion_kpa,hg0285,245.0955352783203,222.603759765625
Ridge,888,4,glass_adhesion_kpa,hg0286,109.9504623413086,120.88919067382812
Ridge,888,4,glass_adhesion_kpa,hg0287,200.08493041992188,218.7859649658203
Ridge,888,4,glass_adhesion_kpa,hg0288,250.9837188720703,222.66513061523438
Ridge,888,4,glass_adhesion_kpa,hg0289,81.07572174072266,137.1236572265625
Ridge,888,4,glass_adhesion_kpa,hg0290,235.4706268310547,221.6450958251953
Ridge,888,4,glass_adhesion_kpa,hg0291,225.3927764892578,219.84677124023438
Ridge,888,4,glass_adhesion_kpa,hg0334,206.6525115966797,220.8202667236328
Ridge,888,4,glass_adhesion_kpa,hg0335,193.57395935058594,175.98748779296875
Ridge,888,4,glass_adhesion_kpa,hg0336,62.22222137451172,146.47662353515625
Ridge,888,4,glass_adhesion_kpa,hg0337,147.99716186523438,136.4306640625
Ridge,888,4,glass_adhesion_kpa,hg0338,229.75230407714844,221.20693969726562
Ridge,888,4,glass_adhesion_kpa,hg0339,232.0736083984375,222.9271697998047
Ridge,888,4,glass_adhesion_kpa,hg0340,199.1224365234375,208.17556762695312
ElasticNet,888,4,glass_adhesion_kpa,hg0274,101.34465789794922,178.41372680664062
ElasticNet,888,4,glass_adhesion_kpa,hg0275,229.6956787109375,221.10894775390625
ElasticNet,888,4,glass_adhesion_kpa,hg0276,160.2830810546875,137.0531463623047
ElasticNet,888,4,glass_adhesion_kpa,hg0277,100.89171600341797,83.58621978759766
ElasticNet,888,4,glass_adhesion_kpa,hg0278,91.04033660888672,62.84994888305664
ElasticNet,888,4,glass_adhesion_kpa,hg0279,127.67162322998047,146.691162109375
ElasticNet,888,4,glass_adhesion_kpa,hg0280,117.31068420410156,201.7926025390625
ElasticNet,888,4,glass_adhesion_kpa,hg0281,155.07431030273438,149.92282104492188
ElasticNet,888,4,glass_adhesion_kpa,hg0282,74.50814056396484,120.12332153320312
ElasticNet,888,4,glass_adhesion_kpa,hg0283,101.62773895263672,180.53968811035156
ElasticNet,888,4,glass_adhesion_kpa,hg0284,75.13092803955078,93.17342376708984
ElasticNet,888,4,glass_adhesion_kpa,hg0285,245.0955352783203,222.2846221923828
ElasticNet,888,4,glass_adhesion_kpa,hg0286,109.9504623413086,120.48845672607422
ElasticNet,888,4,glass_adhesion_kpa,hg0287,200.08493041992188,219.13563537597656
ElasticNet,888,4,glass_adhesion_kpa,hg0288,250.9837188720703,222.40504455566406
ElasticNet,888,4,glass_adhesion_kpa,hg0289,81.07572174072266,137.52267456054688
ElasticNet,888,4,glass_adhesion_kpa,hg0290,235.4706268310547,221.51687622070312
ElasticNet,888,4,glass_adhesion_kpa,hg0291,225.3927764892578,219.912841796875
ElasticNet,888,4,glass_adhesion_kpa,hg0334,206.6525115966797,220.4471435546875
ElasticNet,888,4,glass_adhesion_kpa,hg0335,193.57395935058594,174.79251098632812
ElasticNet,888,4,glass_adhesion_kpa,hg0336,62.22222137451172,148.93568420410156
ElasticNet,888,4,glass_adhesion_kpa,hg0337,147.99716186523438,136.70204162597656
ElasticNet,888,4,glass_adhesion_kpa,hg0338,229.75230407714844,221.02671813964844
ElasticNet,888,4,glass_adhesion_kpa,hg0339,232.0736083984375,222.5628662109375
ElasticNet,888,4,glass_adhesion_kpa,hg0340,199.1224365234375,209.49649047851562
KNN,888,4,glass_adhesion_kpa,hg0274,101.34465789794922,174.11515135539898
KNN,888,4,glass_adhesion_kpa,hg0275,229.6956787109375,271.01983803634494
KNN,888,4,glass_adhesion_kpa,hg0276,160.2830810546875,126.86866891948443
KNN,888,4,glass_adhesion_kpa,hg0277,100.89171600341797,89.23001743403755
KNN,888,4,glass_adhesion_kpa,hg0278,91.04033660888672,95.29500566088483
KNN,888,4,glass_adhesion_kpa,hg0279,127.67162322998047,116.77236023101858
KNN,888,4,glass_adhesion_kpa,hg0280,117.31068420410156,214.18524388004312
KNN,888,4,glass_adhesion_kpa,hg0281,155.07431030273438,149.39789133706515
KNN,888,4,glass_adhesion_kpa,hg0282,74.50814056396484,118.33968711376791
KNN,888,4,glass_adhesion_kpa,hg0283,101.62773895263672,175.31901899859434
KNN,888,4,glass_adhesion_kpa,hg0284,75.13092803955078,87.7197006420269
KNN,888,4,glass_adhesion_kpa,hg0285,245.0955352783203,257.513698057745
KNN,888,4,glass_adhesion_kpa,hg0286,109.9504623413086,120.49546889436488
KNN,888,4,glass_adhesion_kpa,hg0287,200.08493041992188,244.76438013519743
KNN,888,4,glass_adhesion_kpa,hg0288,250.9837188720703,255.54786055024854
KNN,888,4,glass_adhesion_kpa,hg0289,81.07572174072266,96.99876054285865
KNN,888,4,glass_adhesion_kpa,hg0290,235.4706268310547,262.252141697038
KNN,888,4,glass_adhesion_kpa,hg0291,225.3927764892578,261.91541777012435
KNN,888,4,glass_adhesion_kpa,hg0334,206.6525115966797,280.0820682122486
KNN,888,4,glass_adhesion_kpa,hg0335,193.57395935058594,160.21016368304572
KNN,888,4,glass_adhesion_kpa,hg0336,62.22222137451172,184.38810440555207
KNN,888,4,glass_adhesion_kpa,hg0337,147.99716186523438,163.70553295928997
KNN,888,4,glass_adhesion_kpa,hg0338,229.75230407714844,272.49857965259724
KNN,888,4,glass_adhesion_kpa,hg0339,232.0736083984375,249.7784629990656
KNN,888,4,glass_adhesion_kpa,hg0340,199.1224365234375,242.03293767240663
SVR-RBF,888,4,glass_adhesion_kpa,hg0274,101.34465789794922,171.57493513893087
SVR-RBF,888,4,glass_adhesion_kpa,hg0275,229.6956787109375,216.60168138808436
SVR-RBF,888,4,glass_adhesion_kpa,hg0276,160.2830810546875,113.92182184037499
SVR-RBF,888,4,glass_adhesion_kpa,hg0277,100.89171600341797,76.66677463122782
SVR-RBF,888,4,glass_adhesion_kpa,hg0278,91.04033660888672,73.92193797404765
SVR-RBF,888,4,glass_adhesion_kpa,hg0279,127.67162322998047,126.85937161988322
SVR-RBF,888,4,glass_adhesion_kpa,hg0280,117.31068420410156,200.03139229084
SVR-RBF,888,4,glass_adhesion_kpa,hg0281,155.07431030273438,133.23952925692709
SVR-RBF,888,4,glass_adhesion_kpa,hg0282,74.50814056396484,114.00321202574519
SVR-RBF,888,4,glass_adhesion_kpa,hg0283,101.62773895263672,174.57223705101694
SVR-RBF,888,4,glass_adhesion_kpa,hg0284,75.13092803955078,63.21162599304157
SVR-RBF,888,4,glass_adhesion_kpa,hg0285,245.0955352783203,217.2107958040739
SVR-RBF,888,4,glass_adhesion_kpa,hg0286,109.9504623413086,93.21716217184951
SVR-RBF,888,4,glass_adhesion_kpa,hg0287,200.08493041992188,211.7152513649757
SVR-RBF,888,4,glass_adhesion_kpa,hg0288,250.9837188720703,215.99745165678024
SVR-RBF,888,4,glass_adhesion_kpa,hg0289,81.07572174072266,117.84103943902038
SVR-RBF,888,4,glass_adhesion_kpa,hg0290,235.4706268310547,216.14854465020863
SVR-RBF,888,4,glass_adhesion_kpa,hg0291,225.3927764892578,214.87144348739275
SVR-RBF,888,4,glass_adhesion_kpa,hg0334,206.6525115966797,216.13979412617573
SVR-RBF,888,4,glass_adhesion_kpa,hg0335,193.57395935058594,167.57286704649525
SVR-RBF,888,4,glass_adhesion_kpa,hg0336,62.22222137451172,145.66847013227692
SVR-RBF,888,4,glass_adhesion_kpa,hg0337,147.99716186523438,138.0567946396543
SVR-RBF,888,4,glass_adhesion_kpa,hg0338,229.75230407714844,216.56678735162686
SVR-RBF,888,4,glass_adhesion_kpa,hg0339,232.0736083984375,217.04363059400498
SVR-RBF,888,4,glass_adhesion_kpa,hg0340,199.1224365234375,202.66399674680224
RandomForest,888,4,glass_adhesion_kpa,hg0274,101.34465789794922,179.37862325841797
RandomForest,888,4,glass_adhesion_kpa,hg0275,229.6956787109375,272.0846563840751
RandomForest,888,4,glass_adhesion_kpa,hg0276,160.2830810546875,132.59656787982814
RandomForest,888,4,glass_adhesion_kpa,hg0277,100.89171600341797,86.55517781114007
RandomForest,888,4,glass_adhesion_kpa,hg0278,91.04033660888672,91.46103765445304
RandomForest,888,4,glass_adhesion_kpa,hg0279,127.67162322998047,120.06371960330807
RandomForest,888,4,glass_adhesion_kpa,hg0280,117.31068420410156,181.1071345876004
RandomForest,888,4,glass_adhesion_kpa,hg0281,155.07431030273438,134.60354421560547
RandomForest,888,4,glass_adhesion_kpa,hg0282,74.50814056396484,114.648221076709
RandomForest,888,4,glass_adhesion_kpa,hg0283,101.62773895263672,179.89627542629282
RandomForest,888,4,glass_adhesion_kpa,hg0284,75.13092803955078,94.29654214326392
RandomForest,888,4,glass_adhesion_kpa,hg0285,245.0955352783203,239.45402088259348
RandomForest,888,4,glass_adhesion_kpa,hg0286,109.9504623413086,118.49608491322381
RandomForest,888,4,glass_adhesion_kpa,hg0287,200.08493041992188,246.0913582760751
RandomForest,888,4,glass_adhesion_kpa,hg0288,250.9837188720703,237.46666365132552
RandomForest,888,4,glass_adhesion_kpa,hg0289,81.07572174072266,116.84722596535597
RandomForest,888,4,glass_adhesion_kpa,hg0290,235.4706268310547,251.4360068607337
RandomForest,888,4,glass_adhesion_kpa,hg0291,225.3927764892578,260.6025134295186
RandomForest,888,4,glass_adhesion_kpa,hg0334,206.6525115966797,280.7434518815223
RandomForest,888,4,glass_adhesion_kpa,hg0335,193.57395935058594,142.86744496393544
RandomForest,888,4,glass_adhesion_kpa,hg0336,62.22222137451172,119.4982779539384
RandomForest,888,4,glass_adhesion_kpa,hg0337,147.99716186523438,149.07053041048198
RandomForest,888,4,glass_adhesion_kpa,hg0338,229.75230407714844,271.5016918015753
RandomForest,888,4,glass_adhesion_kpa,hg0339,232.0736083984375,236.85882347503565
RandomForest,888,4,glass_adhesion_kpa,hg0340,199.1224365234375,206.49983095576118
HistGB,888,4,glass_adhesion_kpa,hg0274,101.34465789794922,170.87812084761256
HistGB,888,4,glass_adhesion_kpa,hg0275,229.6956787109375,264.07789417279855
HistGB,888,4,glass_adhesion_kpa,hg0276,160.2830810546875,119.13005539974209
HistGB,888,4,glass_adhesion_kpa,hg0277,100.89171600341797,81.01524851597287
HistGB,888,4,glass_adhesion_kpa,hg0278,91.04033660888672,91.34451183612171
HistGB,888,4,glass_adhesion_kpa,hg0279,127.67162322998047,105.43834816112746
HistGB,888,4,glass_adhesion_kpa,hg0280,117.31068420410156,186.72976229723258
HistGB,888,4,glass_adhesion_kpa,hg0281,155.07431030273438,115.32938501976939
HistGB,888,4,glass_adhesion_kpa,hg0282,74.50814056396484,116.71914501512
HistGB,888,4,glass_adhesion_kpa,hg0283,101.62773895263672,174.6826021584919
HistGB,888,4,glass_adhesion_kpa,hg0284,75.13092803955078,74.07606079468148
HistGB,888,4,glass_adhesion_kpa,hg0285,245.0955352783203,232.28991834799453
HistGB,888,4,glass_adhesion_kpa,hg0286,109.9504623413086,98.49188475744813
HistGB,888,4,glass_adhesion_kpa,hg0287,200.08493041992188,237.03861831431692
HistGB,888,4,glass_adhesion_kpa,hg0288,250.9837188720703,227.39963886504063
HistGB,888,4,glass_adhesion_kpa,hg0289,81.07572174072266,116.72959732666497
HistGB,888,4,glass_adhesion_kpa,hg0290,235.4706268310547,238.89146529129326
HistGB,888,4,glass_adhesion_kpa,hg0291,225.3927764892578,226.62103501765003
HistGB,888,4,glass_adhesion_kpa,hg0334,206.6525115966797,210.21093176809538
HistGB,888,4,glass_adhesion_kpa,hg0335,193.57395935058594,148.69138597496232
HistGB,888,4,glass_adhesion_kpa,hg0336,62.22222137451172,132.24314991427886
HistGB,888,4,glass_adhesion_kpa,hg0337,147.99716186523438,159.48358094478638
HistGB,888,4,glass_adhesion_kpa,hg0338,229.75230407714844,265.68994645401585
HistGB,888,4,glass_adhesion_kpa,hg0339,232.0736083984375,233.68706073180778
HistGB,888,4,glass_adhesion_kpa,hg0340,199.1224365234375,177.91665800649218
MLP,888,4,glass_adhesion_kpa,hg0274,101.34465789794922,174.516845703125
MLP,888,4,glass_adhesion_kpa,hg0275,229.6956787109375,233.59597778320312
MLP,888,4,glass_adhesion_kpa,hg0276,160.2830810546875,120.06014251708984
MLP,888,4,glass_adhesion_kpa,hg0277,100.89171600341797,98.77696990966797
MLP,888,4,glass_adhesion_kpa,hg0278,91.04033660888672,88.47659301757812
MLP,888,4,glass_adhesion_kpa,hg0279,127.67162322998047,149.1167755126953
MLP,888,4,glass_adhesion_kpa,hg0280,117.31068420410156,202.2127227783203
MLP,888,4,glass_adhesion_kpa,hg0281,155.07431030273438,130.51535034179688
MLP,888,4,glass_adhesion_kpa,hg0282,74.50814056396484,109.04573059082031
MLP,888,4,glass_adhesion_kpa,hg0283,101.62773895263672,177.4062957763672
MLP,888,4,glass_adhesion_kpa,hg0284,75.13092803955078,91.28001403808594
MLP,888,4,glass_adhesion_kpa,hg0285,245.0955352783203,232.1654815673828
MLP,888,4,glass_adhesion_kpa,hg0286,109.9504623413086,104.0534896850586
MLP,888,4,glass_adhesion_kpa,hg0287,200.08493041992188,225.0614471435547
MLP,888,4,glass_adhesion_kpa,hg0288,250.9837188720703,227.92250061035156
MLP,888,4,glass_adhesion_kpa,hg0289,81.07572174072266,130.0358123779297
MLP,888,4,glass_adhesion_kpa,hg0290,235.4706268310547,230.1475067138672
MLP,888,4,glass_adhesion_kpa,hg0291,225.3927764892578,231.2168731689453
MLP,888,4,glass_adhesion_kpa,hg0334,206.6525115966797,234.19410705566406
MLP,888,4,glass_adhesion_kpa,hg0335,193.57395935058594,150.1707000732422
MLP,888,4,glass_adhesion_kpa,hg0336,62.22222137451172,163.3598175048828
MLP,888,4,glass_adhesion_kpa,hg0337,147.99716186523438,141.20460510253906
MLP,888,4,glass_adhesion_kpa,hg0338,229.75230407714844,233.8582000732422
MLP,888,4,glass_adhesion_kpa,hg0339,232.0736083984375,231.3189239501953
MLP,888,4,glass_adhesion_kpa,hg0340,199.1224365234375,226.03482055664062
Mean,31337,0,glass_adhesion_kpa,hg0274,101.34465789794922,92.29310607910156
Mean,31337,0,glass_adhesion_kpa,hg0275,229.6956787109375,92.29310607910156
Mean,31337,0,glass_adhesion_kpa,hg0276,160.2830810546875,92.29310607910156
Mean,31337,0,glass_adhesion_kpa,hg0277,100.89171600341797,92.29310607910156
Mean,31337,0,glass_adhesion_kpa,hg0278,91.04033660888672,92.29310607910156
Mean,31337,0,glass_adhesion_kpa,hg0279,127.67162322998047,92.29310607910156
Mean,31337,0,glass_adhesion_kpa,hg0280,117.31068420410156,92.29310607910156
Mean,31337,0,glass_adhesion_kpa,hg0281,155.07431030273438,92.29310607910156
Mean,31337,0,glass_adhesion_kpa,hg0282,74.50814056396484,92.29310607910156
Mean,31337,0,glass_adhesion_kpa,hg0283,101.62773895263672,92.29310607910156
Mean,31337,0,glass_adhesion_kpa,hg0284,75.13092803955078,92.29310607910156
Mean,31337,0,glass_adhesion_kpa,hg0285,245.0955352783203,92.29310607910156
Mean,31337,0,glass_adhesion_kpa,hg0286,109.9504623413086,92.29310607910156
Mean,31337,0,glass_adhesion_kpa,hg0287,200.08493041992188,92.29310607910156
Mean,31337,0,glass_adhesion_kpa,hg0288,250.9837188720703,92.29310607910156
Mean,31337,0,glass_adhesion_kpa,hg0289,81.07572174072266,92.29310607910156
Mean,31337,0,glass_adhesion_kpa,hg0290,235.4706268310547,92.29310607910156
Mean,31337,0,glass_adhesion_kpa,hg0291,225.3927764892578,92.29310607910156
Mean,31337,0,glass_adhesion_kpa,hg0334,206.6525115966797,92.29310607910156
Mean,31337,0,glass_adhesion_kpa,hg0335,193.57395935058594,92.29310607910156
Mean,31337,0,glass_adhesion_kpa,hg0336,62.22222137451172,92.29310607910156
Mean,31337,0,glass_adhesion_kpa,hg0337,147.99716186523438,92.29310607910156
Mean,31337,0,glass_adhesion_kpa,hg0338,229.75230407714844,92.29310607910156
Mean,31337,0,glass_adhesion_kpa,hg0339,232.0736083984375,92.29310607910156
Mean,31337,0,glass_adhesion_kpa,hg0340,199.1224365234375,92.29310607910156
Ridge,31337,0,glass_adhesion_kpa,hg0274,101.34465789794922,176.0305633544922
Ridge,31337,0,glass_adhesion_kpa,hg0275,229.6956787109375,221.04893493652344
Ridge,31337,0,glass_adhesion_kpa,hg0276,160.2830810546875,144.15927124023438
Ridge,31337,0,glass_adhesion_kpa,hg0277,100.89171600341797,65.0865707397461
Ridge,31337,0,glass_adhesion_kpa,hg0278,91.04033660888672,66.74455261230469
Ridge,31337,0,glass_adhesion_kpa,hg0279,127.67162322998047,141.303955078125
Ridge,31337,0,glass_adhesion_kpa,hg0280,117.31068420410156,196.14804077148438
Ridge,31337,0,glass_adhesion_kpa,hg0281,155.07431030273438,154.22415161132812
Ridge,31337,0,glass_adhesion_kpa,hg0282,74.50814056396484,119.6727066040039
Ridge,31337,0,glass_adhesion_kpa,hg0283,101.62773895263672,178.1896209716797
Ridge,31337,0,glass_adhesion_kpa,hg0284,75.13092803955078,101.67042541503906
Ridge,31337,0,glass_adhesion_kpa,hg0285,245.0955352783203,220.84799194335938
Ridge,31337,0,glass_adhesion_kpa,hg0286,109.9504623413086,132.3887939453125
Ridge,31337,0,glass_adhesion_kpa,hg0287,200.08493041992188,223.72488403320312
Ridge,31337,0,glass_adhesion_kpa,hg0288,250.9837188720703,221.08340454101562
Ridge,31337,0,glass_adhesion_kpa,hg0289,81.07572174072266,137.19566345214844
Ridge,31337,0,glass_adhesion_kpa,hg0290,235.4706268310547,221.8504180908203
Ridge,31337,0,glass_adhesion_kpa,hg0291,225.3927764892578,221.90403747558594
Ridge,31337,0,glass_adhesion_kpa,hg0334,206.6525115966797,218.57644653320312
Ridge,31337,0,glass_adhesion_kpa,hg0335,193.57395935058594,165.58518981933594
Ridge,31337,0,glass_adhesion_kpa,hg0336,62.22222137451172,168.56101989746094
Ridge,31337,0,glass_adhesion_kpa,hg0337,147.99716186523438,137.2763214111328
Ridge,31337,0,glass_adhesion_kpa,hg0338,229.75230407714844,220.95706176757812
Ridge,31337,0,glass_adhesion_kpa,hg0339,232.0736083984375,220.50830078125
Ridge,31337,0,glass_adhesion_kpa,hg0340,199.1224365234375,219.0990753173828
ElasticNet,31337,0,glass_adhesion_kpa,hg0274,101.34465789794922,173.52682495117188
ElasticNet,31337,0,glass_adhesion_kpa,hg0275,229.6956787109375,214.87229919433594
ElasticNet,31337,0,glass_adhesion_kpa,hg0276,160.2830810546875,141.3450927734375
ElasticNet,31337,0,glass_adhesion_kpa,hg0277,100.89171600341797,66.10784149169922
ElasticNet,31337,0,glass_adhesion_kpa,hg0278,91.04033660888672,70.37593841552734
ElasticNet,31337,0,glass_adhesion_kpa,hg0279,127.67162322998047,140.8911590576172
ElasticNet,31337,0,glass_adhesion_kpa,hg0280,117.31068420410156,193.43023681640625
ElasticNet,31337,0,glass_adhesion_kpa,hg0281,155.07431030273438,151.27273559570312
ElasticNet,31337,0,glass_adhesion_kpa,hg0282,74.50814056396484,117.63774108886719
ElasticNet,31337,0,glass_adhesion_kpa,hg0283,101.62773895263672,175.47091674804688
ElasticNet,31337,0,glass_adhesion_kpa,hg0284,75.13092803955078,107.1957015991211
ElasticNet,31337,0,glass_adhesion_kpa,hg0285,245.0955352783203,213.74249267578125
ElasticNet,31337,0,glass_adhesion_kpa,hg0286,109.9504623413086,129.93968200683594
ElasticNet,31337,0,glass_adhesion_kpa,hg0287,200.08493041992188,216.88003540039062
ElasticNet,31337,0,glass_adhesion_kpa,hg0288,250.9837188720703,213.1565399169922
ElasticNet,31337,0,glass_adhesion_kpa,hg0289,81.07572174072266,137.4529266357422
ElasticNet,31337,0,glass_adhesion_kpa,hg0290,235.4706268310547,214.9088134765625
ElasticNet,31337,0,glass_adhesion_kpa,hg0291,225.3927764892578,215.85260009765625
ElasticNet,31337,0,glass_adhesion_kpa,hg0334,206.6525115966797,213.44692993164062
ElasticNet,31337,0,glass_adhesion_kpa,hg0335,193.57395935058594,166.19647216796875
ElasticNet,31337,0,glass_adhesion_kpa,hg0336,62.22222137451172,167.42929077148438
ElasticNet,31337,0,glass_adhesion_kpa,hg0337,147.99716186523438,137.89053344726562
ElasticNet,31337,0,glass_adhesion_kpa,hg0338,229.75230407714844,214.8621826171875
ElasticNet,31337,0,glass_adhesion_kpa,hg0339,232.0736083984375,213.00799560546875
ElasticNet,31337,0,glass_adhesion_kpa,hg0340,199.1224365234375,215.0080108642578
KNN,31337,0,glass_adhesion_kpa,hg0274,101.34465789794922,172.27042997030728
KNN,31337,0,glass_adhesion_kpa,hg0275,229.6956787109375,278.5863890175037
KNN,31337,0,glass_adhesion_kpa,hg0276,160.2830810546875,129.13487871161914
KNN,31337,0,glass_adhesion_kpa,hg0277,100.89171600341797,100.97544470517866
KNN,31337,0,glass_adhesion_kpa,hg0278,91.04033660888672,94.88792746710998
KNN,31337,0,glass_adhesion_kpa,hg0279,127.67162322998047,114.35189475969294
KNN,31337,0,glass_adhesion_kpa,hg0280,117.31068420410156,208.8334749992839
KNN,31337,0,glass_adhesion_kpa,hg0281,155.07431030273438,131.229327362683
KNN,31337,0,glass_adhesion_kpa,hg0282,74.50814056396484,125.88848343473151
KNN,31337,0,glass_adhesion_kpa,hg0283,101.62773895263672,173.4808236118392
KNN,31337,0,glass_adhesion_kpa,hg0284,75.13092803955078,93.80317250562337
KNN,31337,0,glass_adhesion_kpa,hg0285,245.0955352783203,276.9310156915997
KNN,31337,0,glass_adhesion_kpa,hg0286,109.9504623413086,130.35545010709805
KNN,31337,0,glass_adhesion_kpa,hg0287,200.08493041992188,252.9981642217775
KNN,31337,0,glass_adhesion_kpa,hg0288,250.9837188720703,263.00853643469566
KNN,31337,0,glass_adhesion_kpa,hg0289,81.07572174072266,91.8381282424695
KNN,31337,0,glass_adhesion_kpa,hg0290,235.4706268310547,276.83323664692296
KNN,31337,0,glass_adhesion_kpa,hg0291,225.3927764892578,272.2883612263753
KNN,31337,0,glass_adhesion_kpa,hg0334,206.6525115966797,283.6895519519051
KNN,31337,0,glass_adhesion_kpa,hg0335,193.57395935058594,148.71354498905043
KNN,31337,0,glass_adhesion_kpa,hg0336,62.22222137451172,176.16151957153332
KNN,31337,0,glass_adhesion_kpa,hg0337,147.99716186523438,160.02994961552162
KNN,31337,0,glass_adhesion_kpa,hg0338,229.75230407714844,278.95177523791085
KNN,31337,0,glass_adhesion_kpa,hg0339,232.0736083984375,268.6779583513607
KNN,31337,0,glass_adhesion_kpa,hg0340,199.1224365234375,258.5061775915702
SVR-RBF,31337,0,glass_adhesion_kpa,hg0274,101.34465789794922,169.44952367725455
SVR-RBF,31337,0,glass_adhesion_kpa,hg0275,229.6956787109375,246.60052285404376
SVR-RBF,31337,0,glass_adhesion_kpa,hg0276,160.2830810546875,112.60776816250518
SVR-RBF,31337,0,glass_adhesion_kpa,hg0277,100.89171600341797,65.34918086025164
SVR-RBF,31337,0,glass_adhesion_kpa,hg0278,91.04033660888672,89.95880272143856
SVR-RBF,31337,0,glass_adhesion_kpa,hg0279,127.67162322998047,82.41098146969158
SVR-RBF,31337,0,glass_adhesion_kpa,hg0280,117.31068420410156,194.41372996184097
SVR-RBF,31337,0,glass_adhesion_kpa,hg0281,155.07431030273438,128.30939630021606
SVR-RBF,31337,0,glass_adhesion_kpa,hg0282,74.50814056396484,106.75316277104032
SVR-RBF,31337,0,glass_adhesion_kpa,hg0283,101.62773895263672,172.61413349936765
SVR-RBF,31337,0,glass_adhesion_kpa,hg0284,75.13092803955078,63.54329772726834
SVR-RBF,31337,0,glass_adhesion_kpa,hg0285,245.0955352783203,246.87866572637282
SVR-RBF,31337,0,glass_adhesion_kpa,hg0286,109.9504623413086,99.33203747856673
SVR-RBF,31337,0,glass_adhesion_kpa,hg0287,200.08493041992188,240.23589700829373
SVR-RBF,31337,0,glass_adhesion_kpa,hg0288,250.9837188720703,245.60157714649452
SVR-RBF,31337,0,glass_adhesion_kpa,hg0289,81.07572174072266,76.05475800476512
SVR-RBF,31337,0,glass_adhesion_kpa,hg0290,235.4706268310547,247.08073491369785
SVR-RBF,31337,0,glass_adhesion_kpa,hg0291,225.3927764892578,245.13382349668964
SVR-RBF,31337,0,glass_adhesion_kpa,hg0334,206.6525115966797,240.7276682159533
SVR-RBF,31337,0,glass_adhesion_kpa,hg0335,193.57395935058594,149.75319285297465
SVR-RBF,31337,0,glass_adhesion_kpa,hg0336,62.22222137451172,182.91143480986443
SVR-RBF,31337,0,glass_adhesion_kpa,hg0337,147.99716186523438,146.04786560464038
SVR-RBF,31337,0,glass_adhesion_kpa,hg0338,229.75230407714844,246.4011335074969
SVR-RBF,31337,0,glass_adhesion_kpa,hg0339,232.0736083984375,245.83206702276377
SVR-RBF,31337,0,glass_adhesion_kpa,hg0340,199.1224365234375,222.4890665138677
RandomForest,31337,0,glass_adhesion_kpa,hg0274,101.34465789794922,181.62003188303163
RandomForest,31337,0,glass_adhesion_kpa,hg0275,229.6956787109375,275.4880218405571
RandomForest,31337,0,glass_adhesion_kpa,hg0276,160.2830810546875,140.23016152504186
RandomForest,31337,0,glass_adhesion_kpa,hg0277,100.89171600341797,96.86295751686532
RandomForest,31337,0,glass_adhesion_kpa,hg0278,91.04033660888672,89.8118894000642
RandomForest,31337,0,glass_adhesion_kpa,hg0279,127.67162322998047,119.6958503145621
RandomForest,31337,0,glass_adhesion_kpa,hg0280,117.31068420410156,173.90811185637628
RandomForest,31337,0,glass_adhesion_kpa,hg0281,155.07431030273438,145.27042547992272
RandomForest,31337,0,glass_adhesion_kpa,hg0282,74.50814056396484,114.61522777035621
RandomForest,31337,0,glass_adhesion_kpa,hg0283,101.62773895263672,182.78624941019737
RandomForest,31337,0,glass_adhesion_kpa,hg0284,75.13092803955078,109.10786647163694
RandomForest,31337,0,glass_adhesion_kpa,hg0285,245.0955352783203,261.3968612566487
RandomForest,31337,0,glass_adhesion_kpa,hg0286,109.9504623413086,135.2541720645123
RandomForest,31337,0,glass_adhesion_kpa,hg0287,200.08493041992188,243.67003250606777
RandomForest,31337,0,glass_adhesion_kpa,hg0288,250.9837188720703,258.66204293499896
RandomForest,31337,0,glass_adhesion_kpa,hg0289,81.07572174072266,119.70048669497133
RandomForest,31337,0,glass_adhesion_kpa,hg0290,235.4706268310547,272.79803042660103
RandomForest,31337,0,glass_adhesion_kpa,hg0291,225.3927764892578,259.84844835614257
RandomForest,31337,0,glass_adhesion_kpa,hg0334,206.6525115966797,242.38866979235036
RandomForest,31337,0,glass_adhesion_kpa,hg0335,193.57395935058594,145.2530348925893
RandomForest,31337,0,glass_adhesion_kpa,hg0336,62.22222137451172,129.38058276585087
RandomForest,31337,0,glass_adhesion_kpa,hg0337,147.99716186523438,142.59385428484669
RandomForest,31337,0,glass_adhesion_kpa,hg0338,229.75230407714844,275.1640867694146
RandomForest,31337,0,glass_adhesion_kpa,hg0339,232.0736083984375,260.33851146346706
RandomForest,31337,0,glass_adhesion_kpa,hg0340,199.1224365234375,205.81276900745237
HistGB,31337,0,glass_adhesion_kpa,hg0274,101.34465789794922,178.76686202115866
HistGB,31337,0,glass_adhesion_kpa,hg0275,229.6956787109375,249.16706544719594
HistGB,31337,0,glass_adhesion_kpa,hg0276,160.2830810546875,132.0994128292669
HistGB,31337,0,glass_adhesion_kpa,hg0277,100.89171600341797,89.14105741167724
HistGB,31337,0,glass_adhesion_kpa,hg0278,91.04033660888672,85.29680866252934
HistGB,31337,0,glass_adhesion_kpa,hg0279,127.67162322998047,106.08101856122744
HistGB,31337,0,glass_adhesion_kpa,hg0280,117.31068420410156,189.28627185034105
HistGB,31337,0,glass_adhesion_kpa,hg0281,155.07431030273438,144.2839761434106
HistGB,31337,0,glass_adhesion_kpa,hg0282,74.50814056396484,115.91629828277686
HistGB,31337,0,glass_adhesion_kpa,hg0283,101.62773895263672,178.76686202115866
HistGB,31337,0,glass_adhesion_kpa,hg0284,75.13092803955078,99.31386112359807
HistGB,31337,0,glass_adhesion_kpa,hg0285,245.0955352783203,239.9255249116341
HistGB,31337,0,glass_adhesion_kpa,hg0286,109.9504623413086,129.1835808306351
HistGB,31337,0,glass_adhesion_kpa,hg0287,200.08493041992188,231.67239107047354
HistGB,31337,0,glass_adhesion_kpa,hg0288,250.9837188720703,234.43963906247308
HistGB,31337,0,glass_adhesion_kpa,hg0289,81.07572174072266,118.36431584973231
HistGB,31337,0,glass_adhesion_kpa,hg0290,235.4706268310547,251.18121260955579
HistGB,31337,0,glass_adhesion_kpa,hg0291,225.3927764892578,245.23063468992044
HistGB,31337,0,glass_adhesion_kpa,hg0334,206.6525115966797,189.2669689931649
HistGB,31337,0,glass_adhesion_kpa,hg0335,193.57395935058594,157.47511514915817
HistGB,31337,0,glass_adhesion_kpa,hg0336,62.22222137451172,158.68434081796576
HistGB,31337,0,glass_adhesion_kpa,hg0337,147.99716186523438,156.80665864101343
HistGB,31337,0,glass_adhesion_kpa,hg0338,229.75230407714844,249.16706544719594
HistGB,31337,0,glass_adhesion_kpa,hg0339,232.0736083984375,239.9255249116341
HistGB,31337,0,glass_adhesion_kpa,hg0340,199.1224365234375,189.5028671698609
MLP,31337,0,glass_adhesion_kpa,hg0274,101.34465789794922,167.24122619628906
MLP,31337,0,glass_adhesion_kpa,hg0275,229.6956787109375,233.2940673828125
MLP,31337,0,glass_adhesion_kpa,hg0276,160.2830810546875,136.78916931152344
MLP,31337,0,glass_adhesion_kpa,hg0277,100.89171600341797,85.25928497314453
MLP,31337,0,glass_adhesion_kpa,hg0278,91.04033660888672,80.4754867553711
MLP,31337,0,glass_adhesion_kpa,hg0279,127.67162322998047,111.22706604003906
MLP,31337,0,glass_adhesion_kpa,hg0280,117.31068420410156,192.54086303710938
MLP,31337,0,glass_adhesion_kpa,hg0281,155.07431030273438,139.96292114257812
MLP,31337,0,glass_adhesion_kpa,hg0282,74.50814056396484,112.29122161865234
MLP,31337,0,glass_adhesion_kpa,hg0283,101.62773895263672,170.19815063476562
MLP,31337,0,glass_adhesion_kpa,hg0284,75.13092803955078,106.61663055419922
MLP,31337,0,glass_adhesion_kpa,hg0285,245.0955352783203,233.85252380371094
MLP,31337,0,glass_adhesion_kpa,hg0286,109.9504623413086,132.1390380859375
MLP,31337,0,glass_adhesion_kpa,hg0287,200.08493041992188,229.5955810546875
MLP,31337,0,glass_adhesion_kpa,hg0288,250.9837188720703,232.4095458984375
MLP,31337,0,glass_adhesion_kpa,hg0289,81.07572174072266,105.68860626220703
MLP,31337,0,glass_adhesion_kpa,hg0290,235.4706268310547,232.67520141601562
MLP,31337,0,glass_adhesion_kpa,hg0291,225.3927764892578,231.97158813476562
MLP,31337,0,glass_adhesion_kpa,hg0334,206.6525115966797,229.86895751953125
MLP,31337,0,glass_adhesion_kpa,hg0335,193.57395935058594,144.8438720703125
MLP,31337,0,glass_adhesion_kpa,hg0336,62.22222137451172,159.84271240234375
MLP,31337,0,glass_adhesion_kpa,hg0337,147.99716186523438,134.80140686035156
MLP,31337,0,glass_adhesion_kpa,hg0338,229.75230407714844,233.2339324951172
MLP,31337,0,glass_adhesion_kpa,hg0339,232.0736083984375,233.60787963867188
MLP,31337,0,glass_adhesion_kpa,hg0340,199.1224365234375,225.673828125
Mean,31337,1,glass_adhesion_kpa,hg0274,101.34465789794922,92.64732360839844
Mean,31337,1,glass_adhesion_kpa,hg0275,229.6956787109375,92.64732360839844
Mean,31337,1,glass_adhesion_kpa,hg0276,160.2830810546875,92.64732360839844
Mean,31337,1,glass_adhesion_kpa,hg0277,100.89171600341797,92.64732360839844
Mean,31337,1,glass_adhesion_kpa,hg0278,91.04033660888672,92.64732360839844
Mean,31337,1,glass_adhesion_kpa,hg0279,127.67162322998047,92.64732360839844
Mean,31337,1,glass_adhesion_kpa,hg0280,117.31068420410156,92.64732360839844
Mean,31337,1,glass_adhesion_kpa,hg0281,155.07431030273438,92.64732360839844
Mean,31337,1,glass_adhesion_kpa,hg0282,74.50814056396484,92.64732360839844
Mean,31337,1,glass_adhesion_kpa,hg0283,101.62773895263672,92.64732360839844
Mean,31337,1,glass_adhesion_kpa,hg0284,75.13092803955078,92.64732360839844
Mean,31337,1,glass_adhesion_kpa,hg0285,245.0955352783203,92.64732360839844
Mean,31337,1,glass_adhesion_kpa,hg0286,109.9504623413086,92.64732360839844
Mean,31337,1,glass_adhesion_kpa,hg0287,200.08493041992188,92.64732360839844
Mean,31337,1,glass_adhesion_kpa,hg0288,250.9837188720703,92.64732360839844
Mean,31337,1,glass_adhesion_kpa,hg0289,81.07572174072266,92.64732360839844
Mean,31337,1,glass_adhesion_kpa,hg0290,235.4706268310547,92.64732360839844
Mean,31337,1,glass_adhesion_kpa,hg0291,225.3927764892578,92.64732360839844
Mean,31337,1,glass_adhesion_kpa,hg0334,206.6525115966797,92.64732360839844
Mean,31337,1,glass_adhesion_kpa,hg0335,193.57395935058594,92.64732360839844
Mean,31337,1,glass_adhesion_kpa,hg0336,62.22222137451172,92.64732360839844
Mean,31337,1,glass_adhesion_kpa,hg0337,147.99716186523438,92.64732360839844
Mean,31337,1,glass_adhesion_kpa,hg0338,229.75230407714844,92.64732360839844
Mean,31337,1,glass_adhesion_kpa,hg0339,232.0736083984375,92.64732360839844
Mean,31337,1,glass_adhesion_kpa,hg0340,199.1224365234375,92.64732360839844
Ridge,31337,1,glass_adhesion_kpa,hg0274,101.34465789794922,167.90438842773438
Ridge,31337,1,glass_adhesion_kpa,hg0275,229.6956787109375,223.37567138671875
Ridge,31337,1,glass_adhesion_kpa,hg0276,160.2830810546875,129.9723358154297
Ridge,31337,1,glass_adhesion_kpa,hg0277,100.89171600341797,89.65169525146484
Ridge,31337,1,glass_adhesion_kpa,hg0278,91.04033660888672,58.39454650878906
Ridge,31337,1,glass_adhesion_kpa,hg0279,127.67162322998047,144.87518310546875
Ridge,31337,1,glass_adhesion_kpa,hg0280,117.31068420410156,197.62060546875
Ridge,31337,1,glass_adhesion_kpa,hg0281,155.07431030273438,146.05453491210938
Ridge,31337,1,glass_adhesion_kpa,hg0282,74.50814056396484,114.80780792236328
Ridge,31337,1,glass_adhesion_kpa,hg0283,101.62773895263672,170.5172119140625
Ridge,31337,1,glass_adhesion_kpa,hg0284,75.13092803955078,78.1815185546875
Ridge,31337,1,glass_adhesion_kpa,hg0285,245.0955352783203,226.4034881591797
Ridge,31337,1,glass_adhesion_kpa,hg0286,109.9504623413086,113.45464324951172
Ridge,31337,1,glass_adhesion_kpa,hg0287,200.08493041992188,220.10659790039062
Ridge,31337,1,glass_adhesion_kpa,hg0288,250.9837188720703,227.30563354492188
Ridge,31337,1,glass_adhesion_kpa,hg0289,81.07572174072266,139.00048828125
Ridge,31337,1,glass_adhesion_kpa,hg0290,235.4706268310547,224.5545196533203
Ridge,31337,1,glass_adhesion_kpa,hg0291,225.3927764892578,220.94630432128906
Ridge,31337,1,glass_adhesion_kpa,hg0334,206.6525115966797,222.2661895751953
Ridge,31337,1,glass_adhesion_kpa,hg0335,193.57395935058594,175.32257080078125
Ridge,31337,1,glass_adhesion_kpa,hg0336,62.22222137451172,121.35501098632812
Ridge,31337,1,glass_adhesion_kpa,hg0337,147.99716186523438,131.380859375
Ridge,31337,1,glass_adhesion_kpa,hg0338,229.75230407714844,223.18760681152344
Ridge,31337,1,glass_adhesion_kpa,hg0339,232.0736083984375,227.41452026367188
Ridge,31337,1,glass_adhesion_kpa,hg0340,199.1224365234375,202.71224975585938
ElasticNet,31337,1,glass_adhesion_kpa,hg0274,101.34465789794922,168.01095581054688
ElasticNet,31337,1,glass_adhesion_kpa,hg0275,229.6956787109375,223.10682678222656
ElasticNet,31337,1,glass_adhesion_kpa,hg0276,160.2830810546875,129.10276794433594
ElasticNet,31337,1,glass_adhesion_kpa,hg0277,100.89171600341797,89.22489929199219
ElasticNet,31337,1,glass_adhesion_kpa,hg0278,91.04033660888672,58.30341339111328
ElasticNet,31337,1,glass_adhesion_kpa,hg0279,127.67162322998047,144.9606475830078
ElasticNet,31337,1,glass_adhesion_kpa,hg0280,117.31068420410156,197.14312744140625
ElasticNet,31337,1,glass_adhesion_kpa,hg0281,155.07431030273438,144.89559936523438
ElasticNet,31337,1,glass_adhesion_kpa,hg0282,74.50814056396484,114.35281372070312
ElasticNet,31337,1,glass_adhesion_kpa,hg0283,101.62773895263672,170.61288452148438
ElasticNet,31337,1,glass_adhesion_kpa,hg0284,75.13092803955078,78.53875732421875
ElasticNet,31337,1,glass_adhesion_kpa,hg0285,245.0955352783203,226.01004028320312
ElasticNet,31337,1,glass_adhesion_kpa,hg0286,109.9504623413086,112.69818115234375
ElasticNet,31337,1,glass_adhesion_kpa,hg0287,200.08493041992188,220.37893676757812
ElasticNet,31337,1,glass_adhesion_kpa,hg0288,250.9837188720703,227.0070037841797
ElasticNet,31337,1,glass_adhesion_kpa,hg0289,81.07572174072266,138.63613891601562
ElasticNet,31337,1,glass_adhesion_kpa,hg0290,235.4706268310547,224.34622192382812
ElasticNet,31337,1,glass_adhesion_kpa,hg0291,225.3927764892578,220.93482971191406
ElasticNet,31337,1,glass_adhesion_kpa,hg0334,206.6525115966797,221.80685424804688
ElasticNet,31337,1,glass_adhesion_kpa,hg0335,193.57395935058594,174.1237030029297
ElasticNet,31337,1,glass_adhesion_kpa,hg0336,62.22222137451172,124.9716796875
ElasticNet,31337,1,glass_adhesion_kpa,hg0337,147.99716186523438,131.81536865234375
ElasticNet,31337,1,glass_adhesion_kpa,hg0338,229.75230407714844,222.918701171875
ElasticNet,31337,1,glass_adhesion_kpa,hg0339,232.0736083984375,226.9945068359375
ElasticNet,31337,1,glass_adhesion_kpa,hg0340,199.1224365234375,204.23240661621094
KNN,31337,1,glass_adhesion_kpa,hg0274,101.34465789794922,176.2101228927682
KNN,31337,1,glass_adhesion_kpa,hg0275,229.6956787109375,256.92095962092566
KNN,31337,1,glass_adhesion_kpa,hg0276,160.2830810546875,113.7649360202012
KNN,31337,1,glass_adhesion_kpa,hg0277,100.89171600341797,94.64493411213914
KNN,31337,1,glass_adhesion_kpa,hg0278,91.04033660888672,97.3048025440977
KNN,31337,1,glass_adhesion_kpa,hg0279,127.67162322998047,128.84253706963548
KNN,31337,1,glass_adhesion_kpa,hg0280,117.31068420410156,193.1546022680792
KNN,31337,1,glass_adhesion_kpa,hg0281,155.07431030273438,146.67264535836202
KNN,31337,1,glass_adhesion_kpa,hg0282,74.50814056396484,106.39953421335176
KNN,31337,1,glass_adhesion_kpa,hg0283,101.62773895263672,177.36065998713406
KNN,31337,1,glass_adhesion_kpa,hg0284,75.13092803955078,85.06324363417973
KNN,31337,1,glass_adhesion_kpa,hg0285,245.0955352783203,258.271278321759
KNN,31337,1,glass_adhesion_kpa,hg0286,109.9504623413086,111.39614939950981
KNN,31337,1,glass_adhesion_kpa,hg0287,200.08493041992188,246.93071411969117
KNN,31337,1,glass_adhesion_kpa,hg0288,250.9837188720703,262.5381403795435
KNN,31337,1,glass_adhesion_kpa,hg0289,81.07572174072266,93.72340500168332
KNN,31337,1,glass_adhesion_kpa,hg0290,235.4706268310547,266.299751664693
KNN,31337,1,glass_adhesion_kpa,hg0291,225.3927764892578,259.8271951555459
KNN,31337,1,glass_adhesion_kpa,hg0334,206.6525115966797,239.37332984834603
KNN,31337,1,glass_adhesion_kpa,hg0335,193.57395935058594,162.5429189063706
KNN,31337,1,glass_adhesion_kpa,hg0336,62.22222137451172,174.2847694935868
KNN,31337,1,glass_adhesion_kpa,hg0337,147.99716186523438,154.70810572051033
KNN,31337,1,glass_adhesion_kpa,hg0338,229.75230407714844,256.42494091173876
KNN,31337,1,glass_adhesion_kpa,hg0339,232.0736083984375,260.57681868889506
KNN,31337,1,glass_adhesion_kpa,hg0340,199.1224365234375,235.88618639663142
SVR-RBF,31337,1,glass_adhesion_kpa,hg0274,101.34465789794922,147.53054502771442
SVR-RBF,31337,1,glass_adhesion_kpa,hg0275,229.6956787109375,235.5629544420123
SVR-RBF,31337,1,glass_adhesion_kpa,hg0276,160.2830810546875,130.52106184785373
SVR-RBF,31337,1,glass_adhesion_kpa,hg0277,100.89171600341797,97.9574432937048
SVR-RBF,31337,1,glass_adhesion_kpa,hg0278,91.04033660888672,68.21287429933174
SVR-RBF,31337,1,glass_adhesion_kpa,hg0279,127.67162322998047,91.15409889435736
SVR-RBF,31337,1,glass_adhesion_kpa,hg0280,117.31068420410156,199.81579362494045
SVR-RBF,31337,1,glass_adhesion_kpa,hg0281,155.07431030273438,159.0387130829662
SVR-RBF,31337,1,glass_adhesion_kpa,hg0282,74.50814056396484,110.80234515471608
SVR-RBF,31337,1,glass_adhesion_kpa,hg0283,101.62773895263672,151.45116853090042
SVR-RBF,31337,1,glass_adhesion_kpa,hg0284,75.13092803955078,34.259723124842225
SVR-RBF,31337,1,glass_adhesion_kpa,hg0285,245.0955352783203,241.9332721593156
SVR-RBF,31337,1,glass_adhesion_kpa,hg0286,109.9504623413086,107.47726325312918
SVR-RBF,31337,1,glass_adhesion_kpa,hg0287,200.08493041992188,221.00745617664018
SVR-RBF,31337,1,glass_adhesion_kpa,hg0288,250.9837188720703,240.74806006166284
SVR-RBF,31337,1,glass_adhesion_kpa,hg0289,81.07572174072266,82.59782869882282
SVR-RBF,31337,1,glass_adhesion_kpa,hg0290,235.4706268310547,236.34016765476548
SVR-RBF,31337,1,glass_adhesion_kpa,hg0291,225.3927764892578,228.66775819152986
SVR-RBF,31337,1,glass_adhesion_kpa,hg0334,206.6525115966797,233.06364044460815
SVR-RBF,31337,1,glass_adhesion_kpa,hg0335,193.57395935058594,169.26479329820845
SVR-RBF,31337,1,glass_adhesion_kpa,hg0336,62.22222137451172,124.22474497123663
SVR-RBF,31337,1,glass_adhesion_kpa,hg0337,147.99716186523438,130.76443408460756
SVR-RBF,31337,1,glass_adhesion_kpa,hg0338,229.75230407714844,235.215179115887
SVR-RBF,31337,1,glass_adhesion_kpa,hg0339,232.0736083984375,243.64310759270342
SVR-RBF,31337,1,glass_adhesion_kpa,hg0340,199.1224365234375,190.42338197885886
RandomForest,31337,1,glass_adhesion_kpa,hg0274,101.34465789794922,186.49236533592486
RandomForest,31337,1,glass_adhesion_kpa,hg0275,229.6956787109375,251.34029006431842
RandomForest,31337,1,glass_adhesion_kpa,hg0276,160.2830810546875,133.08504045364774
RandomForest,31337,1,glass_adhesion_kpa,hg0277,100.89171600341797,95.1056062011061
RandomForest,31337,1,glass_adhesion_kpa,hg0278,91.04033660888672,84.5570156424621
RandomForest,31337,1,glass_adhesion_kpa,hg0279,127.67162322998047,124.79812614983526
RandomForest,31337,1,glass_adhesion_kpa,hg0280,117.31068420410156,177.96246911410628
RandomForest,31337,1,glass_adhesion_kpa,hg0281,155.07431030273438,139.50963986357326
RandomForest,31337,1,glass_adhesion_kpa,hg0282,74.50814056396484,112.16032455848826
RandomForest,31337,1,glass_adhesion_kpa,hg0283,101.62773895263672,187.6202565686456
RandomForest,31337,1,glass_adhesion_kpa,hg0284,75.13092803955078,79.12247372364176
RandomForest,31337,1,glass_adhesion_kpa,hg0285,245.0955352783203,256.10487322577114
RandomForest,31337,1,glass_adhesion_kpa,hg0286,109.9504623413086,111.91601268143489
RandomForest,31337,1,glass_adhesion_kpa,hg0287,200.08493041992188,242.9663702147034
RandomForest,31337,1,glass_adhesion_kpa,hg0288,250.9837188720703,270.1656003018083
RandomForest,31337,1,glass_adhesion_kpa,hg0289,81.07572174072266,120.42103676894615
RandomForest,31337,1,glass_adhesion_kpa,hg0290,235.4706268310547,269.33820876022867
RandomForest,31337,1,glass_adhesion_kpa,hg0291,225.3927764892578,252.29458273525896
RandomForest,31337,1,glass_adhesion_kpa,hg0334,206.6525115966797,228.96481316928205
RandomForest,31337,1,glass_adhesion_kpa,hg0335,193.57395935058594,137.99717977096296
RandomForest,31337,1,glass_adhesion_kpa,hg0336,62.22222137451172,123.63720208135145
RandomForest,31337,1,glass_adhesion_kpa,hg0337,147.99716186523438,140.18541249012125
RandomForest,31337,1,glass_adhesion_kpa,hg0338,229.75230407714844,247.37092213071625
RandomForest,31337,1,glass_adhesion_kpa,hg0339,232.0736083984375,254.97854596894362
RandomForest,31337,1,glass_adhesion_kpa,hg0340,199.1224365234375,210.82874952118974
HistGB,31337,1,glass_adhesion_kpa,hg0274,101.34465789794922,194.66489853195742
HistGB,31337,1,glass_adhesion_kpa,hg0275,229.6956787109375,243.36667831220362
HistGB,31337,1,glass_adhesion_kpa,hg0276,160.2830810546875,126.19836845018503
HistGB,31337,1,glass_adhesion_kpa,hg0277,100.89171600341797,90.51956462911569
HistGB,31337,1,glass_adhesion_kpa,hg0278,91.04033660888672,86.05957303807838
HistGB,31337,1,glass_adhesion_kpa,hg0279,127.67162322998047,106.44478045777689
HistGB,31337,1,glass_adhesion_kpa,hg0280,117.31068420410156,182.08423634482543
HistGB,31337,1,glass_adhesion_kpa,hg0281,155.07431030273438,130.5360670823826
HistGB,31337,1,glass_adhesion_kpa,hg0282,74.50814056396484,121.49622886044716
HistGB,31337,1,glass_adhesion_kpa,hg0283,101.62773895263672,191.0754402435351
HistGB,31337,1,glass_adhesion_kpa,hg0284,75.13092803955078,54.55544033211368
HistGB,31337,1,glass_adhesion_kpa,hg0285,245.0955352783203,266.02065274891396
HistGB,31337,1,glass_adhesion_kpa,hg0286,109.9504623413086,111.50746298672908
HistGB,31337,1,glass_adhesion_kpa,hg0287,200.08493041992188,256.8538808905251
HistGB,31337,1,glass_adhesion_kpa,hg0288,250.9837188720703,266.28882235563464
HistGB,31337,1,glass_adhesion_kpa,hg0289,81.07572174072266,107.08816834738366
HistGB,31337,1,glass_adhesion_kpa,hg0290,235.4706268310547,265.0853597614362
HistGB,31337,1,glass_adhesion_kpa,hg0291,225.3927764892578,227.98213602640908
HistGB,31337,1,glass_adhesion_kpa,hg0334,206.6525115966797,212.7473480243885
HistGB,31337,1,glass_adhesion_kpa,hg0335,193.57395935058594,146.45460308858017
HistGB,31337,1,glass_adhesion_kpa,hg0336,62.22222137451172,153.4215050993052
HistGB,31337,1,glass_adhesion_kpa,hg0337,147.99716186523438,141.33137498153621
HistGB,31337,1,glass_adhesion_kpa,hg0338,229.75230407714844,243.36667831220362
HistGB,31337,1,glass_adhesion_kpa,hg0339,232.0736083984375,262.3182637394568
HistGB,31337,1,glass_adhesion_kpa,hg0340,199.1224365234375,181.99904968716766
MLP,31337,1,glass_adhesion_kpa,hg0274,101.34465789794922,173.096923828125
MLP,31337,1,glass_adhesion_kpa,hg0275,229.6956787109375,229.15969848632812
MLP,31337,1,glass_adhesion_kpa,hg0276,160.2830810546875,108.28234100341797
MLP,31337,1,glass_adhesion_kpa,hg0277,100.89171600341797,106.54277801513672
MLP,31337,1,glass_adhesion_kpa,hg0278,91.04033660888672,44.773258209228516
MLP,31337,1,glass_adhesion_kpa,hg0279,127.67162322998047,127.55683898925781
MLP,31337,1,glass_adhesion_kpa,hg0280,117.31068420410156,195.89797973632812
MLP,31337,1,glass_adhesion_kpa,hg0281,155.07431030273438,115.78170776367188
MLP,31337,1,glass_adhesion_kpa,hg0282,74.50814056396484,88.56529998779297
MLP,31337,1,glass_adhesion_kpa,hg0283,101.62773895263672,175.66781616210938
MLP,31337,1,glass_adhesion_kpa,hg0284,75.13092803955078,102.10386657714844
MLP,31337,1,glass_adhesion_kpa,hg0285,245.0955352783203,229.4339599609375
MLP,31337,1,glass_adhesion_kpa,hg0286,109.9504623413086,101.58505249023438
MLP,31337,1,glass_adhesion_kpa,hg0287,200.08493041992188,228.0883026123047
MLP,31337,1,glass_adhesion_kpa,hg0288,250.9837188720703,228.6510009765625
MLP,31337,1,glass_adhesion_kpa,hg0289,81.07572174072266,119.8130111694336
MLP,31337,1,glass_adhesion_kpa,hg0290,235.4706268310547,229.05331420898438
MLP,31337,1,glass_adhesion_kpa,hg0291,225.3927764892578,228.6967010498047
MLP,31337,1,glass_adhesion_kpa,hg0334,206.6525115966797,228.36363220214844
MLP,31337,1,glass_adhesion_kpa,hg0335,193.57395935058594,155.520263671875
MLP,31337,1,glass_adhesion_kpa,hg0336,62.22222137451172,155.29270935058594
MLP,31337,1,glass_adhesion_kpa,hg0337,147.99716186523438,131.95721435546875
MLP,31337,1,glass_adhesion_kpa,hg0338,229.75230407714844,229.12451171875
MLP,31337,1,glass_adhesion_kpa,hg0339,232.0736083984375,229.35426330566406
MLP,31337,1,glass_adhesion_kpa,hg0340,199.1224365234375,223.94012451171875
Mean,31337,2,glass_adhesion_kpa,hg0274,101.34465789794922,93.45719909667969
Mean,31337,2,glass_adhesion_kpa,hg0275,229.6956787109375,93.45719909667969
Mean,31337,2,glass_adhesion_kpa,hg0276,160.2830810546875,93.45719909667969
Mean,31337,2,glass_adhesion_kpa,hg0277,100.89171600341797,93.45719909667969
Mean,31337,2,glass_adhesion_kpa,hg0278,91.04033660888672,93.45719909667969
Mean,31337,2,glass_adhesion_kpa,hg0279,127.67162322998047,93.45719909667969
Mean,31337,2,glass_adhesion_kpa,hg0280,117.31068420410156,93.45719909667969
Mean,31337,2,glass_adhesion_kpa,hg0281,155.07431030273438,93.45719909667969
Mean,31337,2,glass_adhesion_kpa,hg0282,74.50814056396484,93.45719909667969
Mean,31337,2,glass_adhesion_kpa,hg0283,101.62773895263672,93.45719909667969
Mean,31337,2,glass_adhesion_kpa,hg0284,75.13092803955078,93.45719909667969
Mean,31337,2,glass_adhesion_kpa,hg0285,245.0955352783203,93.45719909667969
Mean,31337,2,glass_adhesion_kpa,hg0286,109.9504623413086,93.45719909667969
Mean,31337,2,glass_adhesion_kpa,hg0287,200.08493041992188,93.45719909667969
Mean,31337,2,glass_adhesion_kpa,hg0288,250.9837188720703,93.45719909667969
Mean,31337,2,glass_adhesion_kpa,hg0289,81.07572174072266,93.45719909667969
Mean,31337,2,glass_adhesion_kpa,hg0290,235.4706268310547,93.45719909667969
Mean,31337,2,glass_adhesion_kpa,hg0291,225.3927764892578,93.45719909667969
Mean,31337,2,glass_adhesion_kpa,hg0334,206.6525115966797,93.45719909667969
Mean,31337,2,glass_adhesion_kpa,hg0335,193.57395935058594,93.45719909667969
Mean,31337,2,glass_adhesion_kpa,hg0336,62.22222137451172,93.45719909667969
Mean,31337,2,glass_adhesion_kpa,hg0337,147.99716186523438,93.45719909667969
Mean,31337,2,glass_adhesion_kpa,hg0338,229.75230407714844,93.45719909667969
Mean,31337,2,glass_adhesion_kpa,hg0339,232.0736083984375,93.45719909667969
Mean,31337,2,glass_adhesion_kpa,hg0340,199.1224365234375,93.45719909667969
Ridge,31337,2,glass_adhesion_kpa,hg0274,101.34465789794922,171.57533264160156
Ridge,31337,2,glass_adhesion_kpa,hg0275,229.6956787109375,230.30145263671875
Ridge,31337,2,glass_adhesion_kpa,hg0276,160.2830810546875,133.77142333984375
Ridge,31337,2,glass_adhesion_kpa,hg0277,100.89171600341797,76.62617492675781
Ridge,31337,2,glass_adhesion_kpa,hg0278,91.04033660888672,63.29963684082031
Ridge,31337,2,glass_adhesion_kpa,hg0279,127.67162322998047,136.5048065185547
Ridge,31337,2,glass_adhesion_kpa,hg0280,117.31068420410156,203.95791625976562
Ridge,31337,2,glass_adhesion_kpa,hg0281,155.07431030273438,149.0896453857422
Ridge,31337,2,glass_adhesion_kpa,hg0282,74.50814056396484,114.4537353515625
Ridge,31337,2,glass_adhesion_kpa,hg0283,101.62773895263672,174.34046936035156
Ridge,31337,2,glass_adhesion_kpa,hg0284,75.13092803955078,78.09364318847656
Ridge,31337,2,glass_adhesion_kpa,hg0285,245.0955352783203,231.46728515625
Ridge,31337,2,glass_adhesion_kpa,hg0286,109.9504623413086,117.55200958251953
Ridge,31337,2,glass_adhesion_kpa,hg0287,200.08493041992188,229.64901733398438
Ridge,31337,2,glass_adhesion_kpa,hg0288,250.9837188720703,232.0186767578125
Ridge,31337,2,glass_adhesion_kpa,hg0289,81.07572174072266,129.732421875
Ridge,31337,2,glass_adhesion_kpa,hg0290,235.4706268310547,231.25872802734375
Ridge,31337,2,glass_adhesion_kpa,hg0291,225.3927764892578,229.39947509765625
Ridge,31337,2,glass_adhesion_kpa,hg0334,206.6525115966797,228.627685546875
Ridge,31337,2,glass_adhesion_kpa,hg0335,193.57395935058594,175.53775024414062
Ridge,31337,2,glass_adhesion_kpa,hg0336,62.22222137451172,137.16688537597656
Ridge,31337,2,glass_adhesion_kpa,hg0337,147.99716186523438,139.09942626953125
Ridge,31337,2,glass_adhesion_kpa,hg0338,229.75230407714844,230.16836547851562
Ridge,31337,2,glass_adhesion_kpa,hg0339,232.0736083984375,231.58883666992188
Ridge,31337,2,glass_adhesion_kpa,hg0340,199.1224365234375,215.9556884765625
ElasticNet,31337,2,glass_adhesion_kpa,hg0274,101.34465789794922,171.5002899169922
ElasticNet,31337,2,glass_adhesion_kpa,hg0275,229.6956787109375,230.252685546875
ElasticNet,31337,2,glass_adhesion_kpa,hg0276,160.2830810546875,133.3529510498047
ElasticNet,31337,2,glass_adhesion_kpa,hg0277,100.89171600341797,76.1108627319336
ElasticNet,31337,2,glass_adhesion_kpa,hg0278,91.04033660888672,63.28249740600586
ElasticNet,31337,2,glass_adhesion_kpa,hg0279,127.67162322998047,136.7290496826172
ElasticNet,31337,2,glass_adhesion_kpa,hg0280,117.31068420410156,203.75344848632812
ElasticNet,31337,2,glass_adhesion_kpa,hg0281,155.07431030273438,148.58541870117188
ElasticNet,31337,2,glass_adhesion_kpa,hg0282,74.50814056396484,114.16840362548828
ElasticNet,31337,2,glass_adhesion_kpa,hg0283,101.62773895263672,174.26498413085938
ElasticNet,31337,2,glass_adhesion_kpa,hg0284,75.13092803955078,78.26803588867188
ElasticNet,31337,2,glass_adhesion_kpa,hg0285,245.0955352783203,231.36968994140625
ElasticNet,31337,2,glass_adhesion_kpa,hg0286,109.9504623413086,117.1918716430664
ElasticNet,31337,2,glass_adhesion_kpa,hg0287,200.08493041992188,229.73651123046875
ElasticNet,31337,2,glass_adhesion_kpa,hg0288,250.9837188720703,231.92739868164062
ElasticNet,31337,2,glass_adhesion_kpa,hg0289,81.07572174072266,129.8559112548828
ElasticNet,31337,2,glass_adhesion_kpa,hg0290,235.4706268310547,231.21490478515625
ElasticNet,31337,2,glass_adhesion_kpa,hg0291,225.3927764892578,229.4197998046875
ElasticNet,31337,2,glass_adhesion_kpa,hg0334,206.6525115966797,228.53726196289062
ElasticNet,31337,2,glass_adhesion_kpa,hg0335,193.57395935058594,175.22286987304688
ElasticNet,31337,2,glass_adhesion_kpa,hg0336,62.22222137451172,137.95327758789062
ElasticNet,31337,2,glass_adhesion_kpa,hg0337,147.99716186523438,139.21902465820312
ElasticNet,31337,2,glass_adhesion_kpa,hg0338,229.75230407714844,230.12045288085938
ElasticNet,31337,2,glass_adhesion_kpa,hg0339,232.0736083984375,231.47457885742188
ElasticNet,31337,2,glass_adhesion_kpa,hg0340,199.1224365234375,216.34906005859375
KNN,31337,2,glass_adhesion_kpa,hg0274,101.34465789794922,165.74857650038444
KNN,31337,2,glass_adhesion_kpa,hg0275,229.6956787109375,280.19362433789996
KNN,31337,2,glass_adhesion_kpa,hg0276,160.2830810546875,105.78496226736229
KNN,31337,2,glass_adhesion_kpa,hg0277,100.89171600341797,90.51571411622766
KNN,31337,2,glass_adhesion_kpa,hg0278,91.04033660888672,83.10895968061791
KNN,31337,2,glass_adhesion_kpa,hg0279,127.67162322998047,134.3388165795666
KNN,31337,2,glass_adhesion_kpa,hg0280,117.31068420410156,212.62175866484066
KNN,31337,2,glass_adhesion_kpa,hg0281,155.07431030273438,133.5718170569096
KNN,31337,2,glass_adhesion_kpa,hg0282,74.50814056396484,100.83423212676571
KNN,31337,2,glass_adhesion_kpa,hg0283,101.62773895263672,166.21876987327377
KNN,31337,2,glass_adhesion_kpa,hg0284,75.13092803955078,79.32975402512082
KNN,31337,2,glass_adhesion_kpa,hg0285,245.0955352783203,271.90584658193063
KNN,31337,2,glass_adhesion_kpa,hg0286,109.9504623413086,98.76444454349779
KNN,31337,2,glass_adhesion_kpa,hg0287,200.08493041992188,256.5388516115885
KNN,31337,2,glass_adhesion_kpa,hg0288,250.9837188720703,262.8409712106576
KNN,31337,2,glass_adhesion_kpa,hg0289,81.07572174072266,91.09253301267826
KNN,31337,2,glass_adhesion_kpa,hg0290,235.4706268310547,278.503880384981
KNN,31337,2,glass_adhesion_kpa,hg0291,225.3927764892578,281.96838771393794
KNN,31337,2,glass_adhesion_kpa,hg0334,206.6525115966797,286.94809519112977
KNN,31337,2,glass_adhesion_kpa,hg0335,193.57395935058594,152.55289351890798
KNN,31337,2,glass_adhesion_kpa,hg0336,62.22222137451172,160.89467270076656
KNN,31337,2,glass_adhesion_kpa,hg0337,147.99716186523438,134.16672905069638
KNN,31337,2,glass_adhesion_kpa,hg0338,229.75230407714844,281.0639599712091
KNN,31337,2,glass_adhesion_kpa,hg0339,232.0736083984375,262.2938002889263
KNN,31337,2,glass_adhesion_kpa,hg0340,199.1224365234375,251.94767518561926
SVR-RBF,31337,2,glass_adhesion_kpa,hg0274,101.34465789794922,162.31866658933072
SVR-RBF,31337,2,glass_adhesion_kpa,hg0275,229.6956787109375,252.57939745094524
SVR-RBF,31337,2,glass_adhesion_kpa,hg0276,160.2830810546875,97.95467794060944
SVR-RBF,31337,2,glass_adhesion_kpa,hg0277,100.89171600341797,87.61633225040958
SVR-RBF,31337,2,glass_adhesion_kpa,hg0278,91.04033660888672,70.98285926369533
SVR-RBF,31337,2,glass_adhesion_kpa,hg0279,127.67162322998047,112.88833366109381
SVR-RBF,31337,2,glass_adhesion_kpa,hg0280,117.31068420410156,208.13620991500713
SVR-RBF,31337,2,glass_adhesion_kpa,hg0281,155.07431030273438,133.75338392655732
SVR-RBF,31337,2,glass_adhesion_kpa,hg0282,74.50814056396484,116.37601752526814
SVR-RBF,31337,2,glass_adhesion_kpa,hg0283,101.62773895263672,166.1303211821448
SVR-RBF,31337,2,glass_adhesion_kpa,hg0284,75.13092803955078,47.77392765367175
SVR-RBF,31337,2,glass_adhesion_kpa,hg0285,245.0955352783203,253.45701052771284
SVR-RBF,31337,2,glass_adhesion_kpa,hg0286,109.9504623413086,70.27706653400048
SVR-RBF,31337,2,glass_adhesion_kpa,hg0287,200.08493041992188,245.6531691781717
SVR-RBF,31337,2,glass_adhesion_kpa,hg0288,250.9837188720703,250.86264367740904
SVR-RBF,31337,2,glass_adhesion_kpa,hg0289,81.07572174072266,97.07149520456761
SVR-RBF,31337,2,glass_adhesion_kpa,hg0290,235.4706268310547,252.600188255472
SVR-RBF,31337,2,glass_adhesion_kpa,hg0291,225.3927764892578,250.08739694045983
SVR-RBF,31337,2,glass_adhesion_kpa,hg0334,206.6525115966797,248.1699195295423
SVR-RBF,31337,2,glass_adhesion_kpa,hg0335,193.57395935058594,163.69663109961058
SVR-RBF,31337,2,glass_adhesion_kpa,hg0336,62.22222137451172,185.09815752066282
SVR-RBF,31337,2,glass_adhesion_kpa,hg0337,147.99716186523438,124.33928648655282
SVR-RBF,31337,2,glass_adhesion_kpa,hg0338,229.75230407714844,252.3839014013563
SVR-RBF,31337,2,glass_adhesion_kpa,hg0339,232.0736083984375,252.50119413601936
SVR-RBF,31337,2,glass_adhesion_kpa,hg0340,199.1224365234375,222.66709041827107
RandomForest,31337,2,glass_adhesion_kpa,hg0274,101.34465789794922,187.35802081930225
RandomForest,31337,2,glass_adhesion_kpa,hg0275,229.6956787109375,280.8243056935277
RandomForest,31337,2,glass_adhesion_kpa,hg0276,160.2830810546875,128.82479943847656
RandomForest,31337,2,glass_adhesion_kpa,hg0277,100.89171600341797,92.8105430922015
RandomForest,31337,2,glass_adhesion_kpa,hg0278,91.04033660888672,82.8788052979831
RandomForest,31337,2,glass_adhesion_kpa,hg0279,127.67162322998047,122.45840407834109
RandomForest,31337,2,glass_adhesion_kpa,hg0280,117.31068420410156,180.40286110943762
RandomForest,31337,2,glass_adhesion_kpa,hg0281,155.07431030273438,134.96818750526165
RandomForest,31337,2,glass_adhesion_kpa,hg0282,74.50814056396484,106.01325051386604
RandomForest,31337,2,glass_adhesion_kpa,hg0283,101.62773895263672,189.89852886331494
RandomForest,31337,2,glass_adhesion_kpa,hg0284,75.13092803955078,77.32138510654713
RandomForest,31337,2,glass_adhesion_kpa,hg0285,245.0955352783203,261.89294044757713
RandomForest,31337,2,glass_adhesion_kpa,hg0286,109.9504623413086,100.34515023198621
RandomForest,31337,2,glass_adhesion_kpa,hg0287,200.08493041992188,249.37618322438206
RandomForest,31337,2,glass_adhesion_kpa,hg0288,250.9837188720703,264.30748569356984
RandomForest,31337,2,glass_adhesion_kpa,hg0289,81.07572174072266,122.19695015514857
RandomForest,31337,2,glass_adhesion_kpa,hg0290,235.4706268310547,278.02616570834454
RandomForest,31337,2,glass_adhesion_kpa,hg0291,225.3927764892578,270.1446775449555
RandomForest,31337,2,glass_adhesion_kpa,hg0334,206.6525115966797,279.149062152731
RandomForest,31337,2,glass_adhesion_kpa,hg0335,193.57395935058594,136.21287570248163
RandomForest,31337,2,glass_adhesion_kpa,hg0336,62.22222137451172,137.3819657388227
RandomForest,31337,2,glass_adhesion_kpa,hg0337,147.99716186523438,138.7076215576486
RandomForest,31337,2,glass_adhesion_kpa,hg0338,229.75230407714844,279.83526354559535
RandomForest,31337,2,glass_adhesion_kpa,hg0339,232.0736083984375,258.36456235162143
RandomForest,31337,2,glass_adhesion_kpa,hg0340,199.1224365234375,216.13326632269496
HistGB,31337,2,glass_adhesion_kpa,hg0274,101.34465789794922,171.99843678183404
HistGB,31337,2,glass_adhesion_kpa,hg0275,229.6956787109375,308.2644971649756
HistGB,31337,2,glass_adhesion_kpa,hg0276,160.2830810546875,125.27760985230589
HistGB,31337,2,glass_adhesion_kpa,hg0277,100.89171600341797,109.43007792367514
HistGB,31337,2,glass_adhesion_kpa,hg0278,91.04033660888672,83.81855273623198
HistGB,31337,2,glass_adhesion_kpa,hg0279,127.67162322998047,106.74488337554588
HistGB,31337,2,glass_adhesion_kpa,hg0280,117.31068420410156,178.26509966664662
HistGB,31337,2,glass_adhesion_kpa,hg0281,155.07431030273438,133.89996682239732
HistGB,31337,2,glass_adhesion_kpa,hg0282,74.50814056396484,114.48998676253647
HistGB,31337,2,glass_adhesion_kpa,hg0283,101.62773895263672,171.17625887427883
HistGB,31337,2,glass_adhesion_kpa,hg0284,75.13092803955078,73.54050349855439
HistGB,31337,2,glass_adhesion_kpa,hg0285,245.0955352783203,240.25961965662478
HistGB,31337,2,glass_adhesion_kpa,hg0286,109.9504623413086,93.91840848788404
HistGB,31337,2,glass_adhesion_kpa,hg0287,200.08493041992188,207.65815631416004
HistGB,31337,2,glass_adhesion_kpa,hg0288,250.9837188720703,262.8099958232465
HistGB,31337,2,glass_adhesion_kpa,hg0289,81.07572174072266,127.23991464002467
HistGB,31337,2,glass_adhesion_kpa,hg0290,235.4706268310547,296.89112505406615
HistGB,31337,2,glass_adhesion_kpa,hg0291,225.3927764892578,275.8171568368991
HistGB,31337,2,glass_adhesion_kpa,hg0334,206.6525115966797,258.3809145097284
HistGB,31337,2,glass_adhesion_kpa,hg0335,193.57395935058594,133.8990386724641
HistGB,31337,2,glass_adhesion_kpa,hg0336,62.22222137451172,172.87051093009237
HistGB,31337,2,glass_adhesion_kpa,hg0337,147.99716186523438,150.57475620814608
HistGB,31337,2,glass_adhesion_kpa,hg0338,229.75230407714844,315.2907559407129
HistGB,31337,2,glass_adhesion_kpa,hg0339,232.0736083984375,248.17801609549176
HistGB,31337,2,glass_adhesion_kpa,hg0340,199.1224365234375,201.67878349346083
MLP,31337,2,glass_adhesion_kpa,hg0274,101.34465789794922,164.14581298828125
MLP,31337,2,glass_adhesion_kpa,hg0275,229.6956787109375,231.2945556640625
MLP,31337,2,glass_adhesion_kpa,hg0276,160.2830810546875,114.45956420898438
MLP,31337,2,glass_adhesion_kpa,hg0277,100.89171600341797,88.19618225097656
MLP,31337,2,glass_adhesion_kpa,hg0278,91.04033660888672,52.608856201171875
MLP,31337,2,glass_adhesion_kpa,hg0279,127.67162322998047,125.32853698730469
MLP,31337,2,glass_adhesion_kpa,hg0280,117.31068420410156,200.4514923095703
MLP,31337,2,glass_adhesion_kpa,hg0281,155.07431030273438,120.24055480957031
MLP,31337,2,glass_adhesion_kpa,hg0282,74.50814056396484,91.64694213867188
MLP,31337,2,glass_adhesion_kpa,hg0283,101.62773895263672,166.79248046875
MLP,31337,2,glass_adhesion_kpa,hg0284,75.13092803955078,115.78536224365234
MLP,31337,2,glass_adhesion_kpa,hg0285,245.0955352783203,228.6071319580078
MLP,31337,2,glass_adhesion_kpa,hg0286,109.9504623413086,110.73482513427734
MLP,31337,2,glass_adhesion_kpa,hg0287,200.08493041992188,232.1834259033203
MLP,31337,2,glass_adhesion_kpa,hg0288,250.9837188720703,226.71673583984375
MLP,31337,2,glass_adhesion_kpa,hg0289,81.07572174072266,117.24708557128906
MLP,31337,2,glass_adhesion_kpa,hg0290,235.4706268310547,230.08592224121094
MLP,31337,2,glass_adhesion_kpa,hg0291,225.3927764892578,232.5389862060547
MLP,31337,2,glass_adhesion_kpa,hg0334,206.6525115966797,231.4522705078125
MLP,31337,2,glass_adhesion_kpa,hg0335,193.57395935058594,162.41673278808594
MLP,31337,2,glass_adhesion_kpa,hg0336,62.22222137451172,153.24021911621094
MLP,31337,2,glass_adhesion_kpa,hg0337,147.99716186523438,123.10740661621094
MLP,31337,2,glass_adhesion_kpa,hg0338,229.75230407714844,231.41844177246094
MLP,31337,2,glass_adhesion_kpa,hg0339,232.0736083984375,227.2215576171875
MLP,31337,2,glass_adhesion_kpa,hg0340,199.1224365234375,235.57763671875
Mean,31337,3,glass_adhesion_kpa,hg0274,101.34465789794922,92.6542739868164
Mean,31337,3,glass_adhesion_kpa,hg0275,229.6956787109375,92.6542739868164
Mean,31337,3,glass_adhesion_kpa,hg0276,160.2830810546875,92.6542739868164
Mean,31337,3,glass_adhesion_kpa,hg0277,100.89171600341797,92.6542739868164
Mean,31337,3,glass_adhesion_kpa,hg0278,91.04033660888672,92.6542739868164
Mean,31337,3,glass_adhesion_kpa,hg0279,127.67162322998047,92.6542739868164
Mean,31337,3,glass_adhesion_kpa,hg0280,117.31068420410156,92.6542739868164
Mean,31337,3,glass_adhesion_kpa,hg0281,155.07431030273438,92.6542739868164
Mean,31337,3,glass_adhesion_kpa,hg0282,74.50814056396484,92.6542739868164
Mean,31337,3,glass_adhesion_kpa,hg0283,101.62773895263672,92.6542739868164
Mean,31337,3,glass_adhesion_kpa,hg0284,75.13092803955078,92.6542739868164
Mean,31337,3,glass_adhesion_kpa,hg0285,245.0955352783203,92.6542739868164
Mean,31337,3,glass_adhesion_kpa,hg0286,109.9504623413086,92.6542739868164
Mean,31337,3,glass_adhesion_kpa,hg0287,200.08493041992188,92.6542739868164
Mean,31337,3,glass_adhesion_kpa,hg0288,250.9837188720703,92.6542739868164
Mean,31337,3,glass_adhesion_kpa,hg0289,81.07572174072266,92.6542739868164
Mean,31337,3,glass_adhesion_kpa,hg0290,235.4706268310547,92.6542739868164
Mean,31337,3,glass_adhesion_kpa,hg0291,225.3927764892578,92.6542739868164
Mean,31337,3,glass_adhesion_kpa,hg0334,206.6525115966797,92.6542739868164
Mean,31337,3,glass_adhesion_kpa,hg0335,193.57395935058594,92.6542739868164
Mean,31337,3,glass_adhesion_kpa,hg0336,62.22222137451172,92.6542739868164
Mean,31337,3,glass_adhesion_kpa,hg0337,147.99716186523438,92.6542739868164
Mean,31337,3,glass_adhesion_kpa,hg0338,229.75230407714844,92.6542739868164
Mean,31337,3,glass_adhesion_kpa,hg0339,232.0736083984375,92.6542739868164
Mean,31337,3,glass_adhesion_kpa,hg0340,199.1224365234375,92.6542739868164
Ridge,31337,3,glass_adhesion_kpa,hg0274,101.34465789794922,185.16619873046875
Ridge,31337,3,glass_adhesion_kpa,hg0275,229.6956787109375,233.65493774414062
Ridge,31337,3,glass_adhesion_kpa,hg0276,160.2830810546875,140.24295043945312
Ridge,31337,3,glass_adhesion_kpa,hg0277,100.89171600341797,96.42344665527344
Ridge,31337,3,glass_adhesion_kpa,hg0278,91.04033660888672,62.01859664916992
Ridge,31337,3,glass_adhesion_kpa,hg0279,127.67162322998047,148.9298095703125
Ridge,31337,3,glass_adhesion_kpa,hg0280,117.31068420410156,210.23983764648438
Ridge,31337,3,glass_adhesion_kpa,hg0281,155.07431030273438,154.0885772705078
Ridge,31337,3,glass_adhesion_kpa,hg0282,74.50814056396484,126.56656646728516
Ridge,31337,3,glass_adhesion_kpa,hg0283,101.62773895263672,187.63937377929688
Ridge,31337,3,glass_adhesion_kpa,hg0284,75.13092803955078,84.40629577636719
Ridge,31337,3,glass_adhesion_kpa,hg0285,245.0955352783203,232.73104858398438
Ridge,31337,3,glass_adhesion_kpa,hg0286,109.9504623413086,122.31195068359375
Ridge,31337,3,glass_adhesion_kpa,hg0287,200.08493041992188,235.471923828125
Ridge,31337,3,glass_adhesion_kpa,hg0288,250.9837188720703,232.7767333984375
Ridge,31337,3,glass_adhesion_kpa,hg0289,81.07572174072266,142.54513549804688
Ridge,31337,3,glass_adhesion_kpa,hg0290,235.4706268310547,234.15695190429688
Ridge,31337,3,glass_adhesion_kpa,hg0291,225.3927764892578,234.4036865234375
Ridge,31337,3,glass_adhesion_kpa,hg0334,206.6525115966797,231.72149658203125
Ridge,31337,3,glass_adhesion_kpa,hg0335,193.57395935058594,175.800048828125
Ridge,31337,3,glass_adhesion_kpa,hg0336,62.22222137451172,157.47894287109375
Ridge,31337,3,glass_adhesion_kpa,hg0337,147.99716186523438,142.40769958496094
Ridge,31337,3,glass_adhesion_kpa,hg0338,229.75230407714844,233.60482788085938
Ridge,31337,3,glass_adhesion_kpa,hg0339,232.0736083984375,231.93881225585938
Ridge,31337,3,glass_adhesion_kpa,hg0340,199.1224365234375,228.216796875
ElasticNet,31337,3,glass_adhesion_kpa,hg0274,101.34465789794922,185.00222778320312
ElasticNet,31337,3,glass_adhesion_kpa,hg0275,229.6956787109375,233.62945556640625
ElasticNet,31337,3,glass_adhesion_kpa,hg0276,160.2830810546875,139.432373046875
ElasticNet,31337,3,glass_adhesion_kpa,hg0277,100.89171600341797,95.804931640625
ElasticNet,31337,3,glass_adhesion_kpa,hg0278,91.04033660888672,61.965843200683594
ElasticNet,31337,3,glass_adhesion_kpa,hg0279,127.67162322998047,148.87301635742188
ElasticNet,31337,3,glass_adhesion_kpa,hg0280,117.31068420410156,209.72344970703125
ElasticNet,31337,3,glass_adhesion_kpa,hg0281,155.07431030273438,153.08433532714844
ElasticNet,31337,3,glass_adhesion_kpa,hg0282,74.50814056396484,125.97232818603516
ElasticNet,31337,3,glass_adhesion_kpa,hg0283,101.62773895263672,187.47802734375
ElasticNet,31337,3,glass_adhesion_kpa,hg0284,75.13092803955078,84.84735870361328
ElasticNet,31337,3,glass_adhesion_kpa,hg0285,245.0955352783203,232.6717529296875
ElasticNet,31337,3,glass_adhesion_kpa,hg0286,109.9504623413086,121.67231750488281
ElasticNet,31337,3,glass_adhesion_kpa,hg0287,200.08493041992188,235.73876953125
ElasticNet,31337,3,glass_adhesion_kpa,hg0288,250.9837188720703,232.77658081054688
ElasticNet,31337,3,glass_adhesion_kpa,hg0289,81.07572174072266,142.45718383789062
ElasticNet,31337,3,glass_adhesion_kpa,hg0290,235.4706268310547,234.1885986328125
ElasticNet,31337,3,glass_adhesion_kpa,hg0291,225.3927764892578,234.49288940429688
ElasticNet,31337,3,glass_adhesion_kpa,hg0334,206.6525115966797,231.55941772460938
ElasticNet,31337,3,glass_adhesion_kpa,hg0335,193.57395935058594,175.06027221679688
ElasticNet,31337,3,glass_adhesion_kpa,hg0336,62.22222137451172,158.81788635253906
ElasticNet,31337,3,glass_adhesion_kpa,hg0337,147.99716186523438,142.50413513183594
ElasticNet,31337,3,glass_adhesion_kpa,hg0338,229.75230407714844,233.57583618164062
ElasticNet,31337,3,glass_adhesion_kpa,hg0339,232.0736083984375,231.86932373046875
ElasticNet,31337,3,glass_adhesion_kpa,hg0340,199.1224365234375,228.78182983398438
KNN,31337,3,glass_adhesion_kpa,hg0274,101.34465789794922,183.03403249757613
KNN,31337,3,glass_adhesion_kpa,hg0275,229.6956787109375,291.049439827776
KNN,31337,3,glass_adhesion_kpa,hg0276,160.2830810546875,125.53933423867808
KNN,31337,3,glass_adhesion_kpa,hg0277,100.89171600341797,85.91723872459504
KNN,31337,3,glass_adhesion_kpa,hg0278,91.04033660888672,95.41413050069603
KNN,31337,3,glass_adhesion_kpa,hg0279,127.67162322998047,102.43934648299756
KNN,31337,3,glass_adhesion_kpa,hg0280,117.31068420410156,188.68462311364053
KNN,31337,3,glass_adhesion_kpa,hg0281,155.07431030273438,144.4616707674714
KNN,31337,3,glass_adhesion_kpa,hg0282,74.50814056396484,108.7973831761177
KNN,31337,3,glass_adhesion_kpa,hg0283,101.62773895263672,184.39315040050596
KNN,31337,3,glass_adhesion_kpa,hg0284,75.13092803955078,84.14149900418943
KNN,31337,3,glass_adhesion_kpa,hg0285,245.0955352783203,281.1336352896004
KNN,31337,3,glass_adhesion_kpa,hg0286,109.9504623413086,109.58722648502396
KNN,31337,3,glass_adhesion_kpa,hg0287,200.08493041992188,235.3779576168524
KNN,31337,3,glass_adhesion_kpa,hg0288,250.9837188720703,253.11967861285362
KNN,31337,3,glass_adhesion_kpa,hg0289,81.07572174072266,94.14544458743072
KNN,31337,3,glass_adhesion_kpa,hg0290,235.4706268310547,278.4651569228545
KNN,31337,3,glass_adhesion_kpa,hg0291,225.3927764892578,273.80902553191913
KNN,31337,3,glass_adhesion_kpa,hg0334,206.6525115966797,291.20447640455586
KNN,31337,3,glass_adhesion_kpa,hg0335,193.57395935058594,155.51401886919984
KNN,31337,3,glass_adhesion_kpa,hg0336,62.22222137451172,190.22404639766407
KNN,31337,3,glass_adhesion_kpa,hg0337,147.99716186523438,163.37082954210754
KNN,31337,3,glass_adhesion_kpa,hg0338,229.75230407714844,285.65621227840444
KNN,31337,3,glass_adhesion_kpa,hg0339,232.0736083984375,248.35519350653067
KNN,31337,3,glass_adhesion_kpa,hg0340,199.1224365234375,244.81044846140088
SVR-RBF,31337,3,glass_adhesion_kpa,hg0274,101.34465789794922,164.22629738871092
SVR-RBF,31337,3,glass_adhesion_kpa,hg0275,229.6956787109375,243.27578106424198
SVR-RBF,31337,3,glass_adhesion_kpa,hg0276,160.2830810546875,108.01780079005593
SVR-RBF,31337,3,glass_adhesion_kpa,hg0277,100.89171600341797,92.51195778228669
SVR-RBF,31337,3,glass_adhesion_kpa,hg0278,91.04033660888672,70.20190154622433
SVR-RBF,31337,3,glass_adhesion_kpa,hg0279,127.67162322998047,105.2430744484653
SVR-RBF,31337,3,glass_adhesion_kpa,hg0280,117.31068420410156,198.45208135917505
SVR-RBF,31337,3,glass_adhesion_kpa,hg0281,155.07431030273438,130.73732255125006
SVR-RBF,31337,3,glass_adhesion_kpa,hg0282,74.50814056396484,113.33979196635784
SVR-RBF,31337,3,glass_adhesion_kpa,hg0283,101.62773895263672,167.05617474574456
SVR-RBF,31337,3,glass_adhesion_kpa,hg0284,75.13092803955078,55.468415494826
SVR-RBF,31337,3,glass_adhesion_kpa,hg0285,245.0955352783203,243.09528009110227
SVR-RBF,31337,3,glass_adhesion_kpa,hg0286,109.9504623413086,82.11515437761062
SVR-RBF,31337,3,glass_adhesion_kpa,hg0287,200.08493041992188,241.2426222461773
SVR-RBF,31337,3,glass_adhesion_kpa,hg0288,250.9837188720703,241.59097330055118
SVR-RBF,31337,3,glass_adhesion_kpa,hg0289,81.07572174072266,94.08077513228669
SVR-RBF,31337,3,glass_adhesion_kpa,hg0290,235.4706268310547,244.0087801043117
SVR-RBF,31337,3,glass_adhesion_kpa,hg0291,225.3927764892578,242.69865066253777
SVR-RBF,31337,3,glass_adhesion_kpa,hg0334,206.6525115966797,237.8868931244262
SVR-RBF,31337,3,glass_adhesion_kpa,hg0335,193.57395935058594,159.38535527961665
SVR-RBF,31337,3,glass_adhesion_kpa,hg0336,62.22222137451172,195.71605585697324
SVR-RBF,31337,3,glass_adhesion_kpa,hg0337,147.99716186523438,140.420392584872
SVR-RBF,31337,3,glass_adhesion_kpa,hg0338,229.75230407714844,243.0754515060708
SVR-RBF,31337,3,glass_adhesion_kpa,hg0339,232.0736083984375,241.8160079837803
SVR-RBF,31337,3,glass_adhesion_kpa,hg0340,199.1224365234375,221.93753453348558
RandomForest,31337,3,glass_adhesion_kpa,hg0274,101.34465789794922,183.4413663587899
RandomForest,31337,3,glass_adhesion_kpa,hg0275,229.6956787109375,275.78559647132613
RandomForest,31337,3,glass_adhesion_kpa,hg0276,160.2830810546875,133.02631839522
RandomForest,31337,3,glass_adhesion_kpa,hg0277,100.89171600341797,98.72254235020999
RandomForest,31337,3,glass_adhesion_kpa,hg0278,91.04033660888672,87.7679484839275
RandomForest,31337,3,glass_adhesion_kpa,hg0279,127.67162322998047,130.13895605942298
RandomForest,31337,3,glass_adhesion_kpa,hg0280,117.31068420410156,182.163615349079
RandomForest,31337,3,glass_adhesion_kpa,hg0281,155.07431030273438,136.1399817325329
RandomForest,31337,3,glass_adhesion_kpa,hg0282,74.50814056396484,116.78106360961651
RandomForest,31337,3,glass_adhesion_kpa,hg0283,101.62773895263672,184.73918712747508
RandomForest,31337,3,glass_adhesion_kpa,hg0284,75.13092803955078,86.20203494466584
RandomForest,31337,3,glass_adhesion_kpa,hg0285,245.0955352783203,255.0894166196626
RandomForest,31337,3,glass_adhesion_kpa,hg0286,109.9504623413086,110.35689803616754
RandomForest,31337,3,glass_adhesion_kpa,hg0287,200.08493041992188,246.22897395693022
RandomForest,31337,3,glass_adhesion_kpa,hg0288,250.9837188720703,253.21636629301926
RandomForest,31337,3,glass_adhesion_kpa,hg0289,81.07572174072266,127.61047431156553
RandomForest,31337,3,glass_adhesion_kpa,hg0290,235.4706268310547,271.79123327847185
RandomForest,31337,3,glass_adhesion_kpa,hg0291,225.3927764892578,269.3649222327923
RandomForest,31337,3,glass_adhesion_kpa,hg0334,206.6525115966797,283.1686441671437
RandomForest,31337,3,glass_adhesion_kpa,hg0335,193.57395935058594,143.15101601173137
RandomForest,31337,3,glass_adhesion_kpa,hg0336,62.22222137451172,140.74970918112788
RandomForest,31337,3,glass_adhesion_kpa,hg0337,147.99716186523438,153.59843848919047
RandomForest,31337,3,glass_adhesion_kpa,hg0338,229.75230407714844,274.2224955907361
RandomForest,31337,3,glass_adhesion_kpa,hg0339,232.0736083984375,247.0413521812702
RandomForest,31337,3,glass_adhesion_kpa,hg0340,199.1224365234375,222.1569388503042
HistGB,31337,3,glass_adhesion_kpa,hg0274,101.34465789794922,176.30030045604036
HistGB,31337,3,glass_adhesion_kpa,hg0275,229.6956787109375,283.6298452538886
HistGB,31337,3,glass_adhesion_kpa,hg0276,160.2830810546875,100.35743014753628
HistGB,31337,3,glass_adhesion_kpa,hg0277,100.89171600341797,107.58915959926358
HistGB,31337,3,glass_adhesion_kpa,hg0278,91.04033660888672,116.30613146230368
HistGB,31337,3,glass_adhesion_kpa,hg0279,127.67162322998047,149.3218587979723
HistGB,31337,3,glass_adhesion_kpa,hg0280,117.31068420410156,186.41678488881743
HistGB,31337,3,glass_adhesion_kpa,hg0281,155.07431030273438,76.85066276295292
HistGB,31337,3,glass_adhesion_kpa,hg0282,74.50814056396484,107.86755085952595
HistGB,31337,3,glass_adhesion_kpa,hg0283,101.62773895263672,188.48274575298706
HistGB,31337,3,glass_adhesion_kpa,hg0284,75.13092803955078,64.78397627021216
HistGB,31337,3,glass_adhesion_kpa,hg0285,245.0955352783203,259.3674247562965
HistGB,31337,3,glass_adhesion_kpa,hg0286,109.9504623413086,87.52369234280985
HistGB,31337,3,glass_adhesion_kpa,hg0287,200.08493041992188,256.26537911188
HistGB,31337,3,glass_adhesion_kpa,hg0288,250.9837188720703,261.3226941545659
HistGB,31337,3,glass_adhesion_kpa,hg0289,81.07572174072266,132.21211600603962
HistGB,31337,3,glass_adhesion_kpa,hg0290,235.4706268310547,271.07648830867794
HistGB,31337,3,glass_adhesion_kpa,hg0291,225.3927764892578,259.2088209390535
HistGB,31337,3,glass_adhesion_kpa,hg0334,206.6525115966797,299.04674251251686
HistGB,31337,3,glass_adhesion_kpa,hg0335,193.57395935058594,174.71123704993803
HistGB,31337,3,glass_adhesion_kpa,hg0336,62.22222137451172,178.0328813267955
HistGB,31337,3,glass_adhesion_kpa,hg0337,147.99716186523438,175.14243424439044
HistGB,31337,3,glass_adhesion_kpa,hg0338,229.75230407714844,284.43696773719205
HistGB,31337,3,glass_adhesion_kpa,hg0339,232.0736083984375,262.89173901364666
HistGB,31337,3,glass_adhesion_kpa,hg0340,199.1224365234375,200.8134725973408
MLP,31337,3,glass_adhesion_kpa,hg0274,101.34465789794922,185.5228271484375
MLP,31337,3,glass_adhesion_kpa,hg0275,229.6956787109375,230.04116821289062
MLP,31337,3,glass_adhesion_kpa,hg0276,160.2830810546875,122.03964233398438
MLP,31337,3,glass_adhesion_kpa,hg0277,100.89171600341797,61.704933166503906
MLP,31337,3,glass_adhesion_kpa,hg0278,91.04033660888672,50.696006774902344
MLP,31337,3,glass_adhesion_kpa,hg0279,127.67162322998047,114.06771087646484
MLP,31337,3,glass_adhesion_kpa,hg0280,117.31068420410156,203.32589721679688
MLP,31337,3,glass_adhesion_kpa,hg0281,155.07431030273438,124.71507263183594
MLP,31337,3,glass_adhesion_kpa,hg0282,74.50814056396484,82.8150634765625
MLP,31337,3,glass_adhesion_kpa,hg0283,101.62773895263672,187.5165252685547
MLP,31337,3,glass_adhesion_kpa,hg0284,75.13092803955078,128.74386596679688
MLP,31337,3,glass_adhesion_kpa,hg0285,245.0955352783203,226.9536590576172
MLP,31337,3,glass_adhesion_kpa,hg0286,109.9504623413086,115.66976928710938
MLP,31337,3,glass_adhesion_kpa,hg0287,200.08493041992188,233.5967559814453
MLP,31337,3,glass_adhesion_kpa,hg0288,250.9837188720703,225.83926391601562
MLP,31337,3,glass_adhesion_kpa,hg0289,81.07572174072266,110.97447967529297
MLP,31337,3,glass_adhesion_kpa,hg0290,235.4706268310547,229.53553771972656
MLP,31337,3,glass_adhesion_kpa,hg0291,225.3927764892578,232.35687255859375
MLP,31337,3,glass_adhesion_kpa,hg0334,206.6525115966797,228.67027282714844
MLP,31337,3,glass_adhesion_kpa,hg0335,193.57395935058594,156.7427215576172
MLP,31337,3,glass_adhesion_kpa,hg0336,62.22222137451172,179.36610412597656
MLP,31337,3,glass_adhesion_kpa,hg0337,147.99716186523438,141.6992645263672
MLP,31337,3,glass_adhesion_kpa,hg0338,229.75230407714844,230.11985778808594
MLP,31337,3,glass_adhesion_kpa,hg0339,232.0736083984375,225.35403442382812
MLP,31337,3,glass_adhesion_kpa,hg0340,199.1224365234375,237.19122314453125
Mean,31337,4,glass_adhesion_kpa,hg0274,101.34465789794922,92.7408676147461
Mean,31337,4,glass_adhesion_kpa,hg0275,229.6956787109375,92.7408676147461
Mean,31337,4,glass_adhesion_kpa,hg0276,160.2830810546875,92.7408676147461
Mean,31337,4,glass_adhesion_kpa,hg0277,100.89171600341797,92.7408676147461
Mean,31337,4,glass_adhesion_kpa,hg0278,91.04033660888672,92.7408676147461
Mean,31337,4,glass_adhesion_kpa,hg0279,127.67162322998047,92.7408676147461
Mean,31337,4,glass_adhesion_kpa,hg0280,117.31068420410156,92.7408676147461
Mean,31337,4,glass_adhesion_kpa,hg0281,155.07431030273438,92.7408676147461
Mean,31337,4,glass_adhesion_kpa,hg0282,74.50814056396484,92.7408676147461
Mean,31337,4,glass_adhesion_kpa,hg0283,101.62773895263672,92.7408676147461
Mean,31337,4,glass_adhesion_kpa,hg0284,75.13092803955078,92.7408676147461
Mean,31337,4,glass_adhesion_kpa,hg0285,245.0955352783203,92.7408676147461
Mean,31337,4,glass_adhesion_kpa,hg0286,109.9504623413086,92.7408676147461
Mean,31337,4,glass_adhesion_kpa,hg0287,200.08493041992188,92.7408676147461
Mean,31337,4,glass_adhesion_kpa,hg0288,250.9837188720703,92.7408676147461
Mean,31337,4,glass_adhesion_kpa,hg0289,81.07572174072266,92.7408676147461
Mean,31337,4,glass_adhesion_kpa,hg0290,235.4706268310547,92.7408676147461
Mean,31337,4,glass_adhesion_kpa,hg0291,225.3927764892578,92.7408676147461
Mean,31337,4,glass_adhesion_kpa,hg0334,206.6525115966797,92.7408676147461
Mean,31337,4,glass_adhesion_kpa,hg0335,193.57395935058594,92.7408676147461
Mean,31337,4,glass_adhesion_kpa,hg0336,62.22222137451172,92.7408676147461
Mean,31337,4,glass_adhesion_kpa,hg0337,147.99716186523438,92.7408676147461
Mean,31337,4,glass_adhesion_kpa,hg0338,229.75230407714844,92.7408676147461
Mean,31337,4,glass_adhesion_kpa,hg0339,232.0736083984375,92.7408676147461
Mean,31337,4,glass_adhesion_kpa,hg0340,199.1224365234375,92.7408676147461
Ridge,31337,4,glass_adhesion_kpa,hg0274,101.34465789794922,174.17572021484375
Ridge,31337,4,glass_adhesion_kpa,hg0275,229.6956787109375,224.16192626953125
Ridge,31337,4,glass_adhesion_kpa,hg0276,160.2830810546875,132.8032989501953
Ridge,31337,4,glass_adhesion_kpa,hg0277,100.89171600341797,93.31938171386719
Ridge,31337,4,glass_adhesion_kpa,hg0278,91.04033660888672,50.73546600341797
Ridge,31337,4,glass_adhesion_kpa,hg0279,127.67162322998047,140.87071228027344
Ridge,31337,4,glass_adhesion_kpa,hg0280,117.31068420410156,201.5997772216797
Ridge,31337,4,glass_adhesion_kpa,hg0281,155.07431030273438,147.002197265625
Ridge,31337,4,glass_adhesion_kpa,hg0282,74.50814056396484,119.2493896484375
Ridge,31337,4,glass_adhesion_kpa,hg0283,101.62773895263672,176.59814453125
Ridge,31337,4,glass_adhesion_kpa,hg0284,75.13092803955078,82.68246459960938
Ridge,31337,4,glass_adhesion_kpa,hg0285,245.0955352783203,225.51763916015625
Ridge,31337,4,glass_adhesion_kpa,hg0286,109.9504623413086,115.58135986328125
Ridge,31337,4,glass_adhesion_kpa,hg0287,200.08493041992188,221.6934814453125
Ridge,31337,4,glass_adhesion_kpa,hg0288,250.9837188720703,225.52740478515625
Ridge,31337,4,glass_adhesion_kpa,hg0289,81.07572174072266,132.66046142578125
Ridge,31337,4,glass_adhesion_kpa,hg0290,235.4706268310547,224.54818725585938
Ridge,31337,4,glass_adhesion_kpa,hg0291,225.3927764892578,222.71450805664062
Ridge,31337,4,glass_adhesion_kpa,hg0334,206.6525115966797,223.51513671875
Ridge,31337,4,glass_adhesion_kpa,hg0335,193.57395935058594,173.4590606689453
Ridge,31337,4,glass_adhesion_kpa,hg0336,62.22222137451172,138.44972229003906
Ridge,31337,4,glass_adhesion_kpa,hg0337,147.99716186523438,135.31227111816406
Ridge,31337,4,glass_adhesion_kpa,hg0338,229.75230407714844,224.07203674316406
Ridge,31337,4,glass_adhesion_kpa,hg0339,232.0736083984375,225.83731079101562
Ridge,31337,4,glass_adhesion_kpa,hg0340,199.1224365234375,210.60052490234375
ElasticNet,31337,4,glass_adhesion_kpa,hg0274,101.34465789794922,174.16650390625
ElasticNet,31337,4,glass_adhesion_kpa,hg0275,229.6956787109375,224.1676025390625
ElasticNet,31337,4,glass_adhesion_kpa,hg0276,160.2830810546875,132.94300842285156
ElasticNet,31337,4,glass_adhesion_kpa,hg0277,100.89171600341797,93.31515502929688
ElasticNet,31337,4,glass_adhesion_kpa,hg0278,91.04033660888672,50.77008819580078
ElasticNet,31337,4,glass_adhesion_kpa,hg0279,127.67162322998047,140.91546630859375
ElasticNet,31337,4,glass_adhesion_kpa,hg0280,117.31068420410156,201.67904663085938
ElasticNet,31337,4,glass_adhesion_kpa,hg0281,155.07431030273438,147.157958984375
ElasticNet,31337,4,glass_adhesion_kpa,hg0282,74.50814056396484,119.33296203613281
ElasticNet,31337,4,glass_adhesion_kpa,hg0283,101.62773895263672,176.58917236328125
ElasticNet,31337,4,glass_adhesion_kpa,hg0284,75.13092803955078,82.64228820800781
ElasticNet,31337,4,glass_adhesion_kpa,hg0285,245.0955352783203,225.5346221923828
ElasticNet,31337,4,glass_adhesion_kpa,hg0286,109.9504623413086,115.71125030517578
ElasticNet,31337,4,glass_adhesion_kpa,hg0287,200.08493041992188,221.63552856445312
ElasticNet,31337,4,glass_adhesion_kpa,hg0288,250.9837188720703,225.5339813232422
ElasticNet,31337,4,glass_adhesion_kpa,hg0289,81.07572174072266,132.7138671875
ElasticNet,31337,4,glass_adhesion_kpa,hg0290,235.4706268310547,224.54348754882812
ElasticNet,31337,4,glass_adhesion_kpa,hg0291,225.3927764892578,222.6943359375
ElasticNet,31337,4,glass_adhesion_kpa,hg0334,206.6525115966797,223.54745483398438
ElasticNet,31337,4,glass_adhesion_kpa,hg0335,193.57395935058594,173.57571411132812
ElasticNet,31337,4,glass_adhesion_kpa,hg0336,62.22222137451172,138.1216278076172
ElasticNet,31337,4,glass_adhesion_kpa,hg0337,147.99716186523438,135.2989044189453
ElasticNet,31337,4,glass_adhesion_kpa,hg0338,229.75230407714844,224.07823181152344
ElasticNet,31337,4,glass_adhesion_kpa,hg0339,232.0736083984375,225.85853576660156
ElasticNet,31337,4,glass_adhesion_kpa,hg0340,199.1224365234375,210.47747802734375
KNN,31337,4,glass_adhesion_kpa,hg0274,101.34465789794922,162.5148449757202
KNN,31337,4,glass_adhesion_kpa,hg0275,229.6956787109375,275.8467047463748
KNN,31337,4,glass_adhesion_kpa,hg0276,160.2830810546875,122.81368160342936
KNN,31337,4,glass_adhesion_kpa,hg0277,100.89171600341797,93.56376734633125
KNN,31337,4,glass_adhesion_kpa,hg0278,91.04033660888672,91.33342703650365
KNN,31337,4,glass_adhesion_kpa,hg0279,127.67162322998047,122.8625876717779
KNN,31337,4,glass_adhesion_kpa,hg0280,117.31068420410156,210.06562722223555
KNN,31337,4,glass_adhesion_kpa,hg0281,155.07431030273438,153.89120951729268
KNN,31337,4,glass_adhesion_kpa,hg0282,74.50814056396484,109.517987705927
KNN,31337,4,glass_adhesion_kpa,hg0283,101.62773895263672,163.5620643521519
KNN,31337,4,glass_adhesion_kpa,hg0284,75.13092803955078,87.03853217011651
KNN,31337,4,glass_adhesion_kpa,hg0285,245.0955352783203,273.8595179082808
KNN,31337,4,glass_adhesion_kpa,hg0286,109.9504623413086,116.68861554947293
KNN,31337,4,glass_adhesion_kpa,hg0287,200.08493041992188,248.1782006582945
KNN,31337,4,glass_adhesion_kpa,hg0288,250.9837188720703,272.99683073252885
KNN,31337,4,glass_adhesion_kpa,hg0289,81.07572174072266,94.4011901205755
KNN,31337,4,glass_adhesion_kpa,hg0290,235.4706268310547,273.32272112118585
KNN,31337,4,glass_adhesion_kpa,hg0291,225.3927764892578,264.2292094739526
KNN,31337,4,glass_adhesion_kpa,hg0334,206.6525115966797,283.04639168528337
KNN,31337,4,glass_adhesion_kpa,hg0335,193.57395935058594,164.4576130212759
KNN,31337,4,glass_adhesion_kpa,hg0336,62.22222137451172,169.49529681799706
KNN,31337,4,glass_adhesion_kpa,hg0337,147.99716186523438,147.44127855609557
KNN,31337,4,glass_adhesion_kpa,hg0338,229.75230407714844,276.747162966992
KNN,31337,4,glass_adhesion_kpa,hg0339,232.0736083984375,271.20449414819234
KNN,31337,4,glass_adhesion_kpa,hg0340,199.1224365234375,249.84619393689928
SVR-RBF,31337,4,glass_adhesion_kpa,hg0274,101.34465789794922,135.01200355957275
SVR-RBF,31337,4,glass_adhesion_kpa,hg0275,229.6956787109375,239.69593481637645
SVR-RBF,31337,4,glass_adhesion_kpa,hg0276,160.2830810546875,86.90245097468431
SVR-RBF,31337,4,glass_adhesion_kpa,hg0277,100.89171600341797,88.00118441783775
SVR-RBF,31337,4,glass_adhesion_kpa,hg0278,91.04033660888672,40.83137113000718
SVR-RBF,31337,4,glass_adhesion_kpa,hg0279,127.67162322998047,92.37136888282978
SVR-RBF,31337,4,glass_adhesion_kpa,hg0280,117.31068420410156,195.69908250380092
SVR-RBF,31337,4,glass_adhesion_kpa,hg0281,155.07431030273438,121.64774855838266
SVR-RBF,31337,4,glass_adhesion_kpa,hg0282,74.50814056396484,110.85030692126463
SVR-RBF,31337,4,glass_adhesion_kpa,hg0283,101.62773895263672,138.57851826557769
SVR-RBF,31337,4,glass_adhesion_kpa,hg0284,75.13092803955078,40.54282523654667
SVR-RBF,31337,4,glass_adhesion_kpa,hg0285,245.0955352783203,240.63251121700733
SVR-RBF,31337,4,glass_adhesion_kpa,hg0286,109.9504623413086,64.78130156558103
SVR-RBF,31337,4,glass_adhesion_kpa,hg0287,200.08493041992188,220.0437756577706
SVR-RBF,31337,4,glass_adhesion_kpa,hg0288,250.9837188720703,234.8891551760874
SVR-RBF,31337,4,glass_adhesion_kpa,hg0289,81.07572174072266,83.74429709230665
SVR-RBF,31337,4,glass_adhesion_kpa,hg0290,235.4706268310547,236.07211770467904
SVR-RBF,31337,4,glass_adhesion_kpa,hg0291,225.3927764892578,233.24177915325328
SVR-RBF,31337,4,glass_adhesion_kpa,hg0334,206.6525115966797,242.37741004867746
SVR-RBF,31337,4,glass_adhesion_kpa,hg0335,193.57395935058594,154.21256375008238
SVR-RBF,31337,4,glass_adhesion_kpa,hg0336,62.22222137451172,131.88395348984272
SVR-RBF,31337,4,glass_adhesion_kpa,hg0337,147.99716186523438,125.8257013202346
SVR-RBF,31337,4,glass_adhesion_kpa,hg0338,229.75230407714844,239.8057027855088
SVR-RBF,31337,4,glass_adhesion_kpa,hg0339,232.0736083984375,239.914838974695
SVR-RBF,31337,4,glass_adhesion_kpa,hg0340,199.1224365234375,202.52303325411825
RandomForest,31337,4,glass_adhesion_kpa,hg0274,101.34465789794922,177.36927552364043
RandomForest,31337,4,glass_adhesion_kpa,hg0275,229.6956787109375,285.00273338350064
RandomForest,31337,4,glass_adhesion_kpa,hg0276,160.2830810546875,133.21914628286402
RandomForest,31337,4,glass_adhesion_kpa,hg0277,100.89171600341797,93.95122465302673
RandomForest,31337,4,glass_adhesion_kpa,hg0278,91.04033660888672,85.63495724563357
RandomForest,31337,4,glass_adhesion_kpa,hg0279,127.67162322998047,122.77125336852255
RandomForest,31337,4,glass_adhesion_kpa,hg0280,117.31068420410156,177.61055449795623
RandomForest,31337,4,glass_adhesion_kpa,hg0281,155.07431030273438,139.15176154792562
RandomForest,31337,4,glass_adhesion_kpa,hg0282,74.50814056396484,109.13512575475475
RandomForest,31337,4,glass_adhesion_kpa,hg0283,101.62773895263672,179.1086394072585
RandomForest,31337,4,glass_adhesion_kpa,hg0284,75.13092803955078,79.5289075042628
RandomForest,31337,4,glass_adhesion_kpa,hg0285,245.0955352783203,272.23377726752045
RandomForest,31337,4,glass_adhesion_kpa,hg0286,109.9504623413086,104.33604902154785
RandomForest,31337,4,glass_adhesion_kpa,hg0287,200.08493041992188,244.39511147028284
RandomForest,31337,4,glass_adhesion_kpa,hg0288,250.9837188720703,262.03815663011767
RandomForest,31337,4,glass_adhesion_kpa,hg0289,81.07572174072266,120.12147600841925
RandomForest,31337,4,glass_adhesion_kpa,hg0290,235.4706268310547,274.9542663831751
RandomForest,31337,4,glass_adhesion_kpa,hg0291,225.3927764892578,271.2306779306146
RandomForest,31337,4,glass_adhesion_kpa,hg0334,206.6525115966797,285.66493711189884
RandomForest,31337,4,glass_adhesion_kpa,hg0335,193.57395935058594,147.39803094099344
RandomForest,31337,4,glass_adhesion_kpa,hg0336,62.22222137451172,120.7516706170915
RandomForest,31337,4,glass_adhesion_kpa,hg0337,147.99716186523438,149.38751400975738
RandomForest,31337,4,glass_adhesion_kpa,hg0338,229.75230407714844,285.5206490689692
RandomForest,31337,4,glass_adhesion_kpa,hg0339,232.0736083984375,272.3873845353911
RandomForest,31337,4,glass_adhesion_kpa,hg0340,199.1224365234375,216.9924263290212
HistGB,31337,4,glass_adhesion_kpa,hg0274,101.34465789794922,143.07033209565375
HistGB,31337,4,glass_adhesion_kpa,hg0275,229.6956787109375,284.2714762960526
HistGB,31337,4,glass_adhesion_kpa,hg0276,160.2830810546875,146.34453855086883
HistGB,31337,4,glass_adhesion_kpa,hg0277,100.89171600341797,106.64867517903778
HistGB,31337,4,glass_adhesion_kpa,hg0278,91.04033660888672,94.22687070940253
HistGB,31337,4,glass_adhesion_kpa,hg0279,127.67162322998047,129.70466870327408
HistGB,31337,4,glass_adhesion_kpa,hg0280,117.31068420410156,204.17776462206848
HistGB,31337,4,glass_adhesion_kpa,hg0281,155.07431030273438,145.00690310562192
HistGB,31337,4,glass_adhesion_kpa,hg0282,74.50814056396484,121.99216253727403
HistGB,31337,4,glass_adhesion_kpa,hg0283,101.62773895263672,150.29476224496716
HistGB,31337,4,glass_adhesion_kpa,hg0284,75.13092803955078,74.30562325780272
HistGB,31337,4,glass_adhesion_kpa,hg0285,245.0955352783203,277.22586446641554
HistGB,31337,4,glass_adhesion_kpa,hg0286,109.9504623413086,117.3354551619424
HistGB,31337,4,glass_adhesion_kpa,hg0287,200.08493041992188,239.53448679020244
HistGB,31337,4,glass_adhesion_kpa,hg0288,250.9837188720703,243.89719919300083
HistGB,31337,4,glass_adhesion_kpa,hg0289,81.07572174072266,120.53862807895632
HistGB,31337,4,glass_adhesion_kpa,hg0290,235.4706268310547,253.6739384505585
HistGB,31337,4,glass_adhesion_kpa,hg0291,225.3927764892578,267.30449509004285
HistGB,31337,4,glass_adhesion_kpa,hg0334,206.6525115966797,287.3256574907745
HistGB,31337,4,glass_adhesion_kpa,hg0335,193.57395935058594,137.93963747317122
HistGB,31337,4,glass_adhesion_kpa,hg0336,62.22222137451172,115.66772848489957
HistGB,31337,4,glass_adhesion_kpa,hg0337,147.99716186523438,172.6318671335626
HistGB,31337,4,glass_adhesion_kpa,hg0338,229.75230407714844,282.8423727320522
HistGB,31337,4,glass_adhesion_kpa,hg0339,232.0736083984375,267.0946915815097
HistGB,31337,4,glass_adhesion_kpa,hg0340,199.1224365234375,191.95323605320175
MLP,31337,4,glass_adhesion_kpa,hg0274,101.34465789794922,173.3662109375
MLP,31337,4,glass_adhesion_kpa,hg0275,229.6956787109375,234.89105224609375
MLP,31337,4,glass_adhesion_kpa,hg0276,160.2830810546875,138.7764129638672
MLP,31337,4,glass_adhesion_kpa,hg0277,100.89171600341797,76.77822875976562
MLP,31337,4,glass_adhesion_kpa,hg0278,91.04033660888672,62.85333251953125
MLP,31337,4,glass_adhesion_kpa,hg0279,127.67162322998047,149.514404296875
MLP,31337,4,glass_adhesion_kpa,hg0280,117.31068420410156,220.69029235839844
MLP,31337,4,glass_adhesion_kpa,hg0281,155.07431030273438,149.95396423339844
MLP,31337,4,glass_adhesion_kpa,hg0282,74.50814056396484,87.82854461669922
MLP,31337,4,glass_adhesion_kpa,hg0283,101.62773895263672,175.440185546875
MLP,31337,4,glass_adhesion_kpa,hg0284,75.13092803955078,151.10748291015625
MLP,31337,4,glass_adhesion_kpa,hg0285,245.0955352783203,230.05084228515625
MLP,31337,4,glass_adhesion_kpa,hg0286,109.9504623413086,133.72891235351562
MLP,31337,4,glass_adhesion_kpa,hg0287,200.08493041992188,232.15866088867188
MLP,31337,4,glass_adhesion_kpa,hg0288,250.9837188720703,226.35076904296875
MLP,31337,4,glass_adhesion_kpa,hg0289,81.07572174072266,129.93275451660156
MLP,31337,4,glass_adhesion_kpa,hg0290,235.4706268310547,231.20875549316406
MLP,31337,4,glass_adhesion_kpa,hg0291,225.3927764892578,235.97161865234375
MLP,31337,4,glass_adhesion_kpa,hg0334,206.6525115966797,239.3274688720703
MLP,31337,4,glass_adhesion_kpa,hg0335,193.57395935058594,199.7774658203125
MLP,31337,4,glass_adhesion_kpa,hg0336,62.22222137451172,167.64828491210938
MLP,31337,4,glass_adhesion_kpa,hg0337,147.99716186523438,152.9679412841797
MLP,31337,4,glass_adhesion_kpa,hg0338,229.75230407714844,235.28504943847656
MLP,31337,4,glass_adhesion_kpa,hg0339,232.0736083984375,228.23350524902344
MLP,31337,4,glass_adhesion_kpa,hg0340,199.1224365234375,245.4173126220703
