seed,fold,epoch,train_loss,val_loss
42,0,0,0.3874978870153427,0.4363264739513397
42,0,1,0.4213174031330989,0.43242713809013367
42,0,2,0.38921671647291917,0.42707952857017517
42,0,3,0.3929948302415701,0.42077216506004333
42,0,4,0.3879122550670917,0.4128136932849884
42,0,5,0.3998344626564246,0.4041386842727661
42,0,6,0.39411869186621445,0.3943200409412384
42,0,7,0.39372041019109577,0.38402536511421204
42,0,8,0.39701221080926746,0.3725685477256775
42,0,9,0.36852889450696796,0.3598356246948242
42,0,10,0.3446793258190155,0.34748575091362
42,0,11,0.39200718242388505,0.3358791470527649
42,0,12,0.37393636199144215,0.32386088371276855
42,0,13,0.3292717601244266,0.3108363151550293
42,0,14,0.37156466566599333,0.2969974875450134
42,0,15,0.3925958275794983,0.2831599712371826
42,0,16,0.3249510389107924,0.2712530493736267
42,0,17,0.3160799810519585,0.2576582133769989
42,0,18,0.33351365419534534,0.24470892548561096
42,0,19,0.2969369487120555,0.23012535274028778
42,0,20,0.2850325944331976,0.21667800843715668
42,0,21,0.25386809786924946,0.20418566465377808
42,0,22,0.31161361588881564,0.1964886486530304
42,0,23,0.28348451738174146,0.18791291117668152
42,0,24,0.26629580328097713,0.18380005657672882
42,0,25,0.27060968371538013,0.1816350221633911
42,0,26,0.26787724517858946,0.18142841756343842
42,0,27,0.23467694681424361,0.18016090989112854
42,0,28,0.23132974482499635,0.17834852635860443
42,0,29,0.28421879043945897,0.18157728016376495
42,0,30,0.22326295994795287,0.18577030301094055
42,0,31,0.23035108527311912,0.1925922930240631
42,0,32,0.18221563330063453,0.187992662191391
42,0,33,0.20507439684409362,0.1856275349855423
42,0,34,0.20360733797917,0.18960559368133545
42,0,35,0.21379860146687582,0.1800810694694519
42,0,36,0.19576297241907853,0.17565390467643738
42,0,37,0.18608123522538406,0.16711024940013885
42,0,38,0.1935423773068648,0.16656461358070374
42,0,39,0.209977748302313,0.17110319435596466
42,0,40,0.18755532743839118,0.17001989483833313
42,0,41,0.1625609019627938,0.16449187695980072
42,0,42,0.17137940629170492,0.16237424314022064
42,0,43,0.15004866742170775,0.15783515572547913
42,0,44,0.17005870262017617,0.15334297716617584
42,0,45,0.14521900965617254,0.1465466469526291
42,0,46,0.1685379883990838,0.1492188274860382
42,0,47,0.17049631705650917,0.1474098265171051
42,0,48,0.1516970441891597,0.14975878596305847
42,0,49,0.15985460464770979,0.14366097748279572
42,0,50,0.16381529088203722,0.13889670372009277
42,0,51,0.1646205588028981,0.14687253534793854
42,0,52,0.15284103670945534,0.13507674634456635
42,0,53,0.1621611611201213,0.13590265810489655
42,0,54,0.13301096598689371,0.1483992040157318
42,0,55,0.14148247012725243,0.1463795304298401
42,0,56,0.1567569592824349,0.1383485347032547
42,0,57,0.1512142987205432,0.13638544082641602
42,0,58,0.14666825590225366,0.12954628467559814
42,0,59,0.1460061093362478,0.12534034252166748
42,0,60,0.13349058364446348,0.1276405304670334
42,0,61,0.14011828429423845,0.12399926036596298
42,0,62,0.14243448812227982,0.12187748402357101
42,0,63,0.1444836574105116,0.13040441274642944
42,0,64,0.1357152645404522,0.12422020733356476
42,0,65,0.12203033211139533,0.12566158175468445
42,0,66,0.11497565530813657,0.123806431889534
42,0,67,0.14094612976679435,0.12182040512561798
42,0,68,0.11406651139259338,0.12006950378417969
42,0,69,0.1259225859091832,0.12274958193302155
42,0,70,0.12230475877340023,0.12502595782279968
42,0,71,0.1365817068861081,0.12202669680118561
42,0,72,0.1352839068724559,0.119809091091156
42,0,73,0.11841229292062613,0.12367503345012665
42,0,74,0.12338280849731885,0.1269477903842926
42,0,75,0.10607495158910751,0.11995166540145874
42,0,76,0.12475341300551708,0.1164737120270729
42,0,77,0.13691821407813293,0.11659663915634155
42,0,78,0.1231470898940013,0.11675792187452316
42,0,79,0.12070330690879089,0.11468115448951721
42,0,80,0.1341486550294436,0.12007267028093338
42,0,81,0.10878230402102837,0.12464524060487747
42,0,82,0.1280786019678299,0.1203833594918251
42,0,83,0.11172645653669651,0.11781758069992065
42,0,84,0.11152034711379272,0.118352971971035
42,0,85,0.10458039578336936,0.11867351084947586
42,0,86,0.12931030472883812,0.12009547650814056
42,0,87,0.11465483588668016,0.1159999817609787
42,0,88,0.1248740404844284,0.11143974959850311
42,0,89,0.11858768216692485,0.1183488517999649
42,0,90,0.09061567227427776,0.11490944772958755
42,0,91,0.11444067639800218,0.11499374359846115
42,0,92,0.10945665320524803,0.11679315567016602
42,0,93,0.1322791390120983,0.11560021340847015
42,0,94,0.10615874282442607,0.11600824445486069
42,0,95,0.10997873172163963,0.11375441402196884
42,0,96,0.12570641590998724,0.11333026736974716
42,0,97,0.11136114711944874,0.11386950314044952
42,0,98,0.11856768738764983,0.11151055246591568
42,0,99,0.10489842782800014,0.11814900487661362
42,0,100,0.09635465534833762,0.11433325707912445
42,0,101,0.10682973380272205,0.11325777322053909
42,0,102,0.11420083389832424,0.110951729118824
42,0,103,0.10269265793837033,0.11796282231807709
42,0,104,0.11024812150460023,0.11491400003433228
42,0,105,0.10964226092283542,0.11331035941839218
42,0,106,0.10877185716078831,0.11379425972700119
42,0,107,0.11639076757889527,0.11340562254190445
42,0,108,0.10402706064856969,0.11345304548740387
42,0,109,0.10409121845777218,0.11944308131933212
42,0,110,0.10391413248502292,0.11771868914365768
42,0,111,0.1013570255958117,0.10953966528177261
42,0,112,0.10373558648503743,0.11087051779031754
42,0,113,0.09987837018874976,0.11410024762153625
42,0,114,0.09991642689475647,0.11032087355852127
42,0,115,0.09371752836383306,0.11326140910387039
42,0,116,0.10776530750668965,0.120217464864254
42,0,117,0.1042051472916053,0.11207959055900574
42,0,118,0.09484507143497467,0.11268012970685959
42,0,119,0.10083878928652176,0.11233751475811005
42,0,120,0.10025498672173573,0.10969560593366623
42,0,121,0.10027573286340787,0.11257174611091614
42,0,122,0.10292824988181774,0.11417421698570251
42,0,123,0.1104095343213815,0.11358604580163956
42,0,124,0.08667456817168456,0.11154523491859436
42,0,125,0.08392721815751149,0.10863550007343292
42,0,126,0.10768358524029072,0.11437251418828964
42,0,127,0.09553108049126771,0.1100328341126442
42,0,128,0.09330771233026798,0.11116431653499603
42,0,129,0.0943057004075784,0.1132248193025589
42,0,130,0.0905664454285915,0.11170349270105362
42,0,131,0.08106647002009246,0.11778362095355988
42,0,132,0.09012210168517552,0.11697829514741898
42,0,133,0.09393959693037547,0.11196445673704147
42,0,134,0.09650140513594334,0.10855957865715027
42,0,135,0.09067230800596568,0.1131015196442604
42,0,136,0.09233988477633549,0.11459209024906158
42,0,137,0.09104718554478425,0.10962075740098953
42,0,138,0.09872775811415452,0.11362141370773315
42,0,139,0.08588228518000016,0.11638899147510529
42,0,140,0.09270308252710563,0.11530428379774094
42,0,141,0.09472354071644637,0.11402739584445953
42,0,142,0.0891747219631305,0.11695466935634613
42,0,143,0.09092066007164809,0.11876131594181061
42,0,144,0.09424215899063991,0.1179770976305008
42,0,145,0.08884731794779117,0.11429543048143387
42,0,146,0.09829693287611008,0.11424756050109863
42,0,147,0.08265301814446083,0.11808637529611588
42,0,148,0.09042380091089469,0.12008080631494522
42,0,149,0.07902524921183403,0.11844039708375931
42,0,150,0.09133375235475026,0.11849825084209442
42,0,151,0.10231875742857273,0.11803735047578812
42,0,152,0.0924856559588359,0.11426905542612076
42,0,153,0.10016127475179158,0.11376156657934189
42,0,154,0.09166230289981915,0.1189001202583313
42,0,155,0.09691872619665585,0.11696624010801315
42,0,156,0.08724155047765145,0.11581549048423767
42,0,157,0.09380986283604915,0.11344314366579056
42,0,158,0.10255364787120086,0.11487757414579391
42,0,159,0.08319779141591145,0.11537791043519974
42,0,160,0.08768323751596305,0.11464863270521164
42,0,161,0.10540479679520313,0.11699118465185165
42,0,162,0.09032881059325658,0.11747991293668747
42,0,163,0.09303418919444084,0.11939838528633118
42,0,164,0.07992067761146106,0.1175571158528328
42,1,0,0.39852120326115537,0.41382157802581787
42,1,1,0.3694189110627541,0.41172680258750916
42,1,2,0.3805193201853679,0.4090081751346588
42,1,3,0.37339358031749725,0.4054783284664154
42,1,4,0.3875781504007486,0.40126946568489075
42,1,5,0.4091689128142137,0.39685335755348206
42,1,6,0.36844566464424133,0.391790509223938
42,1,7,0.39779342596347517,0.38682225346565247
42,1,8,0.3525044620037079,0.3813154995441437
42,1,9,0.3761143329051825,0.37487292289733887
42,1,10,0.37655856632269347,0.36711639165878296
42,1,11,0.36831980083997434,0.3592125177383423
42,1,12,0.32157916059860814,0.3503040075302124
42,1,13,0.3516295953438832,0.3402843475341797
42,1,14,0.313096593778867,0.33081895112991333
42,1,15,0.3622666872464694,0.3189676105976105
42,1,16,0.33929760639484113,0.30408796668052673
42,1,17,0.36778908509474534,0.2874693274497986
42,1,18,0.28636307498583424,0.27097833156585693
42,1,19,0.28528907207342297,0.25649669766426086
42,1,20,0.31332534551620483,0.24123308062553406
42,1,21,0.2935078043777209,0.2253296971321106
42,1,22,0.29671779389564806,0.2099555879831314
42,1,23,0.30497865550793135,0.19781330227851868
42,1,24,0.26048415841964573,0.19092291593551636
42,1,25,0.27666767915854085,0.18605268001556396
42,1,26,0.2848497365529721,0.1812935769557953
42,1,27,0.27743989859636015,0.17792658507823944
42,1,28,0.26609625266148496,0.1717715561389923
42,1,29,0.28065269726973313,0.17186510562896729
42,1,30,0.22467322475635088,0.17084458470344543
42,1,31,0.1994770667873896,0.1675349324941635
42,1,32,0.2105244787839743,0.16178271174430847
42,1,33,0.23130681079167587,0.15344375371932983
42,1,34,0.25777384524162,0.15260417759418488
42,1,35,0.22131908856905425,0.15107125043869019
42,1,36,0.22774618577498656,0.14898495376110077
42,1,37,0.2061802246249639,0.14072248339653015
42,1,38,0.21615680364462045,0.13455355167388916
42,1,39,0.23115260325945342,0.13252043724060059
42,1,40,0.21488828097398466,0.12616723775863647
42,1,41,0.18634320623599565,0.12329595535993576
42,1,42,0.2016590959750689,0.12527239322662354
42,1,43,0.1870992140701184,0.12669089436531067
42,1,44,0.17704986150448138,0.12202399969100952
42,1,45,0.17714408383919641,0.11622603237628937
42,1,46,0.17401712903609642,0.11882471293210983
42,1,47,0.1803236540693503,0.11924202740192413
42,1,48,0.1836939981350532,0.11827928572893143
42,1,49,0.16513912494365984,0.11752114444971085
42,1,50,0.17854045446102434,0.11191166192293167
42,1,51,0.16957378330139014,0.11299869418144226
42,1,52,0.16136198146985128,0.119874007999897
42,1,53,0.17759549159270066,0.11031908541917801
42,1,54,0.16351764018719012,0.11147864907979965
42,1,55,0.15145650104834482,0.11184662580490112
42,1,56,0.1680899698000688,0.11076020449399948
42,1,57,0.13782338167612368,0.10982197523117065
42,1,58,0.16981712442177993,0.10896287858486176
42,1,59,0.14113248483492777,0.110226109623909
42,1,60,0.13913093163416937,0.10678254812955856
42,1,61,0.1649132170356237,0.10883500427007675
42,1,62,0.1546584049669596,0.10439494252204895
42,1,63,0.1406612711457106,0.10292001813650131
42,1,64,0.1283548245063195,0.10358322411775589
42,1,65,0.14271914099271482,0.1039959043264389
42,1,66,0.1245484185906557,0.1117849200963974
42,1,67,0.15158256257955843,0.10577259957790375
42,1,68,0.1398347647717366,0.10431990027427673
42,1,69,0.1301193624161757,0.10103683918714523
42,1,70,0.1351381431405361,0.10010635107755661
42,1,71,0.14925538920439207,0.10493165254592896
42,1,72,0.1372223628255037,0.1000734344124794
42,1,73,0.1413717155273144,0.10637540370225906
42,1,74,0.13592386131103223,0.09919027239084244
42,1,75,0.147718227826632,0.0987328588962555
42,1,76,0.12408989037458713,0.10102098435163498
42,1,77,0.13992493284436372,0.10197822749614716
42,1,78,0.13462329741853934,0.1058473140001297
42,1,79,0.13033880909474996,0.10019660741090775
42,1,80,0.14210562006785318,0.09870261698961258
42,1,81,0.12743499502539635,0.09493569284677505
42,1,82,0.12934815826324317,0.09375523030757904
42,1,83,0.11809187783644749,0.09182503819465637
42,1,84,0.1247792668067492,0.09338656067848206
42,1,85,0.1227773571243653,0.09225575625896454
42,1,86,0.11271377882132164,0.08720420300960541
42,1,87,0.1294823237336599,0.08631215989589691
42,1,88,0.11232607926313694,0.08911421149969101
42,1,89,0.13603721387111223,0.09031806886196136
42,1,90,0.11993511365010188,0.0911349505186081
42,1,91,0.11086864024400711,0.09487199038267136
42,1,92,0.12746684826337373,0.09913256764411926
42,1,93,0.11380876457461944,0.09349922090768814
42,1,94,0.13626196063481844,0.09157976508140564
42,1,95,0.12238909877263583,0.09142997860908508
42,1,96,0.11679126150332965,0.09139969944953918
42,1,97,0.12561211505761513,0.093538798391819
42,1,98,0.11891990498854564,0.0893797054886818
42,1,99,0.12125954461785463,0.08958026021718979
42,1,100,0.12206403280679996,0.09158065170049667
42,1,101,0.10264209428658852,0.0904560387134552
42,1,102,0.11804114797940621,0.09212197363376617
42,1,103,0.11029008174171814,0.09346046298742294
42,1,104,0.12937342260892576,0.08985074609518051
42,1,105,0.12439979412234746,0.09071638435125351
42,1,106,0.10521793365478516,0.0894182100892067
42,1,107,0.12241423187347558,0.08575137704610825
42,1,108,0.10666247399953696,0.08943786472082138
42,1,109,0.10854519387850395,0.09084000438451767
42,1,110,0.11744859012273642,0.0944032222032547
42,1,111,0.12413447092358883,0.0959748774766922
42,1,112,0.12635158403561667,0.09414806962013245
42,1,113,0.10150582429308158,0.09325317293405533
42,1,114,0.11617845841325246,0.09541110694408417
42,1,115,0.12182614092643444,0.09177076816558838
42,1,116,0.10404425658858739,0.0949256494641304
42,1,117,0.1123025302703564,0.09597155451774597
42,1,118,0.11931690745628797,0.09669691324234009
42,1,119,0.1068200497673108,0.09967008978128433
42,1,120,0.11552366929558608,0.0939854234457016
42,1,121,0.0999599531866037,0.09457745403051376
42,1,122,0.1213219718864331,0.097568079829216
42,1,123,0.11675620537537795,0.09255416691303253
42,1,124,0.1219847987477596,0.0892840102314949
42,1,125,0.1084133882362109,0.09346511960029602
42,1,126,0.1100050606406652,0.09140510112047195
42,1,127,0.107797250438195,0.09371501952409744
42,1,128,0.10654222449431053,0.09389039129018784
42,1,129,0.10790801191559204,0.09175002574920654
42,1,130,0.10307361500767562,0.09212610125541687
42,1,131,0.1096281695824403,0.0905848890542984
42,1,132,0.11418086720200685,0.09076211601495743
42,1,133,0.10943065411769427,0.09513477981090546
42,1,134,0.09566098680863014,0.09492427855730057
42,1,135,0.11137270583556248,0.09164860099554062
42,1,136,0.1055710155230302,0.09164202958345413
42,1,137,0.10718730493233754,0.09276329725980759
42,1,138,0.10935730458452152,0.09055150300264359
42,1,139,0.09452187413206467,0.09166097640991211
42,1,140,0.11494278048093502,0.09101315587759018
42,1,141,0.10526144791107911,0.09036832302808762
42,2,0,0.4060289917083887,0.3294553756713867
42,2,1,0.4043683765026239,0.32762935757637024
42,2,2,0.4040937813428732,0.32513925433158875
42,2,3,0.36272975687797254,0.321815550327301
42,2,4,0.3864372200690783,0.31781768798828125
42,2,5,0.35974083554286224,0.3132626414299011
42,2,6,0.40319425555375904,0.30811455845832825
42,2,7,0.3562313455801744,0.3022163212299347
42,2,8,0.3531753707390565,0.29533106088638306
42,2,9,0.3561487255188135,0.28850898146629333
42,2,10,0.3931353229742784,0.2813665270805359
42,2,11,0.3465125732696973,0.2733520269393921
42,2,12,0.3549749610515741,0.26600831747055054
42,2,13,0.35577546747831196,0.2575252056121826
42,2,14,0.3319551715484032,0.24555768072605133
42,2,15,0.3222096757246898,0.23441502451896667
42,2,16,0.33635902060912204,0.22336405515670776
42,2,17,0.3149374242012317,0.2102155089378357
42,2,18,0.3051855403643388,0.19714583456516266
42,2,19,0.29726049533257115,0.1848725527524948
42,2,20,0.2875248583463522,0.17057612538337708
42,2,21,0.31044959964660496,0.16077886521816254
42,2,22,0.2424306502709022,0.14767518639564514
42,2,23,0.2557870504947809,0.1398068070411682
42,2,24,0.23256977590230796,0.13830727338790894
42,2,25,0.20867802947759628,0.14382325112819672
42,2,26,0.2320127533032344,0.14443884789943695
42,2,27,0.20024149864912033,0.14122207462787628
42,2,28,0.20192104692642504,0.14148442447185516
42,2,29,0.2089440725170649,0.14185357093811035
42,2,30,0.19871990898480782,0.14079901576042175
42,2,31,0.23002194097408882,0.1397811323404312
42,2,32,0.21297648491767737,0.13667209446430206
42,2,33,0.19584761731899702,0.13874642550945282
42,2,34,0.2187325656414032,0.1490325927734375
42,2,35,0.18184209901552933,0.14045538008213043
42,2,36,0.18272273586346552,0.13988006114959717
42,2,37,0.14988303241821435,0.13717901706695557
42,2,38,0.1800569204183725,0.13546311855316162
42,2,39,0.16039722183575997,0.13266614079475403
42,2,40,0.15509774134709284,0.1312432438135147
42,2,41,0.15559712453530386,0.12507294118404388
42,2,42,0.16671493764107043,0.12597620487213135
42,2,43,0.15001109013190636,0.12726730108261108
42,2,44,0.15444474409406,0.1232818216085434
42,2,45,0.17644324784095472,0.12359949201345444
42,2,46,0.14001757766191775,0.11847950518131256
42,2,47,0.13385428889439657,0.11545982956886292
42,2,48,0.14875274724685228,0.11231286823749542
42,2,49,0.14206858896292174,0.1060650497674942
42,2,50,0.14602465984913018,0.11194150894880295
42,2,51,0.15075834210102373,0.1015782579779625
42,2,52,0.13769110005635482,0.09652875363826752
42,2,53,0.13284538571651167,0.09581990540027618
42,2,54,0.1289416356728627,0.0934625044465065
42,2,55,0.14917864535863584,0.09468553960323334
42,2,56,0.11164634416882808,0.08860330283641815
42,2,57,0.1198329243522424,0.0892445519566536
42,2,58,0.11333801998541905,0.08712135255336761
42,2,59,0.13518482618607008,0.0844242051243782
42,2,60,0.1193897953400245,0.08580195158720016
42,2,61,0.1210247094814594,0.08328709006309509
42,2,62,0.12411347318154115,0.0841691866517067
42,2,63,0.12811389852028626,0.08068928122520447
42,2,64,0.1161604649745501,0.08581958711147308
42,2,65,0.14297607254523498,0.09462104737758636
42,2,66,0.1333313761995389,0.08377128839492798
42,2,67,0.11652503793056194,0.0860099345445633
42,2,68,0.12526460794302133,0.08545110374689102
42,2,69,0.11974930419371678,0.08841659128665924
42,2,70,0.10746621168576755,0.09070836752653122
42,2,71,0.10926258735931836,0.08991317451000214
42,2,72,0.1133017368041552,0.08620326220989227
42,2,73,0.10945934859605935,0.07973694801330566
42,2,74,0.11009822499293548,0.08670102804899216
42,2,75,0.10856699370420896,0.0852089449763298
42,2,76,0.09691528632090642,0.08978737890720367
42,2,77,0.11390986293554306,0.08321502804756165
42,2,78,0.11716209294704291,0.08738993853330612
42,2,79,0.08810499511086024,0.08686767518520355
42,2,80,0.09134468866082338,0.09034420549869537
42,2,81,0.11030118740521945,0.08417985588312149
42,2,82,0.10002241197686929,0.08690807223320007
42,2,83,0.09966882318258286,0.08581593632698059
42,2,84,0.09444778183331856,0.08574958145618439
42,2,85,0.11970723363069388,0.08375100046396255
42,2,86,0.10892316355155064,0.08246422559022903
42,2,87,0.10316449403762817,0.08524530380964279
42,2,88,0.10552999921716176,0.0801863819360733
42,2,89,0.09243101225449489,0.07735755294561386
42,2,90,0.10261264844582631,0.08025869727134705
42,2,91,0.10128433973743366,0.07941834628582001
42,2,92,0.10168868647171901,0.08226826786994934
42,2,93,0.09106305585457729,0.08933109790086746
42,2,94,0.09671765709152588,0.08285093307495117
42,2,95,0.10245457922036831,0.08636701852083206
42,2,96,0.09448174788401677,0.07788302004337311
42,2,97,0.095220736013009,0.08263669162988663
42,2,98,0.08757756363887054,0.08230751752853394
42,2,99,0.09375081125360268,0.07899418473243713
42,2,100,0.09557372360275342,0.0750315710902214
42,2,101,0.08624096558644222,0.08045560121536255
42,2,102,0.09754111818396129,0.08144628256559372
42,2,103,0.09902654932095455,0.0868680328130722
42,2,104,0.10584949014278558,0.08194107562303543
42,2,105,0.0974144500035506,0.08189983665943146
42,2,106,0.07556389558773774,0.08400493115186691
42,2,107,0.10031059212409534,0.08189380168914795
42,2,108,0.0812254765859017,0.07351290434598923
42,2,109,0.09283995112547508,0.07737784087657928
42,2,110,0.07681262579101783,0.08012381196022034
42,2,111,0.09545576257201341,0.07602136582136154
42,2,112,0.08974026172206952,0.08406639099121094
42,2,113,0.08879100903868675,0.07706864923238754
42,2,114,0.08949000116151112,0.08090854436159134
42,2,115,0.09621524810791016,0.08292548358440399
42,2,116,0.09807875408576085,0.0749567523598671
42,2,117,0.10657311087617508,0.07709890604019165
42,2,118,0.0894547374202655,0.07831203192472458
42,2,119,0.07929135543795732,0.07714390009641647
42,2,120,0.08680216051065005,0.08622919768095016
42,2,121,0.09845720919278952,0.07696224749088287
42,2,122,0.10681511261142217,0.07639798521995544
42,2,123,0.07852391239542228,0.08631258457899094
42,2,124,0.09252287504764703,0.08018741011619568
42,2,125,0.08455208259133193,0.08156648278236389
42,2,126,0.09773755274139918,0.08397093415260315
42,2,127,0.08477028316030136,0.08267293870449066
42,2,128,0.08661478786514355,0.08239378035068512
42,2,129,0.09268757643607947,0.08156438916921616
42,2,130,0.08534367783711506,0.0796218290925026
42,2,131,0.0911948735324236,0.07866765558719635
42,2,132,0.0860004465167339,0.07835126668214798
42,2,133,0.09913850432405105,0.075432188808918
42,2,134,0.10510425871381393,0.07835619896650314
42,2,135,0.08595704917724316,0.08042186498641968
42,2,136,0.08233887644914481,0.07826758176088333
42,2,137,0.07719425656474553,0.07418868690729141
42,2,138,0.09337893414955872,0.07807315140962601
42,2,139,0.08232043998745772,0.07825928181409836
42,2,140,0.08754836395382881,0.07807744294404984
42,2,141,0.08174110289949638,0.07593271881341934
42,3,0,0.4551716125928439,0.5538882613182068
42,3,1,0.4324631920227638,0.5492138862609863
42,3,2,0.38730664207385135,0.5424413681030273
42,3,3,0.4555701338327848,0.5342633128166199
42,3,4,0.41382123873783994,0.524638295173645
42,3,5,0.37789179728581357,0.5145679116249084
42,3,6,0.4054752725821275,0.5041264295578003
42,3,7,0.34080081375745624,0.49427151679992676
42,3,8,0.3900577105008639,0.48323702812194824
42,3,9,0.3656927072084867,0.471456378698349
42,3,10,0.34066905023959965,0.45943936705589294
42,3,11,0.33108243346214294,0.4472495913505554
42,3,12,0.3748935575668628,0.434839129447937
42,3,13,0.3833937622033633,0.42001277208328247
42,3,14,0.3353999314399866,0.40539512038230896
42,3,15,0.3580851268309813,0.3897427022457123
42,3,16,0.3309037914642921,0.3714981973171234
42,3,17,0.3327258498622821,0.3528059422969818
42,3,18,0.3300590515136719,0.3323141038417816
42,3,19,0.3206865036716828,0.3111327290534973
42,3,20,0.31893208966805386,0.2868195176124573
42,3,21,0.2931532888458325,0.26431214809417725
42,3,22,0.2909349248959468,0.24955342710018158
42,3,23,0.2833454998639914,0.23678570985794067
42,3,24,0.29835503605695873,0.22245396673679352
42,3,25,0.26573390857531476,0.21160152554512024
42,3,26,0.25432462187913746,0.2028435915708542
42,3,27,0.2398499342111441,0.1969670057296753
42,3,28,0.24564022169663355,0.1905129849910736
42,3,29,0.2341888455244211,0.1855512112379074
42,3,30,0.2122629422407884,0.17991219460964203
42,3,31,0.21940231036681396,0.17170873284339905
42,3,32,0.21601295070006296,0.16693052649497986
42,3,33,0.17034808431680387,0.1626540720462799
42,3,34,0.2100444264136828,0.15920208394527435
42,3,35,0.2034767075226857,0.15746711194515228
42,3,36,0.19396610500720832,0.15587569773197174
42,3,37,0.18150517229850477,0.1537780463695526
42,3,38,0.1863250549022968,0.15053917467594147
42,3,39,0.19356247610770738,0.15140429139137268
42,3,40,0.1562570293362324,0.1514570116996765
42,3,41,0.18846789231667152,0.14973242580890656
42,3,42,0.1735310468536157,0.14969077706336975
42,3,43,0.15842249359075838,0.15144678950309753
42,3,44,0.16638189324965844,0.15217605233192444
42,3,45,0.15697781798931268,0.14739881455898285
42,3,46,0.17274402884336618,0.14844995737075806
42,3,47,0.15611207456542894,0.1432432234287262
42,3,48,0.1415853236730282,0.14265306293964386
42,3,49,0.13422634166020614,0.14317651093006134
42,3,50,0.15434246739515892,0.13857093453407288
42,3,51,0.13594940534004799,0.13687051832675934
42,3,52,0.13567403188118568,0.1361188441514969
42,3,53,0.1413520505795112,0.13834817707538605
42,3,54,0.12641797501307267,0.13994164764881134
42,3,55,0.1488027458007519,0.14364345371723175
42,3,56,0.15228691811744982,0.14423558115959167
42,3,57,0.1550362901045726,0.14273573458194733
42,3,58,0.1296602562069893,0.14525532722473145
42,3,59,0.12771725024168307,0.13664613664150238
42,3,60,0.14084904898817724,0.13526728749275208
42,3,61,0.14632055220695642,0.1343228667974472
42,3,62,0.15006282237859872,0.1350868195295334
42,3,63,0.15770290419459343,0.13493894040584564
42,3,64,0.14380563509005767,0.13546593487262726
42,3,65,0.12491000042511867,0.1318259984254837
42,3,66,0.1333234811631533,0.1298263967037201
42,3,67,0.13019036157773092,0.1297977715730667
42,3,68,0.15176326494950515,0.12969298660755157
42,3,69,0.12433025928644034,0.12817129492759705
42,3,70,0.11557426131688632,0.1282656490802765
42,3,71,0.12506994834313026,0.12998144328594208
42,3,72,0.13436252509172147,0.12848377227783203
42,3,73,0.13410072716382834,0.1311894953250885
42,3,74,0.12887648263802895,0.12948426604270935
42,3,75,0.11053116132433598,0.12431729584932327
42,3,76,0.13767500221729279,0.1245041936635971
42,3,77,0.12006608224832095,0.12357201427221298
42,3,78,0.11336235128916226,0.12302317470312119
42,3,79,0.1274351878808095,0.12423410266637802
42,3,80,0.12405372439668728,0.12715411186218262
42,3,81,0.13939906456149542,0.12231749296188354
42,3,82,0.11355724586890294,0.11998657137155533
42,3,83,0.11958368810323569,0.1208832710981369
42,3,84,0.12402291423999347,0.12450722604990005
42,3,85,0.12338691376722775,0.12306104600429535
42,3,86,0.11925693314809066,0.12135325372219086
42,3,87,0.1163540963943188,0.12024971097707748
42,3,88,0.11846528087670986,0.11898598074913025
42,3,89,0.12136776286822099,0.11856263875961304
42,3,90,0.12171360907646325,0.11727418005466461
42,3,91,0.1114749490068509,0.11802864074707031
42,3,92,0.10277341535458198,0.1216883733868599
42,3,93,0.10682153472533593,0.11390175670385361
42,3,94,0.12503788333672744,0.1137012466788292
42,3,95,0.11132951854513241,0.1161155104637146
42,3,96,0.12160954051292859,0.11713601648807526
42,3,97,0.11446056600946647,0.11688321828842163
42,3,98,0.11795044575746243,0.11480952054262161
42,3,99,0.11530937197116706,0.12386244535446167
42,3,100,0.11357981568345657,0.11564972251653671
42,3,101,0.10577134845348504,0.11097155511379242
42,3,102,0.09270258935598227,0.11423128098249435
42,3,103,0.10906804238374417,0.11372534185647964
42,3,104,0.12424211920453952,0.11218690127134323
42,3,105,0.12936667152322257,0.11411864310503006
42,3,106,0.11342014515629181,0.11374495178461075
42,3,107,0.10723348735616757,0.11196886748075485
42,3,108,0.11761448732935466,0.1133500188589096
42,3,109,0.11148962407157971,0.11242946237325668
42,3,110,0.10317253206784908,0.11049551516771317
42,3,111,0.09876015438483311,0.11222746968269348
42,3,112,0.10717894710027255,0.11352618783712387
42,3,113,0.11412653384300378,0.11233538389205933
42,3,114,0.10852008083691964,0.11071528494358063
42,3,115,0.10419764197789706,0.11414442956447601
42,3,116,0.09807992010162427,0.11105450242757797
42,3,117,0.10856614233209537,0.10821804404258728
42,3,118,0.10591564499414884,0.10818329453468323
42,3,119,0.09914323315024376,0.11431405693292618
42,3,120,0.1039108748619373,0.11450202763080597
42,3,121,0.10664518349445783,0.11208333820104599
42,3,122,0.09958554317171757,0.10883396863937378
42,3,123,0.10903569339559628,0.10480117052793503
42,3,124,0.09594209492206573,0.1070096343755722
42,3,125,0.10510469485933964,0.10982076823711395
42,3,126,0.11021510884165764,0.10985550284385681
42,3,127,0.1118943106669646,0.11394116282463074
42,3,128,0.09721614363101813,0.10863880068063736
42,3,129,0.10389028374965374,0.10304024070501328
42,3,130,0.11003897253137368,0.10299000889062881
42,3,131,0.09716796559783128,0.10228892415761948
42,3,132,0.09485428751661228,0.10286886245012283
42,3,133,0.10284738844403854,0.10317976027727127
42,3,134,0.10597951882160626,0.10683678835630417
42,3,135,0.11036728265193793,0.10705636441707611
42,3,136,0.10668863556705989,0.10731430351734161
42,3,137,0.110347086420426,0.10985960811376572
42,3,138,0.10133136379031035,0.10528332740068436
42,3,139,0.09974709067207116,0.10526402294635773
42,3,140,0.09605814889073372,0.10402435809373856
42,3,141,0.10773770711742915,0.10952694714069366
42,3,142,0.10312774490851623,0.10746705532073975
42,3,143,0.09969580460053223,0.10531925410032272
42,3,144,0.1097071018929665,0.1037721186876297
42,3,145,0.0907291557926398,0.10618256032466888
42,3,146,0.0948856441447368,0.10792259126901627
42,3,147,0.09559175028250767,0.10496674478054047
42,3,148,0.08378194874295822,0.10374854505062103
42,3,149,0.1052248073885074,0.10628163814544678
42,3,150,0.09905500108232865,0.1055208295583725
42,3,151,0.09060759842395782,0.10404019057750702
42,3,152,0.09149474020187671,0.10470802336931229
42,3,153,0.09466713638259815,0.10278736054897308
42,3,154,0.09895031397732404,0.10367009788751602
42,3,155,0.09435099936448611,0.10337091237306595
42,3,156,0.09717336325691296,0.10447882115840912
42,3,157,0.09465888429146546,0.10626402497291565
42,3,158,0.10119779121417266,0.10679491609334946
42,3,159,0.10405808171400657,0.10405759513378143
42,3,160,0.10435189306735992,0.10502125322818756
42,3,161,0.08358093351125717,0.10455221682786942
42,4,0,0.47275598232562727,0.43403351306915283
42,4,1,0.48475157297574556,0.42833441495895386
42,4,2,0.4454374256042334,0.4202190935611725
42,4,3,0.4410030704278212,0.4105127155780792
42,4,4,0.4776659584962405,0.39939549565315247
42,4,5,0.44193870516923756,0.3873840272426605
42,4,6,0.39527018482868487,0.3745691180229187
42,4,7,0.4180813706838168,0.3608180284500122
42,4,8,0.43111015741641706,0.34613293409347534
42,4,9,0.3911191076040268,0.33057767152786255
42,4,10,0.4335878583101126,0.3146651089191437
42,4,11,0.3991230812210303,0.2987549304962158
42,4,12,0.41069228374041045,0.281499981880188
42,4,13,0.3347462146328046,0.26442426443099976
42,4,14,0.37893324288038105,0.2485775351524353
42,4,15,0.35804957495285916,0.23222334682941437
42,4,16,0.34526429038781387,0.21660758554935455
42,4,17,0.3280423696224506,0.20206771790981293
42,4,18,0.32505166874482083,0.1879427582025528
42,4,19,0.260866247690641,0.17981278896331787
42,4,20,0.27852341590019375,0.17356595396995544
42,4,21,0.2748728469014168,0.1657620370388031
42,4,22,0.2554999744662872,0.16289156675338745
42,4,23,0.25435260855234587,0.16225582361221313
42,4,24,0.22137686438285387,0.16513025760650635
42,4,25,0.2694789165487656,0.16539661586284637
42,4,26,0.22870815831881303,0.1705123782157898
42,4,27,0.23269594174164993,0.16557163000106812
42,4,28,0.2316946811400927,0.1572515070438385
42,4,29,0.22399785083073837,0.1508442908525467
42,4,30,0.23207622136061007,0.15684112906455994
42,4,31,0.18821538927463385,0.15528878569602966
42,4,32,0.20413259932628045,0.16097132861614227
42,4,33,0.21901733600176299,0.1444896161556244
42,4,34,0.20828508986876562,0.13703443109989166
42,4,35,0.2078477293252945,0.13710756599903107
42,4,36,0.1619690851523326,0.14641961455345154
42,4,37,0.20141848893119738,0.12766486406326294
42,4,38,0.18915855426054734,0.12935076653957367
42,4,39,0.19122805446386337,0.13561215996742249
42,4,40,0.18319386301132348,0.12860062718391418
42,4,41,0.1640787015740688,0.12548744678497314
42,4,42,0.1659958975819441,0.11451276391744614
42,4,43,0.15641424289116493,0.11556567996740341
42,4,44,0.17455761707746065,0.10259910672903061
42,4,45,0.1727913904648561,0.10041622817516327
42,4,46,0.14531447681096885,0.10415936261415482
42,4,47,0.1742839990900113,0.10078472644090652
42,4,48,0.15992076838245758,0.10565832257270813
42,4,49,0.1539779700911962,0.10122782737016678
42,4,50,0.16185959084675863,0.10003969818353653
42,4,51,0.17441868438170507,0.09990084171295166
42,4,52,0.1529539806338457,0.09904760867357254
42,4,53,0.146251146036845,0.09968230873346329
42,4,54,0.1437157392501831,0.10093055665493011
42,4,55,0.14041974338201377,0.10833422839641571
42,4,56,0.14571169591867006,0.09967846423387527
42,4,57,0.1381213252361004,0.09825611114501953
42,4,58,0.13835395872592926,0.09787248820066452
42,4,59,0.14297629262392336,0.09737713634967804
42,4,60,0.12968835865075773,0.09730356931686401
42,4,61,0.12157707546765988,0.1057634949684143
42,4,62,0.11909057658452255,0.09655194729566574
42,4,63,0.13113835855172232,0.09824318438768387
42,4,64,0.13644889484231287,0.0959489569067955
42,4,65,0.1360662765800953,0.09440578520298004
42,4,66,0.1338251680135727,0.09399624913930893
42,4,67,0.13538737079271904,0.09319446235895157
42,4,68,0.11928739226781405,0.09259936958551407
42,4,69,0.12487929701231994,0.0929233729839325
42,4,70,0.12146476140389076,0.09541650116443634
42,4,71,0.12159526004241063,0.09657421708106995
42,4,72,0.14146865503146097,0.09441287070512772
42,4,73,0.11522680234450561,0.09538869559764862
42,4,74,0.1298303990983046,0.09983722120523453
42,4,75,0.12866484373807907,0.09412252902984619
42,4,76,0.10614079122359936,0.09512174874544144
42,4,77,0.12584579506745705,0.09734268486499786
42,4,78,0.11753191970861875,0.09979789704084396
42,4,79,0.1074054421713719,0.0933152288198471
42,4,80,0.11351378376667316,0.09731166809797287
42,4,81,0.1117940957729633,0.09963884949684143
42,4,82,0.11515101074026181,0.09369423985481262
42,4,83,0.12496037580646001,0.0946175679564476
42,4,84,0.12074080740029995,0.09153646230697632
42,4,85,0.11627198239931694,0.09337299317121506
42,4,86,0.09769718750165059,0.1005658358335495
42,4,87,0.11150525968808395,0.09619660675525665
42,4,88,0.10358625593093726,0.09974052011966705
42,4,89,0.1112374967107406,0.08953191339969635
42,4,90,0.12243923172354698,0.09136732667684555
42,4,91,0.11222877468054111,0.09207213670015335
42,4,92,0.11813805137689297,0.08860203623771667
42,4,93,0.10165776541599861,0.08936996012926102
42,4,94,0.12166430428624153,0.092125304043293
42,4,95,0.10880252059835654,0.09430713951587677
42,4,96,0.10583666081611927,0.09570081532001495
42,4,97,0.1274433396756649,0.09616835415363312
42,4,98,0.11906950892164157,0.09221412241458893
42,4,99,0.10732582784616031,0.08834198117256165
42,4,100,0.09306555699843627,0.08725835382938385
42,4,101,0.11062517704871985,0.09261114150285721
42,4,102,0.10637220740318298,0.09684497117996216
42,4,103,0.11407930375291751,0.09819519519805908
42,4,104,0.10582277493981215,0.10152384638786316
42,4,105,0.11452179602705516,0.10437120497226715
42,4,106,0.123168401993238,0.0970948114991188
42,4,107,0.09971883663764367,0.09814455360174179
42,4,108,0.11676724627614021,0.09353828430175781
42,4,109,0.09794471756770061,0.09472766518592834
42,4,110,0.11405948606821206,0.09183558076620102
42,4,111,0.10729171966130917,0.08964645862579346
42,4,112,0.10744301659556535,0.09224972873926163
42,4,113,0.10922194014375027,0.09252762794494629
42,4,114,0.10169561207294464,0.09310741722583771
42,4,115,0.11105231338968644,0.08961034566164017
42,4,116,0.12252933703936063,0.08756858110427856
42,4,117,0.09962752518745568,0.08453869819641113
42,4,118,0.09307605773210526,0.08988184481859207
42,4,119,0.11946348731334393,0.0882658064365387
42,4,120,0.10127060487866402,0.09365714341402054
42,4,121,0.11043429116790111,0.0915931686758995
42,4,122,0.11308232121742688,0.09239088743925095
42,4,123,0.09179610988268486,0.08755359053611755
42,4,124,0.09901186336691563,0.09171004593372345
42,4,125,0.09853889535252865,0.09335485845804214
42,4,126,0.10120038946087544,0.09113433957099915
42,4,127,0.09377242825352229,0.09747029095888138
42,4,128,0.10237214456383999,0.09439390152692795
42,4,129,0.09338796539948536,0.09546610713005066
42,4,130,0.11999205442575309,0.09670939296483994
42,4,131,0.09901586633462173,0.0925515666604042
42,4,132,0.11278327468496102,0.08905306458473206
42,4,133,0.09494917237987885,0.08928035944700241
42,4,134,0.10718815429852559,0.09504992514848709
42,4,135,0.09054353288733043,0.09408412873744965
42,4,136,0.1090924138059983,0.09208997339010239
42,4,137,0.09696506708860397,0.09275893867015839
42,4,138,0.09997031178611976,0.09411965310573578
42,4,139,0.10361405633963071,0.09065955132246017
42,4,140,0.09004138639340034,0.08798129856586456
42,4,141,0.11522700580266806,0.09080720692873001
42,4,142,0.10833791270852089,0.09422227740287781
42,4,143,0.09220707789063454,0.08928626030683517
42,4,144,0.10445328314716999,0.09330376982688904
42,4,145,0.10123363968271476,0.09089668095111847
42,4,146,0.0959375910460949,0.09146696329116821
42,4,147,0.08186758968692559,0.09214367717504501
2024,0,0,0.41785293359022874,0.41383326053619385
2024,0,1,0.4259818196296692,0.40879765152931213
2024,0,2,0.42940380252324617,0.40171393752098083
2024,0,3,0.4214824793430475,0.3928765654563904
2024,0,4,0.39990897132800174,0.38315749168395996
2024,0,5,0.3833793023457894,0.3728123605251312
2024,0,6,0.40384768751951367,0.3619212210178375
2024,0,7,0.40692708583978504,0.35003432631492615
2024,0,8,0.38074300953975093,0.33921557664871216
2024,0,9,0.41003014147281647,0.3285066485404968
2024,0,10,0.37374576238485485,0.3172512650489807
2024,0,11,0.3988193158919995,0.3063722848892212
2024,0,12,0.3448103563143657,0.29478514194488525
2024,0,13,0.3693365007638931,0.28205135464668274
2024,0,14,0.361954377247737,0.2691102921962738
2024,0,15,0.3286624699831009,0.2562267482280731
2024,0,16,0.3330676704645157,0.24284762144088745
2024,0,17,0.3324652635134183,0.22877147793769836
2024,0,18,0.29335822738133943,0.21273453533649445
2024,0,19,0.30878254083486706,0.19498972594738007
2024,0,20,0.32564499515753526,0.17512407898902893
2024,0,21,0.3167132471616452,0.15526290237903595
2024,0,22,0.30332680161182696,0.13354557752609253
2024,0,23,0.30384651628824383,0.11802652478218079
2024,0,24,0.29310955852270126,0.10180407762527466
2024,0,25,0.28352890794093794,0.08906808495521545
2024,0,26,0.2679879774267857,0.08195630460977554
2024,0,27,0.2848900201228949,0.0789603590965271
2024,0,28,0.24309372558043554,0.07910267263650894
2024,0,29,0.2390787016886931,0.08269234001636505
2024,0,30,0.22278328927663657,0.08317595720291138
2024,0,31,0.22224949300289154,0.08551924675703049
2024,0,32,0.22964284511712882,0.08498477190732956
2024,0,33,0.22002511013012666,0.0873466208577156
2024,0,34,0.20180438172358733,0.08449215441942215
2024,0,35,0.22628673223348764,0.08660872280597687
2024,0,36,0.20318570389197424,0.08710692822933197
2024,0,37,0.18516181266078582,0.08062626421451569
2024,0,38,0.18718691456776398,0.07949142903089523
2024,0,39,0.1857631240899746,0.07931742072105408
2024,0,40,0.19851472458014122,0.07778041064739227
2024,0,41,0.1708500454059014,0.07654499262571335
2024,0,42,0.1856308883199325,0.07035838812589645
2024,0,43,0.17223865194962576,0.06947819888591766
2024,0,44,0.1707780407025264,0.06853947788476944
2024,0,45,0.1688328070136217,0.0718255341053009
2024,0,46,0.1764824126775448,0.07183580100536346
2024,0,47,0.1856992067052768,0.06981554627418518
2024,0,48,0.17256347090005875,0.0647350326180458
2024,0,49,0.14466911582992628,0.0665581077337265
2024,0,50,0.14027008414268494,0.07684402167797089
2024,0,51,0.15739742379922134,0.07764479517936707
2024,0,52,0.15272899602468198,0.07016613334417343
2024,0,53,0.1372943062048692,0.06836695969104767
2024,0,54,0.1510387510061264,0.06378690153360367
2024,0,55,0.15106843383266375,0.06125982850790024
2024,0,56,0.14193053027758232,0.06388683617115021
2024,0,57,0.13105620042635843,0.07504411041736603
2024,0,58,0.12795924452634957,0.06762947142124176
2024,0,59,0.14296949024383837,0.0678977444767952
2024,0,60,0.11935065056268986,0.07459903508424759
2024,0,61,0.14477675064251974,0.06445485353469849
2024,0,62,0.11424093808119114,0.06573189795017242
2024,0,63,0.1360014699972593,0.07358884811401367
2024,0,64,0.12683296432861915,0.06848064810037613
2024,0,65,0.12440016636481652,0.07192326337099075
2024,0,66,0.13408106393538988,0.07112492620944977
2024,0,67,0.10865122079849243,0.06874202191829681
2024,0,68,0.12892324649370634,0.07426291704177856
2024,0,69,0.11406170662779075,0.08246394246816635
2024,0,70,0.10977077656067334,0.08282247185707092
2024,0,71,0.10466257067253956,0.07515842467546463
2024,0,72,0.1247015675673118,0.06994800269603729
2024,0,73,0.11540026389635526,0.06518833339214325
2024,0,74,0.11788633007269639,0.08114541321992874
2024,0,75,0.12818682423004737,0.0826091468334198
2024,0,76,0.12401703859751041,0.07725682854652405
2024,0,77,0.10373040145406356,0.08155470341444016
2024,0,78,0.10451970364038761,0.06622517108917236
2024,0,79,0.1180876843058146,0.07394184172153473
2024,0,80,0.10077396522347744,0.06003652885556221
2024,0,81,0.11415154143021657,0.07282937318086624
2024,0,82,0.09520869759412912,0.07482947409152985
2024,0,83,0.11634519724891736,0.0757262334227562
2024,0,84,0.1156683277625304,0.0749693289399147
2024,0,85,0.11459035770251201,0.07771346718072891
2024,0,86,0.09389844622749549,0.07678256928920746
2024,0,87,0.10012288219653644,0.08547484874725342
2024,0,88,0.12450382571953994,0.07297790795564651
2024,0,89,0.10614759618273148,0.06649842113256454
2024,0,90,0.11043336586310314,0.06418853253126144
2024,0,91,0.10185775332725965,0.06298091262578964
2024,0,92,0.10292286425828934,0.07242916524410248
2024,0,93,0.10702193872286724,0.07460028678178787
2024,0,94,0.1054547457740857,0.06784605979919434
2024,0,95,0.08610805124044418,0.0727180764079094
2024,0,96,0.09725014034372109,0.06877463310956955
2024,0,97,0.10803474428562018,0.08047878742218018
2024,0,98,0.10473791366586319,0.06917918473482132
2024,0,99,0.11359600636821526,0.07334389537572861
2024,0,100,0.09470500338536042,0.06754644215106964
2024,0,101,0.11251855383698757,0.0645674467086792
2024,0,102,0.09262904868676113,0.07268020510673523
2024,0,103,0.0946940708045776,0.08093950897455215
2024,0,104,0.1040815980388568,0.062201451510190964
2024,0,105,0.11123131272884515,0.06133805215358734
2024,0,106,0.11186342915663353,0.0724848136305809
2024,0,107,0.09843200215926537,0.0719042494893074
2024,0,108,0.11227675126149105,0.07784699648618698
2024,0,109,0.110380986562142,0.07433710247278214
2024,0,110,0.09498379494135196,0.06881333887577057
2024,0,111,0.10560555928028546,0.0626060888171196
2024,0,112,0.10051581664727284,0.07357430458068848
2024,0,113,0.10479851582875618,0.07692687213420868
2024,0,114,0.09262865982376613,0.07112936675548553
2024,0,115,0.09571873339322898,0.0656920000910759
2024,0,116,0.09591779943842155,0.07533412426710129
2024,0,117,0.09104985514512429,0.07410451769828796
2024,0,118,0.09398809963693985,0.07356267422437668
2024,0,119,0.09155832488949482,0.07420021295547485
2024,0,120,0.09313196918139091,0.07142212241888046
2024,0,121,0.10521803968227826,0.0658077746629715
2024,0,122,0.08789564697788312,0.08028017729520798
2024,0,123,0.08967303570646507,0.07691168040037155
2024,0,124,0.09415110458548252,0.06804310530424118
2024,0,125,0.08909584094698612,0.07551494985818863
2024,0,126,0.08825578454595345,0.06804197281599045
2024,0,127,0.0923649029662976,0.06621114909648895
2024,0,128,0.09159474561993892,0.06871127337217331
2024,0,129,0.08658758264321548,0.0626625195145607
2024,0,130,0.08802311237041767,0.06358233839273453
2024,0,131,0.0863038908976775,0.07045423239469528
2024,0,132,0.09268462056150803,0.06515342742204666
2024,0,133,0.08103664849813168,0.06209772452712059
2024,0,134,0.09637589351488994,0.06900916248559952
2024,0,135,0.09321495202871469,0.06304682046175003
2024,0,136,0.08851899894384238,0.0612143836915493
2024,0,137,0.10220735176251484,0.0640820786356926
2024,0,138,0.08452317519829823,0.07248221337795258
2024,0,139,0.091743287558739,0.06447666138410568
2024,0,140,0.0795800658659293,0.06462030112743378
2024,0,141,0.0950863753946928,0.07306621968746185
2024,1,0,0.44739031677062696,0.525409996509552
2024,1,1,0.40591713327627915,0.5195974707603455
2024,1,2,0.4277960887322059,0.5113322138786316
2024,1,3,0.4370574355125427,0.5012896060943604
2024,1,4,0.4505928479708158,0.48981383442878723
2024,1,5,0.4363447255813159,0.4779258370399475
2024,1,6,0.43039280290787035,0.46515315771102905
2024,1,7,0.34020612790034366,0.45195063948631287
2024,1,8,0.4051796736625525,0.43916985392570496
2024,1,9,0.40618376663097966,0.42554083466529846
2024,1,10,0.39328991908293504,0.4116021990776062
2024,1,11,0.42783029262836164,0.3970120847225189
2024,1,12,0.4214495959190222,0.38175636529922485
2024,1,13,0.3901512324810028,0.3669074475765228
2024,1,14,0.38141918526246,0.35333558917045593
2024,1,15,0.36636482637662154,0.33885058760643005
2024,1,16,0.3769641610292288,0.3250342309474945
2024,1,17,0.3752567687859902,0.3083665668964386
2024,1,18,0.3418901539765872,0.28851619362831116
2024,1,19,0.3195323474132098,0.2690099775791168
2024,1,20,0.3300895117796384,0.24937045574188232
2024,1,21,0.30888264855513203,0.2308635264635086
2024,1,22,0.29615844327669877,0.21066595613956451
2024,1,23,0.3216247776379952,0.18693625926971436
2024,1,24,0.2983153826342179,0.16453389823436737
2024,1,25,0.2910144036779037,0.14440423250198364
2024,1,26,0.27672853148900545,0.13121530413627625
2024,1,27,0.2516298374304405,0.12442106753587723
2024,1,28,0.2866856174973341,0.12442153692245483
2024,1,29,0.2446305900812149,0.11392539739608765
2024,1,30,0.23338836087630346,0.10926361382007599
2024,1,31,0.23594708224901786,0.10833152383565903
2024,1,32,0.22118078974577096,0.10291431844234467
2024,1,33,0.21372998219269973,0.11273898184299469
2024,1,34,0.2291219406403028,0.12276095151901245
2024,1,35,0.2093774458536735,0.11646230518817902
2024,1,36,0.2176883925612156,0.0971643477678299
2024,1,37,0.19460502381508166,0.09716762602329254
2024,1,38,0.19208959490060806,0.09821467101573944
2024,1,39,0.178759454534604,0.09217478334903717
2024,1,40,0.20622604053754073,0.08765692263841629
2024,1,41,0.2088964472596462,0.08509302884340286
2024,1,42,0.1552412578692803,0.0910588726401329
2024,1,43,0.20407515993485084,0.08401727676391602
2024,1,44,0.2028459465274444,0.08312613517045975
2024,1,45,0.17078473877448302,0.08060061186552048
2024,1,46,0.16951254927195036,0.07347232848405838
2024,1,47,0.15477493290717786,0.07650492340326309
2024,1,48,0.1780718289888822,0.08100471645593643
2024,1,49,0.1762440622999118,0.08050805330276489
2024,1,50,0.15737372120985618,0.07824130356311798
2024,1,51,0.16045670784436739,0.08976199477910995
2024,1,52,0.18127258924337533,0.07908064872026443
2024,1,53,0.16043942765547678,0.07364288717508316
2024,1,54,0.14784816767160708,0.07895497977733612
2024,1,55,0.13984143504729638,0.0783168226480484
2024,1,56,0.15857488146195045,0.08283071964979172
2024,1,57,0.16505875782324717,0.07775507867336273
2024,1,58,0.1460817135297335,0.08495175838470459
2024,1,59,0.16904152901126787,0.07954130321741104
2024,1,60,0.1544669923874048,0.07651670277118683
2024,1,61,0.14276668887871963,0.0794435441493988
2024,1,62,0.147700352450976,0.08009134232997894
2024,1,63,0.15767150200330293,0.08187445253133774
2024,1,64,0.14883678693037766,0.08757593482732773
2024,1,65,0.14783339832837766,0.08314136415719986
2024,1,66,0.12041295319795609,0.08476381003856659
2024,1,67,0.14257538605194825,0.08049333095550537
2024,1,68,0.13842657781564272,0.08088769018650055
2024,1,69,0.14399183828097123,0.07879466563463211
2024,1,70,0.13901358241072068,0.07757604867219925
2024,1,71,0.14238601579115942,0.075257807970047
2024,1,72,0.14769362600950095,0.08134040236473083
2024,1,73,0.13845501668178117,0.07925502955913544
2024,1,74,0.12126615242316173,0.08163072913885117
2024,1,75,0.1263899373320433,0.08074870705604553
2024,1,76,0.1308228261768818,0.08146525174379349
2024,1,77,0.14363925904035568,0.08233805000782013
2024,1,78,0.12814533481231102,0.07451053708791733
2024,1,79,0.10546484818825355,0.08306621760129929
2024,1,80,0.12479255348443985,0.07640745490789413
2024,1,81,0.10965980417453326,0.07656398415565491
2024,1,82,0.11677622508544189,0.0784381628036499
2024,1,83,0.12749098871762937,0.08128566294908524
2024,1,84,0.11024009465025021,0.08435829728841782
2024,1,85,0.1160832609121616,0.08305782824754715
2024,1,86,0.11185765667603566,0.08232542872428894
2024,1,87,0.11331495470725574,0.08148041367530823
2024,1,88,0.12544571608304977,0.08312229812145233
2024,1,89,0.12827977853325698,0.08183030039072037
2024,1,90,0.1204604575267205,0.0738043487071991
2024,1,91,0.11955872378670253,0.08135053515434265
2024,1,92,0.11309365985485223,0.07882677763700485
2024,1,93,0.1234058987062711,0.08006203919649124
2024,1,94,0.12455468768110642,0.07602617889642715
2024,1,95,0.109810948658448,0.08039531111717224
2024,1,96,0.12062581456624545,0.08193657547235489
2024,1,97,0.12682951299043801,0.07840244472026825
2024,1,98,0.1225845252092068,0.08008737862110138
2024,1,99,0.12116564409090923,0.07791533321142197
2024,1,100,0.10808975650713994,0.07947903126478195
2024,1,101,0.10400268234885655,0.0772588774561882
2024,1,102,0.10126844263420655,0.09097070246934891
2024,1,103,0.1321183884373078,0.08601371198892593
2024,1,104,0.11489391040343505,0.08718797564506531
2024,1,105,0.10498245977438413,0.08445059508085251
2024,1,106,0.11124690536123055,0.08219905942678452
2024,1,107,0.11025300478705993,0.08105868101119995
2024,1,108,0.11724110234242219,0.07793684303760529
2024,1,109,0.10700977278443483,0.07788889110088348
2024,1,110,0.11944414388674957,0.07563649117946625
2024,1,111,0.11578843398736073,0.07775628566741943
2024,1,112,0.09123440803243564,0.07372114062309265
2024,1,113,0.11369785207968491,0.0793861523270607
2024,1,114,0.10243170937666526,0.0772402212023735
2024,1,115,0.10703682956787255,0.08466888219118118
2024,1,116,0.11056663726384823,0.08017808943986893
2024,1,117,0.12908817311892143,0.07878745347261429
2024,1,118,0.10140848331726514,0.07557377964258194
2024,1,119,0.10875465548955478,0.07957138866186142
2024,1,120,0.12296372881302467,0.08018523454666138
2024,1,121,0.11473399887864406,0.07890433073043823
2024,1,122,0.11012120172381401,0.07530459761619568
2024,1,123,0.1040405797270628,0.0857776552438736
2024,1,124,0.11404600252325718,0.07917854934930801
2024,1,125,0.12910303931969863,0.07898552715778351
2024,1,126,0.11892438507997073,0.07509511709213257
2024,1,127,0.098929880043635,0.07804711908102036
2024,1,128,0.11395399272441864,0.08051619678735733
2024,1,129,0.11357395064372283,0.07828331738710403
2024,1,130,0.1117456225821605,0.07343932241201401
2024,1,131,0.10150486259506299,0.07720694690942764
2024,1,132,0.10196311886493976,0.07260801643133163
2024,1,133,0.08550394441072758,0.07458537071943283
2024,1,134,0.0940122830753143,0.07448998093605042
2024,1,135,0.11083061104783645,0.07777491211891174
2024,1,136,0.11647178891759652,0.07907785475254059
2024,1,137,0.09785461225188695,0.07875586301088333
2024,1,138,0.10246734091868767,0.0801127478480339
2024,1,139,0.11554164439439774,0.0747145339846611
2024,1,140,0.10836462561900799,0.0766793042421341
2024,1,141,0.09819634917836922,0.0823991447687149
2024,1,142,0.10771631621397458,0.08109305799007416
2024,1,143,0.1096665240251101,0.07968371361494064
2024,1,144,0.10617637118467918,0.07587309181690216
2024,1,145,0.10805217721141301,0.07787954807281494
2024,1,146,0.10360164395891704,0.07698030024766922
2024,1,147,0.10635870465865502,0.07923538237810135
2024,1,148,0.1021876925459275,0.07463622838258743
2024,1,149,0.10677314435060208,0.07712608575820923
2024,1,150,0.10496890201018406,0.07612525671720505
2024,1,151,0.1020600924698206,0.07431565970182419
2024,1,152,0.09499748280415168,0.07602009922266006
2024,1,153,0.10681121509808761,0.075984425842762
2024,1,154,0.09440992400050163,0.0794496163725853
2024,1,155,0.09350052361304943,0.07964177429676056
2024,1,156,0.0912883596924635,0.07707802206277847
2024,1,157,0.09968697394316013,0.07761502265930176
2024,1,158,0.10678379180339667,0.07924384623765945
2024,1,159,0.09730126852026352,0.076670341193676
2024,1,160,0.09680846677376674,0.07956939935684204
2024,1,161,0.10350917738217574,0.08094330877065659
2024,1,162,0.10038470247617134,0.08538921177387238
2024,2,0,0.435128499682133,0.4695243239402771
2024,2,1,0.4172932482682742,0.46616214513778687
2024,2,2,0.3800923595061669,0.4613761305809021
2024,2,3,0.3800763212717496,0.4552363157272339
2024,2,4,0.38797444563645583,0.4482614994049072
2024,2,5,0.4208556023927835,0.4400944113731384
2024,2,6,0.4248472979435554,0.4302712678909302
2024,2,7,0.35873934397330653,0.42003366351127625
2024,2,8,0.37674097086374575,0.4090587794780731
2024,2,9,0.38750216594109166,0.396834135055542
2024,2,10,0.35026866082961744,0.3841061592102051
2024,2,11,0.35991263274963087,0.3710058331489563
2024,2,12,0.3878972874237941,0.3579311668872833
2024,2,13,0.3771570749007739,0.3444051444530487
2024,2,14,0.32666460940471065,0.3283941149711609
2024,2,15,0.3605306228766075,0.3129270076751709
2024,2,16,0.314553065941884,0.29713812470436096
2024,2,17,0.30899658226049864,0.28157278895378113
2024,2,18,0.3003278890481362,0.26661986112594604
2024,2,19,0.3041013800180875,0.25147131085395813
2024,2,20,0.30019243405415463,0.23832446336746216
2024,2,21,0.26525342579071337,0.22604884207248688
2024,2,22,0.2587755379768518,0.2151385247707367
2024,2,23,0.284406385742701,0.20617780089378357
2024,2,24,0.2308106915308879,0.2005264312028885
2024,2,25,0.24229353207808274,0.19458232820034027
2024,2,26,0.25717253868396467,0.190898135304451
2024,2,27,0.24231825998196235,0.18776574730873108
2024,2,28,0.2609676363376471,0.18653541803359985
2024,2,29,0.21980216583380333,0.18427279591560364
2024,2,30,0.2383243928735073,0.1852145493030548
2024,2,31,0.1947385915196859,0.18282802402973175
2024,2,32,0.20876809266897348,0.1797989308834076
2024,2,33,0.20505463847747216,0.18570373952388763
2024,2,34,0.1965101808309555,0.17181511223316193
2024,2,35,0.19025206279296142,0.17368164658546448
2024,2,36,0.19314038925445998,0.17449918389320374
2024,2,37,0.15858354075596884,0.17332905530929565
2024,2,38,0.16581797771728957,0.1676926612854004
2024,2,39,0.20132676798563737,0.1742946356534958
2024,2,40,0.18811991123052743,0.16568756103515625
2024,2,41,0.1623332420220742,0.1647820621728897
2024,2,42,0.17554323719098017,0.17172133922576904
2024,2,43,0.18499430211690757,0.16594906151294708
2024,2,44,0.170077522786764,0.17172545194625854
2024,2,45,0.16981723274175936,0.17607475817203522
2024,2,46,0.16497823080191246,0.16059604287147522
2024,2,47,0.16681535312762627,0.16084589064121246
2024,2,48,0.1522550153044554,0.16112381219863892
2024,2,49,0.17167032624666506,0.15519721806049347
2024,2,50,0.16238741060862175,0.1496928632259369
2024,2,51,0.15720725460694387,0.16021008789539337
2024,2,52,0.16030919953034475,0.15937155485153198
2024,2,53,0.16908803639503625,0.1501559019088745
2024,2,54,0.1366096236384832,0.15595270693302155
2024,2,55,0.1517843988079291,0.17334620654582977
2024,2,56,0.15322852650514016,0.16364997625350952
2024,2,57,0.13141495562516725,0.16135385632514954
2024,2,58,0.15018237611422172,0.17293895781040192
2024,2,59,0.14615921103037322,0.16349969804286957
2024,2,60,0.15771015217671028,0.15860658884048462
2024,2,61,0.15461624700289506,0.15425993502140045
2024,2,62,0.1288059978530957,0.14779745042324066
2024,2,63,0.1182314484165265,0.1522952765226364
2024,2,64,0.12394283138788663,0.15359483659267426
2024,2,65,0.12257959349797322,0.14875489473342896
2024,2,66,0.13398299681452605,0.14300857484340668
2024,2,67,0.12981411585441002,0.1500445008277893
2024,2,68,0.1380284634920267,0.1526564657688141
2024,2,69,0.11452541328393497,0.15461917221546173
2024,2,70,0.1322746196618447,0.15067964792251587
2024,2,71,0.12938898228682005,0.15935838222503662
2024,2,72,0.12533157834639916,0.14931902289390564
2024,2,73,0.14107150240586355,0.15293462574481964
2024,2,74,0.12602931891496366,0.1578143984079361
2024,2,75,0.1356159640619388,0.14850659668445587
2024,2,76,0.1372725281577844,0.1444081962108612
2024,2,77,0.1201776799101096,0.15322141349315643
2024,2,78,0.13537780252786782,0.14458304643630981
2024,2,79,0.11888707486482766,0.1477375030517578
2024,2,80,0.11708692461252213,0.1468823254108429
2024,2,81,0.10917454786025561,0.14895787835121155
2024,2,82,0.1285559867437069,0.14473490417003632
2024,2,83,0.12679695338010788,0.15202739834785461
2024,2,84,0.11026123968454507,0.14636145532131195
2024,2,85,0.11791880600727521,0.1449311375617981
2024,2,86,0.12056927698162886,0.14194685220718384
2024,2,87,0.10785535522378407,0.15030090510845184
2024,2,88,0.1183353066444397,0.15335655212402344
2024,2,89,0.11179299709888604,0.1486535519361496
2024,2,90,0.11886982046640836,0.14426828920841217
2024,2,91,0.10875439586547705,0.14564892649650574
2024,2,92,0.10934756552943817,0.1444348841905594
2024,2,93,0.10696406490527667,0.14803434908390045
2024,2,94,0.10121310187073854,0.14618083834648132
2024,2,95,0.0986189332145911,0.16111193597316742
2024,2,96,0.10543895971316558,0.1615951955318451
2024,2,97,0.12297249126892823,0.1460195779800415
2024,2,98,0.10015247934139691,0.1485678106546402
2024,2,99,0.10045642463060525,0.14509889483451843
2024,2,100,0.09423815029171798,0.14358699321746826
2024,2,101,0.09930781045785317,0.14326922595500946
2024,2,102,0.10987926073945485,0.13977693021297455
2024,2,103,0.10410070820496632,0.14167478680610657
2024,2,104,0.10097187528243431,0.14199431240558624
2024,2,105,0.10836234602790612,0.14557047188282013
2024,2,106,0.09789805286205731,0.14889180660247803
2024,2,107,0.10182862872114548,0.1494104415178299
2024,2,108,0.10895506923015301,0.14750947058200836
2024,2,109,0.09256494159881885,0.14973264932632446
2024,2,110,0.09988870471715927,0.15513882040977478
2024,2,111,0.10497659215560326,0.15352052450180054
2024,2,112,0.09766790471397914,0.15358275175094604
2024,2,113,0.101658257154318,0.15103714168071747
2024,2,114,0.09754432336642192,0.14977574348449707
2024,2,115,0.09647244129043359,0.14514032006263733
2024,2,116,0.08460939618257377,0.14663532376289368
2024,2,117,0.09028143292436233,0.1496690809726715
2024,2,118,0.10648812009738041,0.14933821558952332
2024,2,119,0.09620338606719787,0.15226227045059204
2024,2,120,0.08770423067303804,0.14938555657863617
2024,2,121,0.09625258726569322,0.14839355647563934
2024,2,122,0.08657989335747865,0.14563210308551788
2024,2,123,0.0910036048063865,0.15013989806175232
2024,2,124,0.09431869336045705,0.14757980406284332
2024,2,125,0.08798583740225205,0.14913888275623322
2024,2,126,0.10583193198992656,0.1539531946182251
2024,2,127,0.09881260417974912,0.14830222725868225
2024,2,128,0.08026568992779805,0.14783824980258942
2024,2,129,0.08420215059931462,0.14507082104682922
2024,2,130,0.10328579636720511,0.14683832228183746
2024,2,131,0.09528153504316624,0.14451754093170166
2024,2,132,0.09416293094937618,0.15070989727973938
2024,2,133,0.09259107594306652,0.15346500277519226
2024,2,134,0.10597743996633933,0.1522023230791092
2024,2,135,0.08215759207422917,0.1486925184726715
2024,2,136,0.09535718422669631,0.14513447880744934
2024,2,137,0.10482876289349335,0.14621712267398834
2024,2,138,0.09061227452296478,0.1465936154127121
2024,2,139,0.09570603559796627,0.14613477885723114
2024,2,140,0.10306597157166554,0.14832988381385803
2024,2,141,0.08837354899599002,0.14905032515525818
2024,3,0,0.3811770035670354,0.4253578782081604
2024,3,1,0.4044585090417128,0.4216354191303253
2024,3,2,0.3803226065177184,0.41701605916023254
2024,3,3,0.35695348794643694,0.41196408867836
2024,3,4,0.36633838369296146,0.4061846435070038
2024,3,5,0.3835866038615887,0.39991143345832825
2024,3,6,0.40855668714413274,0.39289262890815735
2024,3,7,0.37573909071775585,0.3848836123943329
2024,3,8,0.37417108508256763,0.3755084276199341
2024,3,9,0.33845309913158417,0.3662046194076538
2024,3,10,0.3394666268275334,0.3567754030227661
2024,3,11,0.3297140460747939,0.3485601544380188
2024,3,12,0.36008764574160945,0.339619517326355
2024,3,13,0.35596133310061234,0.32940787076950073
2024,3,14,0.3477320075035095,0.3196275532245636
2024,3,15,0.33630607563715714,0.30842581391334534
2024,3,16,0.3168992755504755,0.2965838313102722
2024,3,17,0.31136990510500395,0.28283214569091797
2024,3,18,0.3110072555450293,0.26778852939605713
2024,3,19,0.32090887885827285,0.2512143552303314
2024,3,20,0.2787015185906337,0.23511840403079987
2024,3,21,0.2876376991088574,0.2216092050075531
2024,3,22,0.2422968057485727,0.21408216655254364
2024,3,23,0.2891026632143901,0.20626215636730194
2024,3,24,0.27441100718883366,0.1966303586959839
2024,3,25,0.2587133932572145,0.1925705224275589
2024,3,26,0.2515271111176564,0.19498974084854126
2024,3,27,0.22707001521037176,0.1893838346004486
2024,3,28,0.24141059357386369,0.18877069652080536
2024,3,29,0.23673801238720232,0.1881062090396881
2024,3,30,0.21656668472748536,0.18470092117786407
2024,3,31,0.21052348155241746,0.18007978796958923
2024,3,32,0.19570691883563995,0.17633488774299622
2024,3,33,0.20025684512578523,0.17265121638774872
2024,3,34,0.20227423711464956,0.17096328735351562
2024,3,35,0.21113866395675218,0.16694001853466034
2024,3,36,0.1934663510093322,0.161850243806839
2024,3,37,0.17742629177295244,0.15412643551826477
2024,3,38,0.1875553079522573,0.15707044303417206
2024,3,39,0.18377025941243538,0.15204066038131714
2024,3,40,0.1815429381453074,0.15822462737560272
2024,3,41,0.1768887169086016,0.16477225720882416
2024,3,42,0.17509214809307685,0.14654560387134552
2024,3,43,0.1518700598524167,0.1523030549287796
2024,3,44,0.16742964719350523,0.15134239196777344
2024,3,45,0.1645598099208795,0.1567644476890564
2024,3,46,0.1729842137831908,0.1532965749502182
2024,3,47,0.1577436436827366,0.14578747749328613
2024,3,48,0.1692264681825271,0.15284119546413422
2024,3,49,0.16514627864727607,0.14222095906734467
2024,3,50,0.1825199992610858,0.13774286210536957
2024,3,51,0.14834992243693426,0.14340540766716003
2024,3,52,0.15460059161369616,0.1410081684589386
2024,3,53,0.14594827878933686,0.14627882838249207
2024,3,54,0.160949391241257,0.1392243355512619
2024,3,55,0.14884150830598977,0.13472281396389008
2024,3,56,0.15635055418197924,0.1393013894557953
2024,3,57,0.1501160957492315,0.1379171758890152
2024,3,58,0.14532515922418007,0.13148213922977448
2024,3,59,0.15346008252639037,0.1367301195859909
2024,3,60,0.14022269157262948,0.13355796039104462
2024,3,61,0.14528383142673051,0.13176727294921875
2024,3,62,0.1308847448000541,0.13288463652133942
2024,3,63,0.13711737382870454,0.13121266663074493
2024,3,64,0.1440567420079158,0.12373047322034836
2024,3,65,0.14100266706485015,0.12454765290021896
2024,3,66,0.1324180897611838,0.12521347403526306
2024,3,67,0.13842960103200033,0.12070005387067795
2024,3,68,0.1353695679169435,0.12413521111011505
2024,3,69,0.1309001915729963,0.1274806559085846
2024,3,70,0.12522148054379684,0.1231045052409172
2024,3,71,0.13594746417724168,0.1160837933421135
2024,3,72,0.1411207111982199,0.12805302441120148
2024,3,73,0.1283935162310417,0.12286633998155594
2024,3,74,0.10652758696904549,0.12309098988771439
2024,3,75,0.1371579273388936,0.12110044062137604
2024,3,76,0.11250381716168843,0.12297987937927246
2024,3,77,0.11597561463713646,0.12494827061891556
2024,3,78,0.1273261709855153,0.12365195900201797
2024,3,79,0.11965866243610015,0.11949030309915543
2024,3,80,0.1169726625084877,0.12072518467903137
2024,3,81,0.10186202336962406,0.11882492154836655
2024,3,82,0.12519083000146425,0.12239209562540054
2024,3,83,0.11514445680838364,0.12236077338457108
2024,3,84,0.12131479726387905,0.12426430732011795
2024,3,85,0.11332949308248666,0.1193188801407814
2024,3,86,0.13607344117302161,0.1109595000743866
2024,3,87,0.12533359573437616,0.12066163867712021
2024,3,88,0.11138951549163231,0.11654531210660934
2024,3,89,0.13556284744005936,0.11355584859848022
2024,3,90,0.1272487439788305,0.11462229490280151
2024,3,91,0.11374557448121217,0.10968739539384842
2024,3,92,0.10612482004440747,0.11102687567472458
2024,3,93,0.11714477493212773,0.11263789981603622
2024,3,94,0.10756486826218091,0.1090962141752243
2024,3,95,0.12178507619179212,0.10919732600450516
2024,3,96,0.11209106760529372,0.10886434465646744
2024,3,97,0.10772323379149804,0.11328474432229996
2024,3,98,0.11366994163164726,0.11690234392881393
2024,3,99,0.1181073383643077,0.11126809567213058
2024,3,100,0.10376453027129173,0.11610950529575348
2024,3,101,0.11256962556105393,0.11224956065416336
2024,3,102,0.12040834501385689,0.10884693264961243
2024,3,103,0.10562218697025226,0.11545576900243759
2024,3,104,0.11018206351078473,0.11158009618520737
2024,3,105,0.11679569230629848,0.11479251086711884
2024,3,106,0.09962624712632252,0.1102200299501419
2024,3,107,0.08918062683481437,0.10586739331483841
2024,3,108,0.10490362030955461,0.11060763150453568
2024,3,109,0.11681672787437072,0.11925182491540909
2024,3,110,0.11642755883244368,0.10777431726455688
2024,3,111,0.10551938672478382,0.11293888092041016
2024,3,112,0.10562459264810269,0.11040687561035156
2024,3,113,0.11712950382095116,0.11123094707727432
2024,3,114,0.11117650224612309,0.11500593274831772
2024,3,115,0.11421385636696449,0.10918448865413666
2024,3,116,0.11445077852560924,0.11068149656057358
2024,3,117,0.11474226185908684,0.10815566778182983
2024,3,118,0.09565846679302362,0.1125178188085556
2024,3,119,0.10944792513663952,0.11088132113218307
2024,3,120,0.1176763864663931,0.11055175215005875
2024,3,121,0.09881092149477738,0.10957071185112
2024,3,122,0.111343270024428,0.1049281507730484
2024,3,123,0.08329753176524089,0.10986089706420898
2024,3,124,0.11454116982909349,0.10302641242742538
2024,3,125,0.10606857990989318,0.10704737156629562
2024,3,126,0.11020307070933856,0.10309623181819916
2024,3,127,0.0989988947717043,0.10687563568353653
2024,3,128,0.10286200791597366,0.10544504970312119
2024,3,129,0.10310931389148419,0.10329605638980865
2024,3,130,0.09868074122529763,0.10834197700023651
2024,3,131,0.09689191470925625,0.10779443383216858
2024,3,132,0.10407818452670024,0.1039937436580658
2024,3,133,0.11359303158063155,0.10849542915821075
2024,3,134,0.09860551471893604,0.10500122606754303
2024,3,135,0.09773437034052151,0.10260680317878723
2024,3,136,0.1094886356821427,0.10917426645755768
2024,3,137,0.1132999208684151,0.10361538082361221
2024,3,138,0.10436290387923901,0.10687572509050369
2024,3,139,0.10573544123998055,0.10676094144582748
2024,3,140,0.09656502535709968,0.10581564158201218
2024,3,141,0.10178016555997041,0.10762260854244232
2024,3,142,0.1004263681287949,0.10757026821374893
2024,3,143,0.0898593684228567,0.10762098431587219
2024,3,144,0.09689289302780078,0.10753686726093292
2024,3,145,0.09421428121053256,0.1102369949221611
2024,3,146,0.10030552859489734,0.11056743562221527
2024,3,147,0.09335751086473465,0.10642141848802567
2024,3,148,0.10561771862781964,0.1066274344921112
2024,3,149,0.1254431361762377,0.11096998304128647
2024,3,150,0.09778780346879593,0.11113908886909485
2024,3,151,0.11367071993075885,0.11105069518089294
2024,3,152,0.10000558770619906,0.1066504418849945
2024,3,153,0.0985331480892805,0.10673029720783234
2024,3,154,0.09360540343018678,0.10638922452926636
2024,3,155,0.10275816774139038,0.10622043162584305
2024,3,156,0.09068676800681995,0.10521472990512848
2024,3,157,0.09551702525753242,0.10879183560609818
2024,3,158,0.1024733862051597,0.10455486178398132
2024,3,159,0.09724857973364684,0.10487182438373566
2024,3,160,0.08970589362657987,0.10881844162940979
2024,3,161,0.09555082882826145,0.10685291141271591
2024,3,162,0.09195656644610259,0.11013147234916687
2024,3,163,0.10201117740227626,0.10708793252706528
2024,3,164,0.07698184280441357,0.1078895702958107
2024,3,165,0.10294248851446006,0.10670741647481918
2024,4,0,0.39891381160571027,0.47160667181015015
2024,4,1,0.44088098062918735,0.464706689119339
2024,4,2,0.4498843951867177,0.4550861716270447
2024,4,3,0.4725002027474917,0.4438929259777069
2024,4,4,0.4103851547608009,0.43075695633888245
2024,4,5,0.4498147609142157,0.41644275188446045
2024,4,6,0.41341938651525056,0.40005338191986084
2024,4,7,0.4335862730558102,0.3828549385070801
2024,4,8,0.4002042275208693,0.36670607328414917
2024,4,9,0.40663536007587725,0.3493887782096863
2024,4,10,0.3760981479516396,0.33098897337913513
2024,4,11,0.41137124827274907,0.31287097930908203
2024,4,12,0.4240625294355246,0.2924593687057495
2024,4,13,0.37468989766561067,0.2715522348880768
2024,4,14,0.3908641470166353,0.25121021270751953
2024,4,15,0.34317965461657596,0.23044128715991974
2024,4,16,0.35010126118476576,0.2094687521457672
2024,4,17,0.30775238000429594,0.1908753663301468
2024,4,18,0.36152442602010876,0.17611955106258392
2024,4,19,0.29538925565206087,0.16306369006633759
2024,4,20,0.3165350086413897,0.15110516548156738
2024,4,21,0.2660862064132324,0.14497283101081848
2024,4,22,0.3013749707203645,0.14253652095794678
2024,4,23,0.25068244567284215,0.14121976494789124
2024,4,24,0.2628512944166477,0.1425057053565979
2024,4,25,0.24899736963785613,0.14772655069828033
2024,4,26,0.2500188270440468,0.1565147191286087
2024,4,27,0.23634094229111305,0.15966805815696716
2024,4,28,0.21091259729403716,0.16472241282463074
2024,4,29,0.22641603763286883,0.17194928228855133
2024,4,30,0.2115765019105031,0.16815464198589325
2024,4,31,0.21518509204571062,0.16495923697948456
2024,4,32,0.2168990637247379,0.16633521020412445
2024,4,33,0.22474709382423988,0.1722046285867691
2024,4,34,0.2100062003502479,0.17151087522506714
2024,4,35,0.20496761053800583,0.16265037655830383
2024,4,36,0.19542729969208056,0.16443251073360443
2024,4,37,0.18031668433776268,0.16145344078540802
2024,4,38,0.17986237372343356,0.1678672581911087
2024,4,39,0.1902534835613691,0.17405711114406586
2024,4,40,0.18057728788027397,0.16800296306610107
2024,4,41,0.1792595128600414,0.15088334679603577
2024,4,42,0.16966295872743314,0.1579921841621399
2024,4,43,0.19402854717694795,0.1585984230041504
2024,4,44,0.1628247665671202,0.1645171195268631
2024,4,45,0.16759873697390923,0.15399779379367828
2024,4,46,0.19501964289408463,0.14553377032279968
2024,4,47,0.16852015715378982,0.14668084681034088
2024,4,48,0.1623672189620825,0.15165233612060547
2024,4,49,0.1531355008482933,0.1538240760564804
2024,4,50,0.1460152491927147,0.13934221863746643
2024,4,51,0.1594382610458594,0.14818871021270752
2024,4,52,0.16673626865331942,0.12713202834129333
2024,4,53,0.16545957785386306,0.126471608877182
2024,4,54,0.13102492919335,0.12364767491817474
2024,4,55,0.12946353336939445,0.12718863785266876
2024,4,56,0.129774038035136,0.13277997076511383
2024,4,57,0.14796840743376657,0.12607786059379578
2024,4,58,0.12840125996332902,0.13146208226680756
2024,4,59,0.14618800637813714,0.11424577981233597
2024,4,60,0.1462874891093144,0.11601228266954422
2024,4,61,0.1333137137385515,0.12522564828395844
2024,4,62,0.14266942957272896,0.12323334068059921
2024,4,63,0.1336669044998976,0.12262102961540222
2024,4,64,0.131494917262059,0.13424694538116455
2024,4,65,0.1378996197420817,0.12769261002540588
2024,4,66,0.1181208393894709,0.10996571183204651
2024,4,67,0.1413432646256227,0.13926517963409424
2024,4,68,0.1445460972877649,0.11871685087680817
2024,4,69,0.1354500106894053,0.12100164592266083
2024,4,70,0.13174217595503881,0.11911269277334213
2024,4,71,0.12522476596327928,0.12175187468528748
2024,4,72,0.11265322795281044,0.14001482725143433
2024,4,73,0.1344868982067475,0.11580585688352585
2024,4,74,0.1307817382308153,0.11031243205070496
2024,4,75,0.12203691412623112,0.12774348258972168
2024,4,76,0.12843452795193747,0.11001656204462051
2024,4,77,0.12598017889719743,0.11329495161771774
2024,4,78,0.10995032065189801,0.10918737947940826
2024,4,79,0.11683644927464999,0.12275557219982147
2024,4,80,0.13365511080393425,0.12478888779878616
2024,4,81,0.11287907052498597,0.1139930933713913
2024,4,82,0.12725808012944,0.11189550906419754
2024,4,83,0.1311214600618069,0.1104116290807724
2024,4,84,0.11507262174899761,0.1124999076128006
2024,4,85,0.12170366656321746,0.10258719325065613
2024,4,86,0.11457521210496242,0.11370814591646194
2024,4,87,0.12382259449133506,0.09883765876293182
2024,4,88,0.10699771201381317,0.10552681237459183
2024,4,89,0.11609839132198921,0.10368859022855759
2024,4,90,0.11487610380236919,0.10254215449094772
2024,4,91,0.12252912641717838,0.10869160294532776
2024,4,92,0.1100383188862067,0.10137009620666504
2024,4,93,0.1104500603217345,0.11135030537843704
2024,4,94,0.1070590652525425,0.12007389217615128
2024,4,95,0.12369464337825775,0.11691823601722717
2024,4,96,0.10576512206059235,0.10698696225881577
2024,4,97,0.10787043204674354,0.10377013683319092
2024,4,98,0.10301073554616708,0.10691753029823303
2024,4,99,0.10352038133602876,0.10697668790817261
2024,4,100,0.09824675264266822,0.09806044399738312
2024,4,101,0.09948710581431022,0.10650782287120819
2024,4,102,0.11166711839345786,0.10641780495643616
2024,4,103,0.11246207356452942,0.0980646014213562
2024,4,104,0.10279472974630502,0.10660776495933533
2024,4,105,0.10430776442472751,0.10316526889801025
2024,4,106,0.10758173351104443,0.10245006531476974
2024,4,107,0.09900941814367588,0.1129094585776329
2024,4,108,0.10634592003547229,0.10407157242298126
2024,4,109,0.12076117528172639,0.1018318459391594
2024,4,110,0.11197872173327666,0.09773949533700943
2024,4,111,0.1141496948324717,0.09807339310646057
2024,4,112,0.10427709210377473,0.10490436851978302
2024,4,113,0.11126963450358464,0.10632462054491043
2024,4,114,0.11447859870699736,0.1034562885761261
2024,4,115,0.0971863458936031,0.10839519649744034
2024,4,116,0.10050852396167241,0.10715435445308685
2024,4,117,0.08916095758859928,0.09975942224264145
2024,4,118,0.1103528322508702,0.0995260551571846
2024,4,119,0.10538615744847518,0.10235775262117386
2024,4,120,0.10115674424629945,0.10755717009305954
2024,4,121,0.08305741244783768,0.10471738129854202
2024,4,122,0.09747834245745952,0.1034361720085144
2024,4,123,0.11440621717618062,0.10006968677043915
2024,4,124,0.09203691436694218,0.10780610889196396
2024,4,125,0.10100287342300782,0.10382429510354996
2024,4,126,0.09934885914509113,0.09673132747411728
2024,4,127,0.10479737646304645,0.10083425045013428
2024,4,128,0.08884639350267556,0.10310183465480804
2024,4,129,0.1108039439870761,0.09859773516654968
2024,4,130,0.10845019496404208,0.09480469673871994
2024,4,131,0.10042524595673268,0.0987667664885521
2024,4,132,0.10821805751094452,0.10151165723800659
2024,4,133,0.08915933078298202,0.1005919948220253
2024,4,134,0.1028813082151688,0.09592089802026749
2024,4,135,0.09434248650303254,0.10031861811876297
2024,4,136,0.09597898503908744,0.09866872429847717
2024,4,137,0.09460171770591003,0.10616479068994522
2024,4,138,0.09631133709962551,0.10014786571264267
2024,4,139,0.09485644675218143,0.09731187671422958
2024,4,140,0.1065173249405164,0.09712342917919159
2024,4,141,0.09794563800096512,0.10113198310136795
2024,4,142,0.08968092816380355,0.10315655916929245
2024,4,143,0.09803323934857662,0.09860095381736755
2024,4,144,0.09736983965222652,0.10284928232431412
2024,4,145,0.09102957523786105,0.0981268584728241
2024,4,146,0.10598807982527293,0.10003117471933365
2024,4,147,0.09621167555451393,0.09933312982320786
2024,4,148,0.10365181502241355,0.10075414180755615
2024,4,149,0.1076665288553788,0.09592319279909134
2024,4,150,0.08322809980465816,0.0989123210310936
2024,4,151,0.10516068912469424,0.09684565663337708
2024,4,152,0.0933050404374416,0.09423533082008362
2024,4,153,0.09754708896462734,0.1007021963596344
2024,4,154,0.09739503149802868,0.10100079327821732
2024,4,155,0.10267636867669913,0.10072453320026398
2024,4,156,0.10271651670336723,0.09456244111061096
2024,4,157,0.08558871826300254,0.09824793040752411
2024,4,158,0.1001205315383581,0.09621067345142365
2024,4,159,0.08971157440772423,0.09403037279844284
2024,4,160,0.07994360476732254,0.09913967549800873
2024,4,161,0.09653123468160629,0.09886179864406586
2024,4,162,0.08554311927694541,0.09831542521715164
2024,4,163,0.0980336878162164,0.0980716198682785
2024,4,164,0.09059067013172004,0.09486119449138641
2024,4,165,0.08758536898172818,0.09850209206342697
2024,4,166,0.08301279636529776,0.10116739571094513
2024,4,167,0.1121124610877954,0.09890793263912201
2024,4,168,0.0832378316957217,0.09612090140581131
2024,4,169,0.09243239720280354,0.10029550641775131
2024,4,170,0.0958172340805714,0.1034768670797348
2024,4,171,0.09551815058176334,0.10309626907110214
2024,4,172,0.09105767080417046,0.09913496673107147
2024,4,173,0.09100747194427711,0.09940291196107864
2024,4,174,0.09613387258006977,0.10236935317516327
2024,4,175,0.09313644841313362,0.1010461151599884
2024,4,176,0.0919162120956641,0.09718794375658035
2024,4,177,0.10122139293413895,0.10173460096120834
2024,4,178,0.09834547398182061,0.10021524876356125
2024,4,179,0.08845675421448854,0.09829480201005936
2024,4,180,0.10212542517827107,0.10042068362236023
2024,4,181,0.08549644597447835,0.09716193377971649
2024,4,182,0.08672237081023362,0.09779195487499237
2024,4,183,0.09792485460639,0.1006699651479721
2024,4,184,0.08878282686838737,0.10123534500598907
2024,4,185,0.09001099805419262,0.09881068766117096
2024,4,186,0.07942472255000702,0.0996580570936203
2024,4,187,0.09327115834905551,0.10017737001180649
2024,4,188,0.08931163784403068,0.10066182911396027
2024,4,189,0.08957661745639947,0.10089302808046341
7,0,0,0.388804724583259,0.3770538568496704
7,0,1,0.3925736684065599,0.37535610795021057
7,0,2,0.38763765876109785,0.37332484126091003
7,0,3,0.41364656961881197,0.3708178699016571
7,0,4,0.4096600413322449,0.36775481700897217
7,0,5,0.4123857170343399,0.3644894063472748
7,0,6,0.3890941246197774,0.36089321970939636
7,0,7,0.3617163976797691,0.357210636138916
7,0,8,0.384051181949102,0.3529743552207947
7,0,9,0.3871955034824518,0.3484736979007721
7,0,10,0.3820984042607821,0.3441285789012909
7,0,11,0.3740887756531055,0.3390653729438782
7,0,12,0.35839469272356766,0.33313608169555664
7,0,13,0.3691313977424915,0.3267337381839752
7,0,14,0.331580876157834,0.31936365365982056
7,0,15,0.3283342925401834,0.3120408356189728
7,0,16,0.33634950105960554,0.3034500777721405
7,0,17,0.3703937897315392,0.2947597801685333
7,0,18,0.332319886638568,0.28494489192962646
7,0,19,0.3300352245569229,0.2728348672389984
7,0,20,0.3422698092002135,0.25893735885620117
7,0,21,0.32786582524959856,0.2450358122587204
7,0,22,0.342781839462427,0.2256309986114502
7,0,23,0.3021400926204828,0.2077777087688446
7,0,24,0.3256336347414897,0.18870809674263
7,0,25,0.273994301374142,0.16785204410552979
7,0,26,0.2775050728366925,0.1581718772649765
7,0,27,0.29304402952010816,0.14594924449920654
7,0,28,0.2732767095932594,0.14671659469604492
7,0,29,0.2552946714254526,0.14933840930461884
7,0,30,0.26123198522971225,0.14642395079135895
7,0,31,0.21977029740810394,0.14257362484931946
7,0,32,0.26424192923765916,0.16076812148094177
7,0,33,0.2517829010119805,0.15691624581813812
7,0,34,0.24896616889880255,0.145245760679245
7,0,35,0.21563060581684113,0.15392951667308807
7,0,36,0.24251627119687888,0.16640403866767883
7,0,37,0.18979002764591804,0.14902733266353607
7,0,38,0.21390555168573672,0.1616663634777069
7,0,39,0.20178778240313897,0.14299334585666656
7,0,40,0.17996855595937142,0.13368329405784607
7,0,41,0.2009462805894705,0.12667323648929596
7,0,42,0.19404071397506273,0.12836682796478271
7,0,43,0.19592517557052466,0.13865073025226593
7,0,44,0.1769766371983748,0.14277732372283936
7,0,45,0.17919317002479845,0.12330267578363419
7,0,46,0.1858338450010006,0.1256398856639862
7,0,47,0.15023917934069267,0.1276046484708786
7,0,48,0.16132588054125124,0.11860010027885437
7,0,49,0.19256651114958984,0.1194351390004158
7,0,50,0.1756766942831186,0.12330816686153412
7,0,51,0.17081074588573897,0.1154514029622078
7,0,52,0.18876243898501763,0.10646359622478485
7,0,53,0.17396989063574717,0.10340603440999985
7,0,54,0.14922757217517266,0.11152630299329758
7,0,55,0.17002055106254724,0.10737651586532593
7,0,56,0.16558780979651672,0.10533152520656586
7,0,57,0.15079101977440026,0.10832776129245758
7,0,58,0.1372730382359945,0.09594093263149261
7,0,59,0.15514888557103965,0.09374964982271194
7,0,60,0.1304365568436109,0.09335378557443619
7,0,61,0.14735424575897363,0.09004540741443634
7,0,62,0.13899912198002523,0.08905815333127975
7,0,63,0.139461772946211,0.09236615151166916
7,0,64,0.14920507142176995,0.09061653167009354
7,0,65,0.1562306210398674,0.08962102234363556
7,0,66,0.13031096240648857,0.0908985286951065
7,0,67,0.1306531331860102,0.09199661761522293
7,0,68,0.14994171605660364,0.09193798154592514
7,0,69,0.14531806856393814,0.08980829268693924
7,0,70,0.1198538513137744,0.08949939161539078
7,0,71,0.13072372342531496,0.0894731804728508
7,0,72,0.1425296188547061,0.0911339521408081
7,0,73,0.11650471847790939,0.09216127544641495
7,0,74,0.13778367925148743,0.09243648499250412
7,0,75,0.13033313017625076,0.09504510462284088
7,0,76,0.148637922337422,0.09769462049007416
7,0,77,0.12479089085872357,0.09845088422298431
7,0,78,0.13058542402891013,0.10241147130727768
7,0,79,0.12882045197945374,0.0979476198554039
7,0,80,0.13694928099329656,0.09637834876775742
7,0,81,0.12258306489540981,0.09706251323223114
7,0,82,0.10993613474644147,0.09907268732786179
7,0,83,0.10167400452953118,0.10046900063753128
7,0,84,0.11758850801449555,0.10418511927127838
7,0,85,0.11594735343868916,0.10404320806264877
7,0,86,0.14314860048202369,0.09995115548372269
7,0,87,0.1072187738922926,0.09864945709705353
7,0,88,0.11905696558264586,0.09151109308004379
7,0,89,0.11118630147897281,0.09330859780311584
7,0,90,0.12432031104197869,0.09538864344358444
7,0,91,0.1270336018731961,0.09426429122686386
7,0,92,0.11868416919158055,0.09365434944629669
7,0,93,0.11872942745685577,0.09210219979286194
7,0,94,0.11252927092405465,0.09166817367076874
7,0,95,0.10561364316023313,0.09242934733629227
7,0,96,0.12554900921308076,0.09602145850658417
7,0,97,0.11057423542325313,0.09003138542175293
7,0,98,0.10412111935707238,0.0902906209230423
7,0,99,0.11028243572666095,0.08764483034610748
7,0,100,0.1279404994386893,0.09089874476194382
7,0,101,0.1092536965241799,0.09439689666032791
7,0,102,0.11397102575462598,0.09314674139022827
7,0,103,0.11438797672207539,0.09079387038946152
7,0,104,0.10694788195765935,0.08831023424863815
7,0,105,0.114621601998806,0.09166853874921799
7,0,106,0.09969385254841584,0.09165490418672562
7,0,107,0.11711993870826867,0.09200997650623322
7,0,108,0.11676527158572124,0.09229758381843567
7,0,109,0.1174021540926053,0.09478261321783066
7,0,110,0.1080438382923603,0.09390734136104584
7,0,111,0.10904551240114066,0.09564388543367386
7,0,112,0.11599620403005527,0.09728369861841202
7,0,113,0.09985200115121327,0.09815985709428787
7,0,114,0.10005272409090629,0.09535130858421326
7,0,115,0.11840875790669368,0.09681903570890427
7,0,116,0.10630594136623236,0.09832611680030823
7,0,117,0.09143377439333843,0.10061986744403839
7,0,118,0.11696521020852603,0.09676007926464081
7,0,119,0.10279716780552497,0.09953832626342773
7,0,120,0.09787536727694365,0.10280314087867737
7,0,121,0.10946511849761009,0.10008053481578827
7,0,122,0.10495163557621148,0.10187720507383347
7,0,123,0.1053602214042957,0.09905276447534561
7,0,124,0.1044902944794068,0.10589665174484253
7,0,125,0.09985034397015205,0.10435283929109573
7,0,126,0.10934060238874875,0.09710371494293213
7,0,127,0.11911709205462383,0.09615522623062134
7,0,128,0.090008745686366,0.09633352607488632
7,0,129,0.11037799830620106,0.09763086587190628
7,0,130,0.11112244943013558,0.09751540422439575
7,0,131,0.09727554223858394,0.09902078658342361
7,0,132,0.08509226630513485,0.10144110769033432
7,0,133,0.1006914798456889,0.09976533055305481
7,0,134,0.09105810437064904,0.10149835795164108
7,0,135,0.10168332979083061,0.10042108595371246
7,0,136,0.10077734979299399,0.09974082559347153
7,0,137,0.08753446203011733,0.1003798246383667
7,0,138,0.09488841862632678,0.1022089496254921
7,0,139,0.09942793158384469,0.10466058552265167
7,0,140,0.08852085327872863,0.10835445672273636
7,0,141,0.0902762904476661,0.10715126991271973
7,1,0,0.36774712571730983,0.3581297695636749
7,1,1,0.42115816130087924,0.3555409908294678
7,1,2,0.323191931614509,0.35204005241394043
7,1,3,0.4285657348541113,0.34773337841033936
7,1,4,0.3214749269760572,0.3431764841079712
7,1,5,0.378819995201551,0.33782869577407837
7,1,6,0.3778276936366008,0.3321566581726074
7,1,7,0.3640753821684764,0.32683515548706055
7,1,8,0.35658575135927933,0.32153791189193726
7,1,9,0.3799806328920218,0.3156234622001648
7,1,10,0.35213764814230114,0.30928200483322144
7,1,11,0.40296422174343693,0.3032482862472534
7,1,12,0.3516188859939575,0.29617154598236084
7,1,13,0.32506266694802505,0.28715816140174866
7,1,14,0.3576444204037006,0.2770061492919922
7,1,15,0.34645842818113476,0.26661521196365356
7,1,16,0.3057392170796028,0.25501635670661926
7,1,17,0.3457607626914978,0.2425810545682907
7,1,18,0.3387962980912282,0.22827309370040894
7,1,19,0.29462837083981586,0.21331217885017395
7,1,20,0.3134028774041396,0.19886933267116547
7,1,21,0.2861658357656919,0.18250387907028198
7,1,22,0.26773780011213744,0.1704176962375641
7,1,23,0.2731883858258908,0.1596364825963974
7,1,24,0.27895263410531557,0.14924991130828857
7,1,25,0.2583389196258325,0.1364416480064392
7,1,26,0.23185479354399902,0.12712585926055908
7,1,27,0.22770894720004156,0.11866579204797745
7,1,28,0.21929264985598051,0.11420892179012299
7,1,29,0.22616992031152433,0.11171041429042816
7,1,30,0.223359893147762,0.10938402265310287
7,1,31,0.25413663857258284,0.10413713753223419
7,1,32,0.21547150841126075,0.1012151688337326
7,1,33,0.1799052243049328,0.09916254878044128
7,1,34,0.21574977269539466,0.09640471637248993
7,1,35,0.1914590746164322,0.09387553483247757
7,1,36,0.1949042740922708,0.09590515494346619
7,1,37,0.17395371542527124,0.09254194796085358
7,1,38,0.1934596598148346,0.09265167266130447
7,1,39,0.17409976629110482,0.09046605229377747
7,1,40,0.1687541242975455,0.08853450417518616
7,1,41,0.1650542622575393,0.08639844506978989
7,1,42,0.18503978389960068,0.08727971464395523
7,1,43,0.17394927373299232,0.08151671290397644
7,1,44,0.18486751673313287,0.08163197338581085
7,1,45,0.17227387829468802,0.07856985926628113
7,1,46,0.1493415299516458,0.0756356492638588
7,1,47,0.15789497185211915,0.07369759678840637
7,1,48,0.16045169417674726,0.07060707360506058
7,1,49,0.1440053037725962,0.07277193665504456
7,1,50,0.15808554796072152,0.07299333065748215
7,1,51,0.14619349057857806,0.07094164937734604
7,1,52,0.15964651766877908,0.0728374570608139
7,1,53,0.14049998900065055,0.06716664135456085
7,1,54,0.14785588475374076,0.06653110682964325
7,1,55,0.14009698021870393,0.06666833907365799
7,1,56,0.13772805493611556,0.06595662981271744
7,1,57,0.14669942053464743,0.06568524241447449
7,1,58,0.14244849578692362,0.06284663826227188
7,1,59,0.1494700054709728,0.06269331276416779
7,1,60,0.12937106077487653,0.06618248671293259
7,1,61,0.12549934937403753,0.05999911203980446
7,1,62,0.13138398098257872,0.060767728835344315
7,1,63,0.14281706970471603,0.06051487848162651
7,1,64,0.1311077452622927,0.06108168512582779
7,1,65,0.1351419509603427,0.062426112592220306
7,1,66,0.145520792557643,0.061860907822847366
7,1,67,0.12629189170323885,0.06318431347608566
7,1,68,0.13510632113768503,0.060682620853185654
7,1,69,0.12115331624562924,0.05911855027079582
7,1,70,0.1267136765214113,0.06062367185950279
7,1,71,0.12578677529325852,0.0612504780292511
7,1,72,0.12022846535994457,0.05940036475658417
7,1,73,0.1243833710367863,0.058753032237291336
7,1,74,0.12814549872508416,0.05845295265316963
7,1,75,0.13159455645542878,0.0585857518017292
7,1,76,0.13393694477585646,0.05925917997956276
7,1,77,0.11662860673207504,0.055609941482543945
7,1,78,0.1334234499014341,0.05509807541966438
7,1,79,0.107910383779269,0.05684785544872284
7,1,80,0.12424294593242499,0.05858056992292404
7,1,81,0.1168813593685627,0.05514615401625633
7,1,82,0.11049911924279653,0.05446281656622887
7,1,83,0.1112837688280986,0.05579090863466263
7,1,84,0.11428150076132554,0.05413107946515083
7,1,85,0.10674621909856796,0.05470925569534302
7,1,86,0.1030202040878626,0.05509393289685249
7,1,87,0.10393865406513214,0.05514097958803177
7,1,88,0.11924499961046073,0.05482032522559166
7,1,89,0.12401422714957824,0.05562860146164894
7,1,90,0.1216045285646732,0.054639123380184174
7,1,91,0.11711000479184665,0.05331367254257202
7,1,92,0.1038815648509906,0.05146965757012367
7,1,93,0.11212843599227759,0.05076093599200249
7,1,94,0.1076171504190335,0.05235641822218895
7,1,95,0.10692093034203236,0.05334269255399704
7,1,96,0.10340459014360721,0.05109862983226776
7,1,97,0.1227045554954272,0.05384808033704758
7,1,98,0.09963149949908257,0.0532807819545269
7,1,99,0.10640520688432914,0.05081524699926376
7,1,100,0.10225160248004474,0.0511457584798336
7,1,101,0.11335744393559602,0.05304872617125511
7,1,102,0.11165177191679294,0.049303386360406876
7,1,103,0.09980396553874016,0.04895642772316933
7,1,104,0.09113014202851516,0.04863790050148964
7,1,105,0.11889871324484165,0.047364890575408936
7,1,106,0.10917936838590182,0.049043115228414536
7,1,107,0.1043683963899429,0.05162058025598526
7,1,108,0.11762950196862221,0.047900088131427765
7,1,109,0.09878426532332714,0.047518182545900345
7,1,110,0.10583368087044129,0.048474397510290146
7,1,111,0.10510160802648617,0.04991269111633301
7,1,112,0.09362314097010173,0.04820387065410614
7,1,113,0.11143446025940087,0.048389364033937454
7,1,114,0.10767072926347072,0.04865827038884163
7,1,115,0.10315351417431465,0.04846090078353882
7,1,116,0.10412688782581916,0.05172251537442207
7,1,117,0.1023832166997286,0.051517143845558167
7,1,118,0.09755706815765454,0.050246234983205795
7,1,119,0.10503786945572266,0.04794365167617798
7,1,120,0.1053798244549678,0.04649966210126877
7,1,121,0.08598552586940619,0.046046946197748184
7,1,122,0.0979520154113953,0.04929783195257187
7,1,123,0.08842536434531212,0.05036315321922302
7,1,124,0.0944430916928328,0.05246914178133011
7,1,125,0.10501811194878358,0.04945461452007294
7,1,126,0.10623833479789588,0.04717940837144852
7,1,127,0.09479212760925293,0.04713759198784828
7,1,128,0.0869594869705347,0.047047510743141174
7,1,129,0.09862619695755151,0.04737255722284317
7,1,130,0.09067694384318131,0.04717092216014862
7,1,131,0.09310781525877806,0.04685251787304878
7,1,132,0.10216212272644043,0.04935150220990181
7,1,133,0.08845588794121376,0.0487339086830616
7,1,134,0.08644919398312385,0.04782620444893837
7,1,135,0.09807061518614109,0.04796953871846199
7,1,136,0.09514596198613827,0.047764088958501816
7,1,137,0.08798994897649838,0.04763118550181389
7,1,138,0.09885525818054493,0.046508289873600006
7,1,139,0.09483236819505692,0.04437046870589256
7,1,140,0.09871253213630272,0.04527750611305237
7,1,141,0.09653095241922599,0.04495363309979439
7,1,142,0.1057529953809885,0.04633656144142151
7,1,143,0.09089775240192047,0.044993381947278976
7,1,144,0.10270959511399269,0.04423094540834427
7,1,145,0.0989863697725993,0.04410596936941147
7,1,146,0.08057617396116257,0.04425857961177826
7,1,147,0.08533699982441388,0.04357503354549408
7,1,148,0.08120958936902192,0.043795712292194366
7,1,149,0.0940699213399337,0.044544581323862076
7,1,150,0.09923910034390596,0.044273555278778076
7,1,151,0.09807553830055091,0.04355904832482338
7,1,152,0.09247608396869439,0.04287044331431389
7,1,153,0.08931016119626853,0.04468156769871712
7,1,154,0.08278247714042664,0.04641355946660042
7,1,155,0.10047717220508136,0.046930816024541855
7,1,156,0.09472805777421364,0.04545645788311958
7,1,157,0.10382859523479755,0.04485730454325676
7,1,158,0.10713635843533736,0.04322303459048271
7,1,159,0.08363788546277927,0.04347958788275719
7,1,160,0.08469645363780168,0.044581327587366104
7,1,161,0.08822102472186089,0.045635443180799484
7,1,162,0.08693624144563308,0.04773547872900963
7,1,163,0.088355513719412,0.047864124178886414
7,1,164,0.09217217335334191,0.04752460867166519
7,1,165,0.09219819593888062,0.046610236167907715
7,1,166,0.092947429475876,0.04616619274020195
7,1,167,0.096408661454916,0.045429445803165436
7,1,168,0.0956523263683686,0.04590468481183052
7,1,169,0.09879707430417721,0.046836454421281815
7,1,170,0.0829306233387727,0.046440981328487396
7,1,171,0.09852594309128247,0.04566745087504387
7,1,172,0.09788393171933982,0.0449492447078228
7,1,173,0.09447916224598885,0.04465208575129509
7,1,174,0.08814856725243422,0.044550828635692596
7,1,175,0.09413451386185792,0.045392006635665894
7,1,176,0.09591260552406311,0.045161936432123184
7,1,177,0.07626748027709815,0.04490215703845024
7,1,178,0.08263261358325298,0.04492921754717827
7,1,179,0.10177612118422985,0.04468820244073868
7,1,180,0.08276776682872039,0.044551998376846313
7,1,181,0.08913150200477013,0.044514331966638565
7,1,182,0.08515565670453586,0.04467697814106941
7,2,0,0.4398173070870913,0.5008220076560974
7,2,1,0.442521605354089,0.49529507756233215
7,2,2,0.40908719713871294,0.48788100481033325
7,2,3,0.4575179459956976,0.4789142906665802
7,2,4,0.4098082689138559,0.46926435828208923
7,2,5,0.4142899031822498,0.45771077275276184
7,2,6,0.4050437808036804,0.44549575448036194
7,2,7,0.38565807388379025,0.43237680196762085
7,2,8,0.43730566707941204,0.4182157516479492
7,2,9,0.35983827595527357,0.4037362337112427
7,2,10,0.38544736114832073,0.3873652219772339
7,2,11,0.36770141353973973,0.3710591793060303
7,2,12,0.37102376841581786,0.3529914319515228
7,2,13,0.37754257367207456,0.3345836400985718
7,2,14,0.35388214542315555,0.31597769260406494
7,2,15,0.3797329572530893,0.29884886741638184
7,2,16,0.35400776450450605,0.28118064999580383
7,2,17,0.36829415422219497,0.2636231482028961
7,2,18,0.3545874815720778,0.24842730164527893
7,2,19,0.31980784638569903,0.23299099504947662
7,2,20,0.3070306732104375,0.21536146104335785
7,2,21,0.3092704438246213,0.19816160202026367
7,2,22,0.27107423543930054,0.1845916211605072
7,2,23,0.29307492077350616,0.17344000935554504
7,2,24,0.23242844870457283,0.16617493331432343
7,2,25,0.22864878922700882,0.16141703724861145
7,2,26,0.27738864490619075,0.15914016962051392
7,2,27,0.252153795499068,0.15892761945724487
7,2,28,0.2461520777298854,0.16108928620815277
7,2,29,0.23696752580312583,0.16411763429641724
7,2,30,0.22902588145090982,0.16393202543258667
7,2,31,0.21281644587333387,0.16170869767665863
7,2,32,0.2355572208762169,0.1665569692850113
7,2,33,0.23909752815961838,0.16211308538913727
7,2,34,0.19625369172829848,0.17119711637496948
7,2,35,0.20428677877554527,0.1737469583749771
7,2,36,0.2100904039465464,0.17263376712799072
7,2,37,0.19433501076239806,0.16232576966285706
7,2,38,0.17058363786110511,0.14772957563400269
7,2,39,0.16058078522865588,0.1478608250617981
7,2,40,0.18856842815876007,0.15189842879772186
7,2,41,0.18400837652958357,0.14840175211429596
7,2,42,0.19294181179541808,0.14398731291294098
7,2,43,0.18532286641689447,0.14768114686012268
7,2,44,0.1706606625364377,0.1380511224269867
7,2,45,0.17618183734325263,0.13731536269187927
7,2,46,0.15971961273596838,0.12844157218933105
7,2,47,0.17183204625661558,0.12652984261512756
7,2,48,0.1486216474037904,0.12570780515670776
7,2,49,0.15651250057495558,0.12844768166542053
7,2,50,0.16596524130839568,0.11906857788562775
7,2,51,0.15939257523188224,0.11604917049407959
7,2,52,0.1553063174852958,0.11848298460245132
7,2,53,0.1605867141714463,0.12042919546365738
7,2,54,0.17009582485143954,0.12007717788219452
7,2,55,0.13943602717839754,0.12346164882183075
7,2,56,0.1530475576336567,0.11999257653951645
7,2,57,0.16669123161297578,0.11680621653795242
7,2,58,0.1463361757879074,0.11916907131671906
7,2,59,0.16124271372189888,0.11296510696411133
7,2,60,0.15460778400301933,0.1112026572227478
7,2,61,0.15726215449663308,0.10895843803882599
7,2,62,0.1578295093316298,0.10887302458286285
7,2,63,0.1419453787115904,0.10281262546777725
7,2,64,0.14189771849375504,0.10487845540046692
7,2,65,0.1339759947015689,0.1022755578160286
7,2,66,0.13450628261153513,0.10173150897026062
7,2,67,0.1338411007936184,0.10030428320169449
7,2,68,0.13951112043399078,0.0984768196940422
7,2,69,0.14286762361343092,0.09605862200260162
7,2,70,0.129576344616138,0.09536467492580414
7,2,71,0.1383100879880098,0.09527353197336197
7,2,72,0.13025313787735426,0.09321177005767822
7,2,73,0.1394952845114928,0.09435848891735077
7,2,74,0.1365760387136386,0.09220921993255615
7,2,75,0.12215923002133003,0.09649661928415298
7,2,76,0.12951395488702333,0.09568065404891968
7,2,77,0.136532070258489,0.09397666901350021
7,2,78,0.13044038988076723,0.10050281882286072
7,2,79,0.14559011447888154,0.09733401983976364
7,2,80,0.12769299287062424,0.0905708447098732
7,2,81,0.12025510577055123,0.09187854081392288
7,2,82,0.12960301511562788,0.09407057613134384
7,2,83,0.13082593593459863,0.08503898233175278
7,2,84,0.1431181190105585,0.08837248384952545
7,2,85,0.12392119834056267,0.0871831551194191
7,2,86,0.1151162961927744,0.08963683247566223
7,2,87,0.12972692858714324,0.09335771948099136
7,2,88,0.13108665524766996,0.09075577557086945
7,2,89,0.11724898734918007,0.08968178927898407
7,2,90,0.12075753481342243,0.08889924734830856
7,2,91,0.12307297266446628,0.09195378422737122
7,2,92,0.13160571627891982,0.08979909121990204
7,2,93,0.11795647413684772,0.09315261989831924
7,2,94,0.11877829409562625,0.0886002629995346
7,2,95,0.1297546006166018,0.0853472650051117
7,2,96,0.11761094285891606,0.08824136853218079
7,2,97,0.12073044937390548,0.09060584008693695
7,2,98,0.12923867713946563,0.0875166803598404
7,2,99,0.10453651587550457,0.08975449204444885
7,2,100,0.11435823199840692,0.09008274972438812
7,2,101,0.11788829158131893,0.09102673083543777
7,2,102,0.13254476596529668,0.08769217133522034
7,2,103,0.12159818296249096,0.08778532594442368
7,2,104,0.13100373458403808,0.08933217823505402
7,2,105,0.10481786785217431,0.08832094818353653
7,2,106,0.10299133165524556,0.08931630104780197
7,2,107,0.11090480278317745,0.08643308281898499
7,2,108,0.12777213351084635,0.08752745389938354
7,2,109,0.11797004536940502,0.08599397540092468
7,2,110,0.11223188329201478,0.08837339282035828
7,2,111,0.10427331007443942,0.08963935822248459
7,2,112,0.12807132905492416,0.09341604262590408
7,2,113,0.11401621023049721,0.09164707362651825
7,2,114,0.10043545067310333,0.08925064653158188
7,2,115,0.10323959359755883,0.08645808696746826
7,2,116,0.11113189447384614,0.08700499683618546
7,2,117,0.1146580886382323,0.0886024460196495
7,2,118,0.12730693845794752,0.08773249387741089
7,2,119,0.09965656339549102,0.08651101589202881
7,2,120,0.10525415207330997,0.08659157156944275
7,2,121,0.11730949408732928,0.08248599618673325
7,2,122,0.11811177346568841,0.08449441194534302
7,2,123,0.10411689000634047,0.0834355279803276
7,2,124,0.11480012707985364,0.0844537541270256
7,2,125,0.10287072624151523,0.08319028466939926
7,2,126,0.11990519956900524,0.08364074677228928
7,2,127,0.11641047121240543,0.08359348028898239
7,2,128,0.13004664073769862,0.08458158373832703
7,2,129,0.11420001834630966,0.08313391357660294
7,2,130,0.10462306640469111,0.08389045298099518
7,2,131,0.11375229805707932,0.08496721088886261
7,2,132,0.10501075621980888,0.08706139028072357
7,2,133,0.09833222770920166,0.088234543800354
7,2,134,0.11678033293439792,0.08981934189796448
7,2,135,0.10249476335369624,0.08824331313371658
7,2,136,0.11058603083858123,0.08665212243795395
7,2,137,0.09292825884543933,0.08652673661708832
7,2,138,0.11601322287550339,0.08883745968341827
7,2,139,0.11243040372545902,0.08717699348926544
7,2,140,0.10077380217038669,0.08497095108032227
7,2,141,0.0976224710734991,0.08504236489534378
7,2,142,0.10775553033902095,0.08364200592041016
7,2,143,0.10750255877008805,0.08357218652963638
7,2,144,0.10906467500787514,0.08202622085809708
7,2,145,0.11233749383917221,0.0820537582039833
7,2,146,0.11059018396414243,0.08367376029491425
7,2,147,0.09840012341737747,0.08535780012607574
7,2,148,0.10145643582710853,0.08223304897546768
7,2,149,0.10394272093589489,0.08336277306079865
7,2,150,0.09199590407885037,0.08371489495038986
7,2,151,0.0996471385543163,0.0829077661037445
7,2,152,0.09310399769590451,0.08282701671123505
7,2,153,0.10161841632081912,0.08231691271066666
7,2,154,0.09898787564956225,0.08114365488290787
7,2,155,0.10544346702786592,0.0813145563006401
7,2,156,0.12130879066311397,0.08218688517808914
7,2,157,0.10169257051669635,0.08234613388776779
7,2,158,0.10171200764866975,0.08333173394203186
7,2,159,0.08958877451144732,0.08335103839635849
7,2,160,0.09076382477696125,0.0838603600859642
7,2,161,0.08700851293710563,0.08403751999139786
7,2,162,0.11394226350463353,0.08375336229801178
7,2,163,0.10612715866703254,0.08412665128707886
7,2,164,0.0995487582225066,0.08599833399057388
7,2,165,0.10115425718518403,0.08457169681787491
7,2,166,0.1061171588416283,0.08389079570770264
7,2,167,0.08697048918559001,0.08277139812707901
7,2,168,0.09913389528026947,0.08339790999889374
7,2,169,0.10270033690791863,0.08299478143453598
7,2,170,0.09287263094805755,0.08155547827482224
7,2,171,0.10686066116277988,0.0807451531291008
7,2,172,0.10107922955201222,0.08116530627012253
7,2,173,0.09427502980599037,0.08086904883384705
7,2,174,0.09729713258834985,0.07951401174068451
7,2,175,0.10002260110699214,0.07804714143276215
7,2,176,0.1054426537683377,0.07799092680215836
7,2,177,0.11065954886949979,0.07826505601406097
7,2,178,0.09412044000167114,0.0779343768954277
7,2,179,0.10483288707641455,0.07778607308864594
7,2,180,0.09846539451525761,0.07770560681819916
7,2,181,0.10811383707018998,0.07740985602140427
7,2,182,0.10716814060623829,0.07699736952781677
7,2,183,0.10622567310929298,0.07599474489688873
7,2,184,0.09878792957617687,0.0762743204832077
7,2,185,0.11120781417076404,0.07592573761940002
7,2,186,0.09941461567695324,0.07651743292808533
7,2,187,0.12915487874012727,0.0762469470500946
7,2,188,0.09940233926933545,0.0758792981505394
7,2,189,0.10056466122086231,0.07654927670955658
7,2,190,0.09091385282002963,0.07604387402534485
7,2,191,0.10003065518461741,0.07573270052671432
7,2,192,0.11370878466046773,0.07545652985572815
7,2,193,0.10884383865273915,0.07604718208312988
7,2,194,0.09376308264640662,0.0753554180264473
7,2,195,0.09862076634397873,0.07615526765584946
7,2,196,0.10108913538547662,0.07666560262441635
7,2,197,0.10148838792855923,0.07776208966970444
7,2,198,0.10778810599675545,0.07802845537662506
7,2,199,0.11404030598126925,0.07754993438720703
7,2,200,0.10224261278143296,0.07771413028240204
7,2,201,0.08311172861319321,0.07790885120630264
7,2,202,0.09902893092769843,0.07845721393823624
7,2,203,0.09391635169203465,0.0790967270731926
7,2,204,0.08718598662660672,0.07935132831335068
7,2,205,0.09816142400869957,0.07917948812246323
7,2,206,0.09873337757128936,0.07919599860906601
7,2,207,0.11233740128003634,0.0793757438659668
7,2,208,0.09006443705696326,0.07944022119045258
7,2,209,0.10358460046924077,0.07945068925619125
7,2,210,0.10284033876198989,0.07961516082286835
7,2,211,0.10153749900368544,0.07956017553806305
7,2,212,0.11658271717337462,0.07929202914237976
7,2,213,0.10107282663767155,0.07916641980409622
7,2,214,0.10218842556843391,0.07944632321596146
7,2,215,0.09156809174097501,0.07962372153997421
7,2,216,0.08569489046931267,0.079571433365345
7,2,217,0.09832454959933574,0.0794835314154625
7,2,218,0.11216352536128117,0.07949132472276688
7,2,219,0.09869176464585158,0.07972051203250885
7,2,220,0.09099859887590775,0.07983755320310593
7,2,221,0.09036815911531448,0.07981405407190323
7,2,222,0.11038976764449707,0.07968229800462723
7,2,223,0.0916044835287791,0.07960835099220276
7,2,224,0.10748820150127777,0.07947450876235962
7,3,0,0.3596910937474324,0.3482520580291748
7,3,1,0.40783591109972733,0.34647172689437866
7,3,2,0.37724685554320997,0.34382814168930054
7,3,3,0.3314282401249959,0.34050554037094116
7,3,4,0.36035391688346863,0.33679062128067017
7,3,5,0.3509718386026529,0.3326413333415985
7,3,6,0.3242939320894388,0.32796332240104675
7,3,7,0.3792729045336063,0.32243335247039795
7,3,8,0.35117110724632555,0.3169194757938385
7,3,9,0.3662719692175205,0.3108936846256256
7,3,10,0.35978425924594587,0.3042820394039154
7,3,11,0.34307279265843904,0.2969440221786499
7,3,12,0.34717049965491664,0.28950634598731995
7,3,13,0.32458323584153104,0.28212854266166687
7,3,14,0.31167734185090434,0.2741999328136444
7,3,15,0.35021488483135516,0.265662282705307
7,3,16,0.3497858712306389,0.25630974769592285
7,3,17,0.3037095975417357,0.2446487694978714
7,3,18,0.33526362707981694,0.2332875281572342
7,3,19,0.3104186493616838,0.22111175954341888
7,3,20,0.32254821405960965,0.20825064182281494
7,3,21,0.3043947477753346,0.1984012871980667
7,3,22,0.272238376048895,0.189068004488945
7,3,23,0.27981427455177676,0.18096782267093658
7,3,24,0.253770364018587,0.17409901320934296
7,3,25,0.2677990370071851,0.16836580634117126
7,3,26,0.2374229866724748,0.16308331489562988
7,3,27,0.23062119919520158,0.1618441939353943
7,3,28,0.24815779695144066,0.1619914472103119
7,3,29,0.20731911808252335,0.1550576090812683
7,3,30,0.21581940467541033,0.15008749067783356
7,3,31,0.22900112374470785,0.14165838062763214
7,3,32,0.22924291915618455,0.13418349623680115
7,3,33,0.1964711191562506,0.1294175386428833
7,3,34,0.1899302676320076,0.12765826284885406
7,3,35,0.18558329057234985,0.1284104287624359
7,3,36,0.19973985048440787,0.12226396054029465
7,3,37,0.1853371039032936,0.11772313714027405
7,3,38,0.18967347592115402,0.1175888255238533
7,3,39,0.19013201216092476,0.11611071228981018
7,3,40,0.19869360155784166,0.11628904193639755
7,3,41,0.16286650471962416,0.11119665205478668
7,3,42,0.16762176213356164,0.10905689001083374
7,3,43,0.16634735178488952,0.11592704802751541
7,3,44,0.16595235810830042,0.110032819211483
7,3,45,0.1548079361136143,0.10733526945114136
7,3,46,0.15239398124126288,0.10937574505805969
7,3,47,0.16209590377715918,0.11055870354175568
7,3,48,0.16599146620585367,0.10393623262643814
7,3,49,0.13721188387045494,0.10148035734891891
7,3,50,0.14902835052746993,0.09698991477489471
7,3,51,0.14920874742361215,0.09949512779712677
7,3,52,0.11171245001829587,0.0962563008069992
7,3,53,0.15083024421563515,0.09764616191387177
7,3,54,0.13542572007729456,0.10020454227924347
7,3,55,0.1503870848279733,0.09674856066703796
7,3,56,0.14394236413332132,0.0933724120259285
7,3,57,0.12800687035688987,0.08988216519355774
7,3,58,0.14105237103425539,0.0879509299993515
7,3,59,0.11120741499158052,0.08874938637018204
7,3,60,0.1330948191193434,0.0916382297873497
7,3,61,0.12144441644732769,0.08938627690076828
7,3,62,0.14455883720746407,0.08942937850952148
7,3,63,0.12107694951387551,0.08511380106210709
7,3,64,0.12234685398065127,0.08744917064905167
7,3,65,0.13539534921829516,0.08500239998102188
7,3,66,0.10600937559054448,0.0865401104092598
7,3,67,0.11145353947694485,0.09089986979961395
7,3,68,0.11810891502178632,0.08505066484212875
7,3,69,0.12302116247323844,0.08407115191221237
7,3,70,0.10770695140728584,0.08703751116991043
7,3,71,0.119844122001758,0.08929990231990814
7,3,72,0.11045931566220063,0.08254043757915497
7,3,73,0.12124942472347847,0.08176077902317047
7,3,74,0.1139273402782587,0.07965319603681564
7,3,75,0.11985189410356376,0.07937517017126083
7,3,76,0.12405066765271701,0.08002166450023651
7,3,77,0.12034038139077333,0.09061240404844284
7,3,78,0.10365952379428424,0.08590131253004074
7,3,79,0.13014316300933176,0.08118031919002533
7,3,80,0.11210838762613443,0.07581614702939987
7,3,81,0.1122138611972332,0.07447720319032669
7,3,82,0.09825228097347113,0.0764075219631195
7,3,83,0.11653467153127377,0.08011968433856964
7,3,84,0.11297774314880371,0.08089128136634827
7,3,85,0.10510944603727414,0.0787312239408493
7,3,86,0.09976644097612454,0.08267135918140411
7,3,87,0.09324936196208,0.08442521840333939
7,3,88,0.11051721928211358,0.08111441135406494
7,3,89,0.10353882009020218,0.07628247886896133
7,3,90,0.11121633992745326,0.07745004445314407
7,3,91,0.11412852257490158,0.07649140805006027
7,3,92,0.10347753304701585,0.07217434048652649
7,3,93,0.1164237060225927,0.07013721764087677
7,3,94,0.10266918087234864,0.07073837518692017
7,3,95,0.1107147685610331,0.07015416026115417
7,3,96,0.09619453348792516,0.07252975553274155
7,3,97,0.10286304985101406,0.0716734528541565
7,3,98,0.11069482765518703,0.06980904191732407
7,3,99,0.10842947547252361,0.06981225311756134
7,3,100,0.10800754164273922,0.07113281637430191
7,3,101,0.10596414454854451,0.07242240011692047
7,3,102,0.10143284585613471,0.07017181068658829
7,3,103,0.09902035502287057,0.0694086030125618
7,3,104,0.11349002386514957,0.07013209909200668
7,3,105,0.1006185721892577,0.06965786218643188
7,3,106,0.105342137412383,0.0767025575041771
7,3,107,0.10366243009383862,0.07324320822954178
7,3,108,0.1041596789772694,0.06682118028402328
7,3,109,0.0937230303310431,0.06682195514440536
7,3,110,0.0952701187477662,0.06936998665332794
7,3,111,0.10203490807459904,0.06705038994550705
7,3,112,0.1053252500983385,0.06612314283847809
7,3,113,0.11286594145573102,0.06726325303316116
7,3,114,0.10043789073824883,0.06398623436689377
7,3,115,0.11142591960155047,0.06412272155284882
7,3,116,0.08179008072385421,0.0684296041727066
7,3,117,0.0971834986255719,0.06740409135818481
7,3,118,0.10059110304484001,0.06682956963777542
7,3,119,0.09664877561422494,0.06780043989419937
7,3,120,0.09517485419144997,0.06993395835161209
7,3,121,0.09570656487574944,0.07017610222101212
7,3,122,0.09062247436780196,0.06680505722761154
7,3,123,0.10386961240034837,0.0644952580332756
7,3,124,0.08413593442394184,0.06451603770256042
7,3,125,0.10416764565385304,0.06695353239774704
7,3,126,0.08701837005523536,0.06540647149085999
7,3,127,0.09016323462128639,0.0641208291053772
7,3,128,0.09058204092658483,0.06506131589412689
7,3,129,0.08659588746153392,0.06590209156274796
7,3,130,0.0964363836325132,0.06508249044418335
7,3,131,0.08388510088507946,0.0628160685300827
7,3,132,0.09075977452672444,0.06286090612411499
7,3,133,0.10766726732254028,0.0634242445230484
7,3,134,0.08970204110328968,0.06225661560893059
7,3,135,0.1001604892886602,0.06205856055021286
7,3,136,0.0925574514728326,0.0617712140083313
7,3,137,0.08388253903159729,0.06495734304189682
7,3,138,0.09137244379291168,0.06639041006565094
7,3,139,0.09166863102179307,0.0620962493121624
7,3,140,0.09172033317960225,0.062285322695970535
7,3,141,0.09927480323956563,0.06225007399916649
7,3,142,0.08725351926225883,0.06666085124015808
7,3,143,0.08649233671335074,0.06249498948454857
7,3,144,0.09620413943552054,0.06153906136751175
7,3,145,0.09596826594609481,0.06265218555927277
7,3,146,0.08379308736095062,0.06405839323997498
7,3,147,0.0934115884682307,0.0638948306441307
7,3,148,0.10676503783235183,0.06327614933252335
7,3,149,0.09070905527243248,0.06273569911718369
7,3,150,0.09272074326872826,0.06362882256507874
7,3,151,0.09566928532261115,0.06422590464353561
7,3,152,0.08150144265248226,0.06202864646911621
7,3,153,0.08811354035368332,0.06245045363903046
7,3,154,0.07984908039753254,0.06386835873126984
7,3,155,0.09663540153549267,0.06599939614534378
7,3,156,0.08724292940818347,0.06335587799549103
7,3,157,0.08794004412797782,0.06386853009462357
7,3,158,0.09900632328712024,0.06341903656721115
7,3,159,0.08872103203947727,0.06382386386394501
7,3,160,0.08892851896010913,0.06397223472595215
7,3,161,0.09230754868342327,0.06374585628509521
7,3,162,0.0861684287396761,0.06344908475875854
7,3,163,0.08917280601767394,0.06444975733757019
7,3,164,0.07772621942254213,0.06427106261253357
7,3,165,0.09504721199090664,0.06428664922714233
7,3,166,0.0772732997742983,0.06556635349988937
7,3,167,0.09191592066333844,0.06511747092008591
7,3,168,0.07676210082494296,0.0657348781824112
7,3,169,0.08321136178878638,0.06418626755475998
7,3,170,0.07801603554533078,0.06294792890548706
7,3,171,0.09177164905346356,0.06211363151669502
7,3,172,0.09233876446691844,0.06196057051420212
7,3,173,0.08489845091333756,0.06210894510149956
7,3,174,0.08648281071621639,0.06421057879924774
7,4,0,0.36813859240366864,0.29961520433425903
7,4,1,0.39673798359357393,0.29692360758781433
7,4,2,0.34868248638052207,0.29348161816596985
7,4,3,0.36072568939282346,0.2894544005393982
7,4,4,0.40164161645449126,0.2850955128669739
7,4,5,0.4187870518519328,0.28006497025489807
7,4,6,0.35882449035461134,0.2749631702899933
7,4,7,0.3690525172994687,0.26967915892601013
7,4,8,0.3445414900779724,0.26403406262397766
7,4,9,0.367233755496832,0.2581428587436676
7,4,10,0.34280323409117186,0.25238534808158875
7,4,11,0.36546945915772366,0.24605625867843628
7,4,12,0.3407216456073981,0.23989436030387878
7,4,13,0.3539728464988562,0.23361238837242126
7,4,14,0.33447018838845766,0.2260858416557312
7,4,15,0.33315756687751186,0.2181725651025772
7,4,16,0.31930276636893934,0.20789389312267303
7,4,17,0.30209819972515106,0.19685626029968262
7,4,18,0.3100699558854103,0.1845846176147461
7,4,19,0.32498904031056625,0.17029912769794464
7,4,20,0.30826534732029987,0.1548304408788681
7,4,21,0.29616336123301434,0.13864672183990479
7,4,22,0.30326824577955097,0.1240224838256836
7,4,23,0.26158833045225877,0.11221465468406677
7,4,24,0.24114818011338895,0.10656966269016266
7,4,25,0.270817478115742,0.10536409914493561
7,4,26,0.2300003618001938,0.10993201285600662
7,4,27,0.2332176291025602,0.11843181401491165
7,4,28,0.24283173451056847,0.12510474026203156
7,4,29,0.22471514286903235,0.13463513553142548
7,4,30,0.2094265314248892,0.13554735481739044
7,4,31,0.22498198312062484,0.1386919617652893
7,4,32,0.19353378048309913,0.14523635804653168
7,4,33,0.19242688497671714,0.14804142713546753
7,4,34,0.19967518804165033,0.14024007320404053
7,4,35,0.20299392594740942,0.13784976303577423
7,4,36,0.20527117011638787,0.1395629495382309
7,4,37,0.17298664783055967,0.13723225891590118
7,4,38,0.20040407604896104,0.12233030050992966
7,4,39,0.19601713120937347,0.11841879040002823
7,4,40,0.19745598962673774,0.11403529345989227
7,4,41,0.19343588329278505,0.09585834294557571
7,4,42,0.1638989792420314,0.10202579945325851
7,4,43,0.1655788358587485,0.10909534990787506
7,4,44,0.1834077273423855,0.0970669761300087
7,4,45,0.15820121134702975,0.09066928178071976
7,4,46,0.1618934296644651,0.09133834391832352
7,4,47,0.1644383852298443,0.08722811192274094
7,4,48,0.18437642317551833,0.0885932594537735
7,4,49,0.17072856999360597,0.07980430871248245
7,4,50,0.1666910691330066,0.07233218848705292
7,4,51,0.15301534418876356,0.07708171010017395
7,4,52,0.16596259864477012,0.07604032754898071
7,4,53,0.1796564287864245,0.09240566939115524
7,4,54,0.1506745396898343,0.07506870478391647
7,4,55,0.14218570177371687,0.07104834169149399
7,4,56,0.13441108281795794,0.0716436579823494
7,4,57,0.14192716146890932,0.07107458263635635
7,4,58,0.13710053608967707,0.06838853657245636
7,4,59,0.12911846574682456,0.06541140377521515
7,4,60,0.14303783069436365,0.06367305666208267
7,4,61,0.16149487117162117,0.060089562088251114
7,4,62,0.14395870784154305,0.06695310771465302
7,4,63,0.15540732300052276,0.06486722081899643
7,4,64,0.14544816945607847,0.06224604696035385
7,4,65,0.13455577968404844,0.0630764290690422
7,4,66,0.13140422392349976,0.05608760565519333
7,4,67,0.1415885130946453,0.061647552996873856
7,4,68,0.12739922335514656,0.058002784848213196
7,4,69,0.11822947687827624,0.05758947506546974
7,4,70,0.1349515152665285,0.055903926491737366
7,4,71,0.11985785743364921,0.059120919555425644
7,4,72,0.11811302516322869,0.05664195492863655
7,4,73,0.12162725054300748,0.05788315832614899
7,4,74,0.12654037143175417,0.06149545684456825
7,4,75,0.11973334333071342,0.05269825458526611
7,4,76,0.11198183120443271,0.05296263471245766
7,4,77,0.12523457809136465,0.058471500873565674
7,4,78,0.12258509088021058,0.057151246815919876
7,4,79,0.12582119582937315,0.05662951245903969
7,4,80,0.13494924341256803,0.055755212903022766
7,4,81,0.12781903950067666,0.05453444644808769
7,4,82,0.13842309094392335,0.05309015512466431
7,4,83,0.12202295288443565,0.056847210973501205
7,4,84,0.12219872153722323,0.05409429222345352
7,4,85,0.12091932560388859,0.05262964218854904
7,4,86,0.12939957500650331,0.0508386567234993
7,4,87,0.13177951482626107,0.05249527841806412
7,4,88,0.1362095151383143,0.04926415905356407
7,4,89,0.13552240683482245,0.055455222725868225
7,4,90,0.12707321001933172,0.04609289392828941
7,4,91,0.11136089781155953,0.044440675526857376
7,4,92,0.12323899452502911,0.04664447531104088
7,4,93,0.12776064242307955,0.05072018504142761
7,4,94,0.1367416949226306,0.05032472312450409
7,4,95,0.12750024663714263,0.045115742832422256
7,4,96,0.12147627770900726,0.04292163625359535
7,4,97,0.1274670256445041,0.04119659587740898
7,4,98,0.12732732869111574,0.0436171218752861
7,4,99,0.12020335346460342,0.048306725919246674
7,4,100,0.11098222721081513,0.04802797734737396
7,4,101,0.11047376692295074,0.047817595303058624
7,4,102,0.11021762455885227,0.04569556191563606
7,4,103,0.12605401013906187,0.04233793914318085
7,4,104,0.1249655528137317,0.04205945506691933
7,4,105,0.10994186281011654,0.04550337791442871
7,4,106,0.11795995441766885,0.04349663108587265
7,4,107,0.0998389720916748,0.04496164992451668
7,4,108,0.10638240151680432,0.04866776987910271
7,4,109,0.09987073792861058,0.04583081230521202
7,4,110,0.11293455213308334,0.041522763669490814
7,4,111,0.10787702323152469,0.04073907062411308
7,4,112,0.11244445781295116,0.04625985398888588
7,4,113,0.10028606882462135,0.04414793848991394
7,4,114,0.10926949805938281,0.043730758130550385
7,4,115,0.11143192419639,0.044477324932813644
7,4,116,0.1016611519914407,0.04303481802344322
7,4,117,0.11116384686185764,0.05763969570398331
7,4,118,0.10540389814055882,0.05200129374861717
7,4,119,0.11333976284815715,0.04755569249391556
7,4,120,0.11475180404690596,0.04976058751344681
7,4,121,0.09952908668380517,0.04867762327194214
7,4,122,0.10451064373438175,0.046646252274513245
7,4,123,0.11391397823507969,0.04877607524394989
7,4,124,0.11331070013917409,0.04630459100008011
7,4,125,0.11894516045084366,0.044717006385326385
7,4,126,0.11935020524721879,0.04497567564249039
7,4,127,0.10285043888367139,0.04395925998687744
7,4,128,0.10162961411361511,0.04607629030942917
7,4,129,0.11520241974638058,0.04638192802667618
7,4,130,0.10585551594312374,0.04615900665521622
7,4,131,0.10009569560105984,0.04930344969034195
7,4,132,0.11044862895057751,0.04899367690086365
7,4,133,0.10961386761986293,0.04446420446038246
7,4,134,0.11265620789848842,0.04425758868455887
7,4,135,0.11252358498481604,0.0485796257853508
7,4,136,0.11465746680131325,0.04732704907655716
7,4,137,0.10137756111530158,0.0440760999917984
7,4,138,0.1062177697626444,0.04273055121302605
7,4,139,0.1268481004696626,0.043000172823667526
7,4,140,0.09681939161740817,0.046196117997169495
7,4,141,0.08838036226538512,0.04656355828046799
1337,0,0,0.4665271582511755,0.5618045330047607
1337,0,1,0.46218540232915145,0.5530571937561035
1337,0,2,0.478278133731622,0.540979266166687
1337,0,3,0.4961276650428772,0.5261304378509521
1337,0,4,0.46330381815250105,0.5088740587234497
1337,0,5,0.44869131652208477,0.48982691764831543
1337,0,6,0.41460809799341053,0.4692744016647339
1337,0,7,0.4275822318517245,0.44808876514434814
1337,0,8,0.3804872723726126,0.4253867566585541
1337,0,9,0.3925324666958589,0.4030758738517761
1337,0,10,0.3722582023877364,0.37813523411750793
1337,0,11,0.3267046430936226,0.3514387905597687
1337,0,12,0.37215513678697437,0.32661163806915283
1337,0,13,0.3320028162919558,0.3036980926990509
1337,0,14,0.3558443899338062,0.2814268469810486
1337,0,15,0.3529700843187479,0.26180896162986755
1337,0,16,0.3023918385689075,0.24506120383739471
1337,0,17,0.31540177991757024,0.23170410096645355
1337,0,18,0.3171674706614934,0.22254137694835663
1337,0,19,0.2911984748565234,0.21488864719867706
1337,0,20,0.2992585106537892,0.20837147533893585
1337,0,21,0.2972063399278201,0.20367535948753357
1337,0,22,0.294891547698241,0.1985912322998047
1337,0,23,0.24628714873240545,0.19743746519088745
1337,0,24,0.23771746112750128,0.19469067454338074
1337,0,25,0.2664143626506512,0.1943451315164566
1337,0,26,0.23306869371579245,0.1981344074010849
1337,0,27,0.22873972470943743,0.19204096496105194
1337,0,28,0.2335924506187439,0.19609792530536652
1337,0,29,0.22687151913459486,0.19605378806591034
1337,0,30,0.22675300733401224,0.1845153421163559
1337,0,31,0.1974951854118934,0.18488523364067078
1337,0,32,0.20275247211639696,0.19674141705036163
1337,0,33,0.20836975540106112,0.20973968505859375
1337,0,34,0.2145401325363379,0.20378880202770233
1337,0,35,0.22024623361917642,0.18094110488891602
1337,0,36,0.19435888070326585,0.18228943645954132
1337,0,37,0.17107261144197905,0.1877964287996292
1337,0,38,0.1811942056967662,0.1722566932439804
1337,0,39,0.17668426094146875,0.17716006934642792
1337,0,40,0.1810508553798382,0.16806623339653015
1337,0,41,0.17082500113890722,0.16063062846660614
1337,0,42,0.15117064175697473,0.18246448040008545
1337,0,43,0.16950719459698751,0.1706385612487793
1337,0,44,0.15821210466898405,0.1637350469827652
1337,0,45,0.15180227504326746,0.14906619489192963
1337,0,46,0.16126182159552208,0.1589791178703308
1337,0,47,0.1534596956693209,0.14908674359321594
1337,0,48,0.16503556473897055,0.13795484602451324
1337,0,49,0.17329528755866563,0.14662812650203705
1337,0,50,0.15716353631936586,0.15243478119373322
1337,0,51,0.1295251468053231,0.1334712654352188
1337,0,52,0.1450534726564701,0.14369188249111176
1337,0,53,0.13922221614764288,0.12963609397411346
1337,0,54,0.15182010027078482,0.1399199217557907
1337,0,55,0.15179939911915705,0.14492300152778625
1337,0,56,0.1466976467233438,0.13103921711444855
1337,0,57,0.13525201437564996,0.12695437669754028
1337,0,58,0.13129108055279806,0.12849950790405273
1337,0,59,0.14546072712311378,0.11808935552835464
1337,0,60,0.1417280103151615,0.1204201951622963
1337,0,61,0.15029517503885123,0.10896273702383041
1337,0,62,0.15105086106520432,0.11116424947977066
1337,0,63,0.1351753117946478,0.12160031497478485
1337,0,64,0.12086157873272896,0.10977645963430405
1337,0,65,0.13651581910940316,0.12343821674585342
1337,0,66,0.12177433360081452,0.13002033531665802
1337,0,67,0.12585579947783396,0.11128035187721252
1337,0,68,0.14068698309935057,0.11570684611797333
1337,0,69,0.12510243860574868,0.12096137553453445
1337,0,70,0.12630486431030127,0.10985098034143448
1337,0,71,0.11684898287057877,0.10672107338905334
1337,0,72,0.12483727788695922,0.10886834561824799
1337,0,73,0.13374657757007158,0.102552630007267
1337,0,74,0.12476734215250382,0.12233519554138184
1337,0,75,0.11736832902981685,0.11061496287584305
1337,0,76,0.11829007445619656,0.10319448262453079
1337,0,77,0.13113455703625312,0.11340107768774033
1337,0,78,0.13781908612984878,0.11199120432138443
1337,0,79,0.11036354561264698,0.10644824802875519
1337,0,80,0.12213791448336381,0.10589229315519333
1337,0,81,0.12271224965269749,0.11911749839782715
1337,0,82,0.1158739858521865,0.11877694725990295
1337,0,83,0.1412478805734561,0.11749405413866043
1337,0,84,0.11159428266378549,0.11607526987791061
1337,0,85,0.11466241341370803,0.11256039887666702
1337,0,86,0.12458108480160053,0.10738025605678558
1337,0,87,0.11480936293418591,0.09815794974565506
1337,0,88,0.10012924098051511,0.11022952198982239
1337,0,89,0.11032268806145741,0.1077406033873558
1337,0,90,0.10779785823363525,0.10817170143127441
1337,0,91,0.129053906752513,0.11197372525930405
1337,0,92,0.11196424439549446,0.11190003901720047
1337,0,93,0.11906943642176114,0.11171992868185043
1337,0,94,0.10396296072464722,0.10788130760192871
1337,0,95,0.12007887833393537,0.10521504282951355
1337,0,96,0.10755476355552673,0.11127381026744843
1337,0,97,0.11153526432239093,0.10319127142429352
1337,0,98,0.11377184895368722,0.11521374434232712
1337,0,99,0.1127688609636747,0.11365089565515518
1337,0,100,0.12206351527800927,0.11420339345932007
1337,0,101,0.10240542602080566,0.11422538012266159
1337,0,102,0.10907128166693908,0.10754139721393585
1337,0,103,0.10568263639624302,0.10846707969903946
1337,0,104,0.10820643087992302,0.10519683361053467
1337,0,105,0.10380961115543659,0.10447685420513153
1337,0,106,0.10854324068014438,0.1047346442937851
1337,0,107,0.12783754101166359,0.10004091262817383
1337,0,108,0.11237995498455487,0.10310930758714676
1337,0,109,0.11001886427402496,0.10331503301858902
1337,0,110,0.08991200390916604,0.10157693922519684
1337,0,111,0.10557622663103618,0.0980934426188469
1337,0,112,0.10045397367614967,0.10475146770477295
1337,0,113,0.10825627698348118,0.10623332113027573
1337,0,114,0.09830563916609837,0.10027404129505157
1337,0,115,0.10623706533358647,0.10763601213693619
1337,0,116,0.09733777607862766,0.09376513212919235
1337,0,117,0.10364116814274055,0.09715037047863007
1337,0,118,0.09964265502416171,0.1117563247680664
1337,0,119,0.10954929716311969,0.09638810157775879
1337,0,120,0.10991316890487304,0.10151214897632599
1337,0,121,0.10437486320734024,0.09743005782365799
1337,0,122,0.10598257986398843,0.09927160292863846
1337,0,123,0.10149572331171769,0.10051833838224411
1337,0,124,0.1044441690811744,0.0982261598110199
1337,0,125,0.10026389532364331,0.10604816675186157
1337,0,126,0.09199183763792881,0.09907405078411102
1337,0,127,0.10003167877976711,0.10182087868452072
1337,0,128,0.10235716889684017,0.09618724137544632
1337,0,129,0.10127859906508373,0.10106571018695831
1337,0,130,0.10979015609392753,0.10169487446546555
1337,0,131,0.10992203652858734,0.09505267441272736
1337,0,132,0.0933741697898278,0.0959753766655922
1337,0,133,0.08597345764820392,0.09395044296979904
1337,0,134,0.09509685750191028,0.08740946650505066
1337,0,135,0.12035849117315732,0.09106510132551193
1337,0,136,0.09961544722318649,0.08971492201089859
1337,0,137,0.10279025538609578,0.09278047829866409
1337,0,138,0.1101173460483551,0.09587107598781586
1337,0,139,0.10122468752356675,0.09259629249572754
1337,0,140,0.10569436160417703,0.09204688668251038
1337,0,141,0.10402800142765045,0.09315653890371323
1337,0,142,0.11152446112380578,0.09465745836496353
1337,0,143,0.0982330716573275,0.09730422496795654
1337,0,144,0.10060936040603198,0.0980958566069603
1337,0,145,0.11262996666706525,0.0969802662730217
1337,0,146,0.10571295538773903,0.09182995557785034
1337,0,147,0.10042841102068241,0.09086272120475769
1337,0,148,0.10078256921126293,0.09613393992185593
1337,0,149,0.10008376492903782,0.09010037779808044
1337,0,150,0.09691153065516399,0.09184988588094711
1337,0,151,0.1065492733166768,0.1005292609333992
1337,0,152,0.10271770392472927,0.09645054489374161
1337,0,153,0.10245005671794598,0.09388138353824615
1337,0,154,0.11420843578301944,0.09357477724552155
1337,0,155,0.11048397823021962,0.09622938930988312
1337,0,156,0.08924281367888817,0.09163550287485123
1337,0,157,0.09020981335869202,0.09478964656591415
1337,0,158,0.1000964713211243,0.09863651543855667
1337,0,159,0.09835159492034179,0.09666356444358826
1337,0,160,0.09427389301932775,0.09408820420503616
1337,0,161,0.10112053184555127,0.09345265477895737
1337,0,162,0.10509943388975583,0.0960012823343277
1337,0,163,0.09951907023787498,0.09430836141109467
1337,0,164,0.10873782835327662,0.09199550002813339
1337,1,0,0.42657188383432537,0.4465376138687134
1337,1,1,0.41046917323882764,0.4450399875640869
1337,1,2,0.4157484701046577,0.4432152807712555
1337,1,3,0.40408907945339495,0.44091296195983887
1337,1,4,0.40819013577241164,0.4380946457386017
1337,1,5,0.4098006830765651,0.43478697538375854
1337,1,6,0.4283219701968707,0.4314228892326355
1337,1,7,0.397465569468645,0.42745575308799744
1337,1,8,0.388288955275829,0.42304250597953796
1337,1,9,0.43064221281271714,0.4179556965827942
1337,1,10,0.3715319622021455,0.41194355487823486
1337,1,11,0.36931457542456114,0.4057091772556305
1337,1,12,0.42009175970004153,0.3988339602947235
1337,1,13,0.3757784951191682,0.391182005405426
1337,1,14,0.3738935566865481,0.38353654742240906
1337,1,15,0.3698444698865597,0.37356194853782654
1337,1,16,0.35135366309147614,0.3630414307117462
1337,1,17,0.3732025290911014,0.3521728515625
1337,1,18,0.37568654119968414,0.3398025631904602
1337,1,19,0.3686963743888415,0.3264347314834595
1337,1,20,0.3782293406816629,0.31035932898521423
1337,1,21,0.3250813438342168,0.29284557700157166
1337,1,22,0.34926810746009535,0.276615172624588
1337,1,23,0.3018492116377904,0.25905171036720276
1337,1,24,0.29594827042176175,0.24180486798286438
1337,1,25,0.28863592331226057,0.22991956770420074
1337,1,26,0.26882102340459824,0.2140667736530304
1337,1,27,0.29284267127513885,0.20430342853069305
1337,1,28,0.2634591574852283,0.2013503760099411
1337,1,29,0.2470547740276043,0.20038853585720062
1337,1,30,0.2879859363803497,0.20297512412071228
1337,1,31,0.23771785428890815,0.20425982773303986
1337,1,32,0.21175584827478117,0.19664818048477173
1337,1,33,0.23376137190140212,0.1947082132101059
1337,1,34,0.22839891337431395,0.19156549870967865
1337,1,35,0.2299324468924449,0.19468364119529724
1337,1,36,0.1936463197836509,0.185262531042099
1337,1,37,0.22411868090812975,0.18599437177181244
1337,1,38,0.19434680675084776,0.17781206965446472
1337,1,39,0.20480434997723654,0.1744527369737625
1337,1,40,0.19640871939750817,0.17602373659610748
1337,1,41,0.18330724995869857,0.17587487399578094
1337,1,42,0.1822800263762474,0.1790238916873932
1337,1,43,0.18259776383638382,0.17176511883735657
1337,1,44,0.17623123411948866,0.17242351174354553
1337,1,45,0.18016477215748566,0.16794157028198242
1337,1,46,0.1598528067652996,0.16287054121494293
1337,1,47,0.1708727438862507,0.1622740924358368
1337,1,48,0.1584144693154555,0.16218052804470062
1337,1,49,0.16323822908676588,0.1569550484418869
1337,1,50,0.15273312307321107,0.15635038912296295
1337,1,51,0.1688565778044554,0.15565349161624908
1337,1,52,0.14967119636443946,0.16121968626976013
1337,1,53,0.1513728774510897,0.14787842333316803
1337,1,54,0.14060276574813402,0.151709645986557
1337,1,55,0.16532704004874596,0.1544160097837448
1337,1,56,0.1416549115226819,0.14681024849414825
1337,1,57,0.1421717915397424,0.1479315310716629
1337,1,58,0.1534046484873845,0.14971046149730682
1337,1,59,0.15376710891723633,0.14472225308418274
1337,1,60,0.1496491592663985,0.14645804464817047
1337,1,61,0.14084546611859247,0.14534132182598114
1337,1,62,0.1421575927390502,0.1382325440645218
1337,1,63,0.13390039939146775,0.13250546157360077
1337,1,64,0.14638106983441573,0.13634245097637177
1337,1,65,0.12838966112870437,0.13077114522457123
1337,1,66,0.13172035263134882,0.12856917083263397
1337,1,67,0.12023752555251122,0.13638894259929657
1337,1,68,0.14557351257938606,0.13506905734539032
1337,1,69,0.1285497763982186,0.13707678020000458
1337,1,70,0.12882002328450864,0.1391310691833496
1337,1,71,0.1416579931974411,0.1355724185705185
1337,1,72,0.12483403659783877,0.14415934681892395
1337,1,73,0.11654644545454246,0.13401199877262115
1337,1,74,0.13439142073576266,0.14226040244102478
1337,1,75,0.11794743514977969,0.1384841501712799
1337,1,76,0.12593047435467059,0.1364416629076004
1337,1,77,0.12179428510940991,0.13524504005908966
1337,1,78,0.138537520972582,0.13891495764255524
1337,1,79,0.1320793731854512,0.13688482344150543
1337,1,80,0.1294210490125876,0.1370858997106552
1337,1,81,0.12507246320064253,0.1322198361158371
1337,1,82,0.1227854501742583,0.1349644809961319
1337,1,83,0.13136476163680738,0.12876315414905548
1337,1,84,0.12953109179551786,0.1351378858089447
1337,1,85,0.10799443607146923,0.1337393820285797
1337,1,86,0.12128956673236993,0.1325729936361313
1337,1,87,0.11585293194422355,0.12494175881147385
1337,1,88,0.11484856015214553,0.13188695907592773
1337,1,89,0.12293887625520046,0.13010573387145996
1337,1,90,0.11824679718567775,0.12910252809524536
1337,1,91,0.10374981422836964,0.1313157081604004
1337,1,92,0.11124611674593045,0.13134683668613434
1337,1,93,0.12445093204195683,0.13065703213214874
1337,1,94,0.10194994022066776,0.12447810173034668
1337,1,95,0.11394451100092667,0.12939755618572235
1337,1,96,0.12765652141891992,0.12788410484790802
1337,1,97,0.11284053067748363,0.12313491851091385
1337,1,98,0.1023752626318198,0.1256120502948761
1337,1,99,0.12728872494055674,0.12559521198272705
1337,1,100,0.10637035851295178,0.12438782304525375
1337,1,101,0.11151015070768502,0.12247886508703232
1337,1,102,0.10756141233902711,0.12207651138305664
1337,1,103,0.13364368275954172,0.12462376058101654
1337,1,104,0.11172556132078171,0.1237812414765358
1337,1,105,0.1038941414310382,0.12204565852880478
1337,1,106,0.11831929706610166,0.12469657510519028
1337,1,107,0.09893522640833488,0.12284507602453232
1337,1,108,0.1026231377170636,0.12060923874378204
1337,1,109,0.09631292808514375,0.12605193257331848
1337,1,110,0.10604518709274438,0.12977610528469086
1337,1,111,0.10881776792498735,0.13124561309814453
1337,1,112,0.12435284543495911,0.1330629289150238
1337,1,113,0.10903280257032467,0.12752318382263184
1337,1,114,0.10123201803519176,0.13113951683044434
1337,1,115,0.10643315257934424,0.1260116845369339
1337,1,116,0.12103908279767403,0.1296931803226471
1337,1,117,0.10292275995016098,0.1296713501214981
1337,1,118,0.09826926858379291,0.12461787462234497
1337,1,119,0.10030266384665783,0.12523779273033142
1337,1,120,0.11954854199519524,0.1296488493680954
1337,1,121,0.10759916127874301,0.12157025188207626
1337,1,122,0.10373134825092095,0.12244439870119095
1337,1,123,0.10065479805836311,0.12555544078350067
1337,1,124,0.09818335020771393,0.11926382780075073
1337,1,125,0.10279085343846908,0.12293080985546112
1337,1,126,0.10848825740126464,0.12125899642705917
1337,1,127,0.10135753223529229,0.11619243025779724
1337,1,128,0.10577772500423285,0.12352699786424637
1337,1,129,0.10610507915799434,0.12095292657613754
1337,1,130,0.09777174488856243,0.1228884682059288
1337,1,131,0.10163549161874331,0.12258763611316681
1337,1,132,0.1113955988906897,0.11969093233346939
1337,1,133,0.10375295579433441,0.11926834285259247
1337,1,134,0.09356706589460373,0.11737334728240967
1337,1,135,0.09653297983683072,0.1228516697883606
1337,1,136,0.10600191641312379,0.11797963082790375
1337,1,137,0.09971742503918134,0.11738602072000504
1337,1,138,0.10056398264490642,0.12008104473352432
1337,1,139,0.1002837773412466,0.11941935867071152
1337,1,140,0.09822177055936593,0.11498821526765823
1337,1,141,0.10054422055299465,0.1154901310801506
1337,1,142,0.09753861450231992,0.1181134507060051
1337,1,143,0.10852947200720127,0.12329166382551193
1337,1,144,0.08749103689422974,0.12066251784563065
1337,1,145,0.1014729761160337,0.1175307184457779
1337,1,146,0.10214279219508171,0.1202351301908493
1337,1,147,0.09188858419656754,0.1182374507188797
1337,1,148,0.09041622997476505,0.12306364625692368
1337,1,149,0.09277251592049232,0.12276270240545273
1337,1,150,0.08485536134013763,0.11524569988250732
1337,1,151,0.10075600187365825,0.11756318062543869
1337,1,152,0.09185673009890777,0.11515893787145615
1337,1,153,0.09274824393483308,0.11784972995519638
1337,1,154,0.10315099645119447,0.12243897467851639
1337,1,155,0.09425273050482456,0.1217506006360054
1337,1,156,0.07947426518568626,0.11909161508083344
1337,1,157,0.11217466627175991,0.12132740765810013
1337,1,158,0.09726138613544978,0.11885778605937958
1337,1,159,0.10046682592767936,0.11843308806419373
1337,1,160,0.09965533677202004,0.12115173041820526
1337,1,161,0.08821855600063618,0.12462131679058075
1337,1,162,0.0868138332779591,0.12257670611143112
1337,1,163,0.1008741116294494,0.12748843431472778
1337,1,164,0.1006140849338128,0.12163754552602768
1337,1,165,0.10040790788256206,0.12186150997877121
1337,1,166,0.08763099060608791,0.12217576056718826
1337,1,167,0.10841066820117143,0.11846824735403061
1337,1,168,0.09338609186502603,0.11666331440210342
1337,1,169,0.10108084890704888,0.11629147827625275
1337,1,170,0.0798755967273162,0.12029950320720673
1337,2,0,0.3784559197150744,0.3845377564430237
1337,2,1,0.3796722206931848,0.38092103600502014
1337,2,2,0.4012720114909686,0.375977486371994
1337,2,3,0.393067058462363,0.36986657977104187
1337,2,4,0.38675592381220597,0.36258769035339355
1337,2,5,0.35838957589406234,0.3543284237384796
1337,2,6,0.3710260150524286,0.345950722694397
1337,2,7,0.3546471057029871,0.3370654881000519
1337,2,8,0.3737141340970993,0.32807523012161255
1337,2,9,0.35287589178635526,0.3178979456424713
1337,2,10,0.34483228165369767,0.30707240104675293
1337,2,11,0.3213901955347795,0.29631054401397705
1337,2,12,0.33691968138401324,0.28403884172439575
1337,2,13,0.31689570729549116,0.2705218195915222
1337,2,14,0.33168738851180446,0.2572876513004303
1337,2,15,0.29699932038784027,0.24462226033210754
1337,2,16,0.2963896623024574,0.23398296535015106
1337,2,17,0.2839494003699376,0.2243172824382782
1337,2,18,0.2702739651386554,0.21536028385162354
1337,2,19,0.3011380903995954,0.20817066729068756
1337,2,20,0.3190878400435814,0.20319348573684692
1337,2,21,0.2618984751976453,0.19985070824623108
1337,2,22,0.24303041742398188,0.19904589653015137
1337,2,23,0.2846268438375913,0.19932107627391815
1337,2,24,0.23672054536067522,0.19787479937076569
1337,2,25,0.24619324390704816,0.1993376612663269
1337,2,26,0.23490062126746544,0.1991778314113617
1337,2,27,0.2119594348164705,0.19858984649181366
1337,2,28,0.22581443534447596,0.19556468725204468
1337,2,29,0.217081395479349,0.1931605190038681
1337,2,30,0.197564232807893,0.1903768628835678
1337,2,31,0.1978362798690796,0.18608826398849487
1337,2,32,0.22444646862836984,0.18239732086658478
1337,2,33,0.2328599038032385,0.18447421491146088
1337,2,34,0.20425760172880614,0.18313010036945343
1337,2,35,0.19101040753034446,0.17960098385810852
1337,2,36,0.16877891639104256,0.1801871657371521
1337,2,37,0.1932444847547091,0.16933687031269073
1337,2,38,0.189673954477677,0.16160187125205994
1337,2,39,0.1815350932570604,0.16516444087028503
1337,2,40,0.20492369108475172,0.15396741032600403
1337,2,41,0.15707945021299216,0.14597095549106598
1337,2,42,0.17139418193927178,0.14863616228103638
1337,2,43,0.17699599667237356,0.15537311136722565
1337,2,44,0.14068959997250483,0.1439180076122284
1337,2,45,0.16698476729484704,0.12710322439670563
1337,2,46,0.14894289437394875,0.13462164998054504
1337,2,47,0.1647343308879779,0.12683813273906708
1337,2,48,0.16207167620842272,0.12377820163965225
1337,2,49,0.16945079771371988,0.1168186292052269
1337,2,50,0.144263732032134,0.10930471122264862
1337,2,51,0.14788615531646288,0.10661337524652481
1337,2,52,0.1667093004171665,0.11095905303955078
1337,2,53,0.15921966416331437,0.10377995669841766
1337,2,54,0.13941843865009454,0.11070537567138672
1337,2,55,0.15837171387213927,0.10490628331899643
1337,2,56,0.13379205476779205,0.09874169528484344
1337,2,57,0.14022452384233475,0.10136248171329498
1337,2,58,0.14052834591040245,0.09592149406671524
1337,2,59,0.15693597724804512,0.09995532035827637
1337,2,60,0.16564000283296293,0.08940889686346054
1337,2,61,0.1484881009046848,0.08583995699882507
1337,2,62,0.13721515066348589,0.07940460741519928
1337,2,63,0.126333549618721,0.07644808292388916
1337,2,64,0.16046638385607645,0.08227519690990448
1337,2,65,0.14372443063901022,0.08411663770675659
1337,2,66,0.14139925230007905,0.08610080182552338
1337,2,67,0.1442063178580541,0.08655720949172974
1337,2,68,0.13576576228325182,0.08070923388004303
1337,2,69,0.12097114668442653,0.08287685364484787
1337,2,70,0.12552257913809556,0.07898130267858505
1337,2,71,0.13300090426435837,0.0847199335694313
1337,2,72,0.12463173614098476,0.08380137383937836
1337,2,73,0.14387209312273905,0.08274082094430923
1337,2,74,0.13207019378359502,0.0830240324139595
1337,2,75,0.14961750920002276,0.08251702040433884
1337,2,76,0.12270434200763702,0.07733577489852905
1337,2,77,0.11083380877971649,0.0803123265504837
1337,2,78,0.11747369456749696,0.07897800952196121
1337,2,79,0.1302134572313382,0.08045622706413269
1337,2,80,0.12021530333619851,0.07850035279989243
1337,2,81,0.13769885381826988,0.07952884584665298
1337,2,82,0.10373019570341477,0.07499171048402786
1337,2,83,0.11914624732274276,0.07288453727960587
1337,2,84,0.12051948790366833,0.07110116630792618
1337,2,85,0.11088354111864017,0.07804661989212036
1337,2,86,0.12649166068205467,0.07267195731401443
1337,2,87,0.11921641402519666,0.07352769374847412
1337,2,88,0.12573574454738543,0.0707869604229927
1337,2,89,0.10852332470508722,0.06849151104688644
1337,2,90,0.13617624055880767,0.06639952212572098
1337,2,91,0.12058617518498348,0.06724828481674194
1337,2,92,0.11269245812526116,0.06690265238285065
1337,2,93,0.12810391531540796,0.06346075236797333
1337,2,94,0.10252509953883979,0.06536216288805008
1337,2,95,0.1238914756820752,0.06332895904779434
1337,2,96,0.1292803751734587,0.0652008131146431
1337,2,97,0.11029667951739751,0.06264564394950867
1337,2,98,0.10730981024412009,0.06379478424787521
1337,2,99,0.12477740043630967,0.06553702801465988
1337,2,100,0.11547986074135853,0.0603061318397522
1337,2,101,0.10995493198816593,0.06069640442728996
1337,2,102,0.11249406005327518,0.06567130982875824
1337,2,103,0.11759877763688564,0.0627150684595108
1337,2,104,0.1101888598730931,0.059128422290086746
1337,2,105,0.10366988182067871,0.05755006521940231
1337,2,106,0.10467073550591102,0.055701132863759995
1337,2,107,0.12334560860808079,0.058367274701595306
1337,2,108,0.10381967287797195,0.0598999559879303
1337,2,109,0.12029838418731323,0.0619535818696022
1337,2,110,0.12818175439651197,0.05888954550027847
1337,2,111,0.09770857628721458,0.058221545070409775
1337,2,112,0.11862593459395263,0.05696772038936615
1337,2,113,0.12384109428295723,0.05710437893867493
1337,2,114,0.11109502326983672,0.05799533426761627
1337,2,115,0.10152472784885994,0.05827838554978371
1337,2,116,0.10811627255036281,0.05846915394067764
1337,2,117,0.11822153943089339,0.05949053913354874
1337,2,118,0.10095199484091538,0.05916212871670723
1337,2,119,0.1028065847662779,0.05760033801198006
1337,2,120,0.11687463951798585,0.05453938618302345
1337,2,121,0.11035152094868514,0.06406258791685104
1337,2,122,0.10966014546843675,0.060894470661878586
1337,2,123,0.11602557049347804,0.059329502284526825
1337,2,124,0.10948766452761796,0.054205238819122314
1337,2,125,0.1146595970942424,0.05551567301154137
1337,2,126,0.11079311170257054,0.05750598385930061
1337,2,127,0.10050634724589494,0.055843714624643326
1337,2,128,0.1148337572813034,0.05847086012363434
1337,2,129,0.1136791196006995,0.05639459565281868
1337,2,130,0.10400086268782616,0.0590822696685791
1337,2,131,0.10289095141566716,0.06112104281783104
1337,2,132,0.11730584129691124,0.05771198123693466
1337,2,133,0.10106143498649964,0.05797325447201729
1337,2,134,0.09505152272490355,0.059938933700323105
1337,2,135,0.10651479518184295,0.06043463945388794
1337,2,136,0.09285878504698093,0.05582444369792938
1337,2,137,0.10340650981435409,0.05684575438499451
1337,2,138,0.1012709355698182,0.060800954699516296
1337,2,139,0.09888420569208953,0.05634263530373573
1337,2,140,0.11168055551556441,0.05529695376753807
1337,2,141,0.09872202345958123,0.05731244757771492
1337,2,142,0.11582274133196244,0.055511653423309326
1337,2,143,0.10396273778035091,0.05553330108523369
1337,2,144,0.11710715293884277,0.055890001356601715
1337,2,145,0.10106153986774959,0.0536339245736599
1337,2,146,0.10301752273853008,0.054143693298101425
1337,2,147,0.10368740673248585,0.05273454636335373
1337,2,148,0.10444637015461922,0.05371885746717453
1337,2,149,0.09525858238339424,0.05743267759680748
1337,2,150,0.10716975766878861,0.05488282069563866
1337,2,151,0.09226483679734744,0.053692661225795746
1337,2,152,0.09307039328492604,0.05507790297269821
1337,2,153,0.09837955924180838,0.05430782213807106
1337,2,154,0.11169682529110175,0.05600578337907791
1337,2,155,0.10141567656627068,0.054842524230480194
1337,2,156,0.09445011529784936,0.05391672998666763
1337,2,157,0.10053553661474815,0.05300258472561836
1337,2,158,0.10623006751904121,0.05396740883588791
1337,2,159,0.10408204134840232,0.054963547736406326
1337,2,160,0.08979002042458607,0.054977480322122574
1337,2,161,0.09460661445672695,0.05431351065635681
1337,2,162,0.09746028339633575,0.05375722795724869
1337,2,163,0.10101741638321143,0.054110392928123474
1337,2,164,0.08921527002866451,0.05346810072660446
1337,2,165,0.0977157953266914,0.05307420715689659
1337,2,166,0.10617496474431111,0.052719131112098694
1337,2,167,0.09839076290910061,0.054153017699718475
1337,2,168,0.10985689438306369,0.053915590047836304
1337,2,169,0.08590896398975299,0.054223474115133286
1337,2,170,0.10608190040175731,0.05583404749631882
1337,2,171,0.08998478433260551,0.055738866329193115
1337,2,172,0.09310942573043016,0.05402304232120514
1337,2,173,0.09122602727550727,0.05520162731409073
1337,2,174,0.09556515858723567,0.054539091885089874
1337,2,175,0.10492895772823921,0.05264952778816223
1337,2,176,0.10281870112969325,0.054863981902599335
1337,2,177,0.10647001747901623,0.055741775780916214
1337,2,178,0.08989249986524765,0.05508827045559883
1337,2,179,0.11512610717461659,0.05527403950691223
1337,2,180,0.09697453219156998,0.0554887056350708
1337,2,181,0.08834983523075397,0.05589422211050987
1337,2,182,0.09239280968904495,0.054402515292167664
1337,2,183,0.103059615366734,0.05499373748898506
1337,2,184,0.11129956778425437,0.05588334798812866
1337,2,185,0.08744908410769242,0.05454444885253906
1337,2,186,0.10865094254796322,0.053668249398469925
1337,2,187,0.10252114299398202,0.05365978926420212
1337,2,188,0.09747505503205153,0.053108397871255875
1337,2,189,0.09692305097213158,0.05258721113204956
1337,2,190,0.09049012311376058,0.05265729874372482
1337,2,191,0.09730100803650342,0.05301278084516525
1337,2,192,0.09817232936620712,0.05347824841737747
1337,2,193,0.10391838676654376,0.05355411395430565
1337,2,194,0.10075678790991123,0.05343075841665268
1337,2,195,0.09158388124062465,0.054143741726875305
1337,2,196,0.09023826454694454,0.05369352176785469
1337,2,197,0.08609152900484893,0.0538894385099411
1337,2,198,0.08914107313522926,0.054360296577215195
1337,2,199,0.09546658052847935,0.054778117686510086
1337,2,200,0.09494756133510517,0.055052608251571655
1337,2,201,0.09679940744088246,0.05507101118564606
1337,2,202,0.09794803307606624,0.054680343717336655
1337,2,203,0.0936201369533172,0.05486707761883736
1337,2,204,0.0979268979281187,0.05464565381407738
1337,2,205,0.0947348945415937,0.05459892749786377
1337,2,206,0.08409384695383218,0.054304566234350204
1337,2,207,0.09479662317496079,0.05450174957513809
1337,2,208,0.0943994983457602,0.05463080108165741
1337,2,209,0.09636792082052964,0.0547812357544899
1337,2,210,0.09637514444497916,0.05474773049354553
1337,2,211,0.0972970575094223,0.054560087621212006
1337,2,212,0.10827758650367077,0.05475899204611778
1337,2,213,0.09991072175594476,0.05456196144223213
1337,2,214,0.10368918570188376,0.05449853092432022
1337,2,215,0.10022489783855584,0.05441578850150108
1337,2,216,0.1012293160534822,0.05459647625684738
1337,2,217,0.09220219059632374,0.05462946742773056
1337,2,218,0.08759090648247646,0.054695919156074524
1337,2,219,0.09199969355876629,0.05447448790073395
1337,3,0,0.389467525940675,0.2661018371582031
1337,3,1,0.347252213037931,0.26288801431655884
1337,3,2,0.39680835833916295,0.2578982412815094
1337,3,3,0.38297659961076885,0.25179147720336914
1337,3,4,0.3764079408003734,0.2445271909236908
1337,3,5,0.3670261949300766,0.2362455129623413
1337,3,6,0.35705921283135045,0.2267780601978302
1337,3,7,0.39539935955634486,0.21721935272216797
1337,3,8,0.3752809717104985,0.20687897503376007
1337,3,9,0.30415336329203385,0.1968344748020172
1337,3,10,0.3504216911701056,0.18734276294708252
1337,3,11,0.3229008076282648,0.17809510231018066
1337,3,12,0.30280467065481037,0.16982996463775635
1337,3,13,0.3298691843564694,0.16221950948238373
1337,3,14,0.3068156402844649,0.15459506213665009
1337,3,15,0.33360287890984464,0.1476258486509323
1337,3,16,0.2651108382986142,0.1415000706911087
1337,3,17,0.28950385692027897,0.13741055130958557
1337,3,18,0.251270364683408,0.1352076679468155
1337,3,19,0.28086382953020245,0.13416343927383423
1337,3,20,0.23591823016221708,0.13464194536209106
1337,3,21,0.22707349348526734,0.14058184623718262
1337,3,22,0.22541311440559533,0.14504241943359375
1337,3,23,0.23146488116337702,0.1559520810842514
1337,3,24,0.22585273992556792,0.16676273941993713
1337,3,25,0.2467239648103714,0.1803717464208603
1337,3,26,0.23873387964872214,0.1818017065525055
1337,3,27,0.22157992881077987,0.17854934930801392
1337,3,28,0.214727439559423,0.176555797457695
1337,3,29,0.23212669560542473,0.16165666282176971
1337,3,30,0.2254676721416987,0.16845597326755524
1337,3,31,0.175595502440746,0.17854632437229156
1337,3,32,0.20399700964872652,0.17738845944404602
1337,3,33,0.1810142621397972,0.1827787160873413
1337,3,34,0.19203116716100618,0.17748191952705383
1337,3,35,0.17063120351387903,0.1828242987394333
1337,3,36,0.177509687267817,0.17718425393104553
1337,3,37,0.18726173788309097,0.17884016036987305
1337,3,38,0.17516334756062582,0.17621392011642456
1337,3,39,0.1618690909101413,0.18954314291477203
1337,3,40,0.15406905401211518,0.1930866539478302
1337,3,41,0.16339830309152603,0.16679193079471588
1337,3,42,0.175137218947594,0.14639148116111755
1337,3,43,0.15767252215972313,0.1458224207162857
1337,3,44,0.13337117318923658,0.14391568303108215
1337,3,45,0.1273377423103039,0.14692124724388123
1337,3,46,0.15832016330498916,0.136749729514122
1337,3,47,0.13512210032114616,0.14295582473278046
1337,3,48,0.15521273761987686,0.13535583019256592
1337,3,49,0.14390005343235457,0.14266930520534515
1337,3,50,0.14716888276430276,0.14044995605945587
1337,3,51,0.1280283326139817,0.14430464804172516
1337,3,52,0.16406120073336822,0.12009038031101227
1337,3,53,0.1313189955858084,0.13442696630954742
1337,3,54,0.13714280896461928,0.12013948708772659
1337,3,55,0.14214343462999052,0.11907456815242767
1337,3,56,0.12665647726792556,0.11943655461072922
1337,3,57,0.13847054569767073,0.12940385937690735
1337,3,58,0.14313725697306487,0.11722426116466522
1337,3,59,0.13795328856660768,0.1245386078953743
1337,3,60,0.14183790752520928,0.14149853587150574
1337,3,61,0.11851672656261004,0.1213458776473999
1337,3,62,0.12555086039579832,0.11883905529975891
1337,3,63,0.139023197384981,0.11206825077533722
1337,3,64,0.12789295785702193,0.11882052570581436
1337,3,65,0.12198946796930753,0.11033376306295395
1337,3,66,0.09860494217047325,0.12609821557998657
1337,3,67,0.11724141154151696,0.13038970530033112
1337,3,68,0.11685103378616847,0.11319088190793991
1337,3,69,0.10264707700564311,0.10777994990348816
1337,3,70,0.1110012297733472,0.11031218618154526
1337,3,71,0.11869283593617953,0.11040696501731873
1337,3,72,0.09128390653775288,0.11413489282131195
1337,3,73,0.11889552468290696,0.10135456174612045
1337,3,74,0.12525577728564924,0.11157795041799545
1337,3,75,0.12397558585955547,0.12195144593715668
1337,3,76,0.11595829547597812,0.1314816176891327
1337,3,77,0.10760141278688724,0.11790905147790909
1337,3,78,0.1172187076165126,0.12685376405715942
1337,3,79,0.11001485442885986,0.11882071942090988
1337,3,80,0.10752377573114175,0.10210701078176498
1337,3,81,0.10879309819294856,0.11621513962745667
1337,3,82,0.12106751822508298,0.10134033858776093
1337,3,83,0.1109468315083247,0.10503359138965607
1337,3,84,0.09434756407370934,0.11176963150501251
1337,3,85,0.11923614660134682,0.11177672445774078
1337,3,86,0.10477481123346549,0.10528270900249481
1337,3,87,0.11123752479369824,0.10489585250616074
1337,3,88,0.11975357968073624,0.11028643697500229
1337,3,89,0.11064343727551974,0.10307883471250534
1337,3,90,0.08965541536991413,0.11327382177114487
1337,3,91,0.10973369588072483,0.1086532324552536
1337,3,92,0.10016755817028192,0.11935095489025116
1337,3,93,0.10068962063926917,0.10447371751070023
1337,3,94,0.09886256548074576,0.10640700161457062
1337,3,95,0.11406974494457245,0.1172109916806221
1337,3,96,0.11153722267884475,0.10642886906862259
1337,3,97,0.10683698894885871,0.10074160993099213
1337,3,98,0.10064505097957757,0.1026744693517685
1337,3,99,0.10283233913091513,0.101645328104496
1337,3,100,0.10832667293456885,0.10105612874031067
1337,3,101,0.10773202862877113,0.10403680801391602
1337,3,102,0.09883335347358997,0.10862673819065094
1337,3,103,0.09749488446574944,0.12142911553382874
1337,3,104,0.10331903827878144,0.11235586553812027
1337,3,105,0.09760690652407132,0.10876943171024323
1337,3,106,0.09664412272664216,0.09886455535888672
1337,3,107,0.11254367175010535,0.0974116399884224
1337,3,108,0.09477355044621688,0.10579751431941986
1337,3,109,0.10646650137809607,0.109804168343544
1337,3,110,0.10516341087909845,0.10866739600896835
1337,3,111,0.09362048369187576,0.09989247471094131
1337,3,112,0.10130220823563062,0.09756699949502945
1337,3,113,0.10069016940318622,0.10451532900333405
1337,3,114,0.11618549835223418,0.10115320235490799
1337,3,115,0.09037479643638317,0.10064368695020676
1337,3,116,0.08649146442229931,0.10085948556661606
1337,3,117,0.08850129006000665,0.10713090747594833
1337,3,118,0.09996673837304115,0.1081673800945282
1337,3,119,0.08864883046883804,0.11169305443763733
1337,3,120,0.10290746963941134,0.1113334447145462
1337,3,121,0.09486088070731896,0.10259708017110825
1337,3,122,0.09530966442364913,0.0988110899925232
1337,3,123,0.08430603920267178,0.10438912361860275
1337,3,124,0.1051364906418782,0.11235225945711136
1337,3,125,0.08521145782791652,0.10640837252140045
1337,3,126,0.09115183582672706,0.10317724198102951
1337,3,127,0.10723596696670239,0.10408513993024826
1337,3,128,0.09451483333340058,0.11492511630058289
1337,3,129,0.09033093744745621,0.1043456420302391
1337,3,130,0.08361716683094318,0.10652421414852142
1337,3,131,0.08907793132731548,0.11079194396734238
1337,3,132,0.08124672578504452,0.10618185251951218
1337,3,133,0.08880027011036873,0.10582783818244934
1337,3,134,0.11524830758571625,0.10598112642765045
1337,3,135,0.09212243757568873,0.10832604765892029
1337,3,136,0.08890464844611976,0.10445377230644226
1337,3,137,0.09318744563139401,0.10955099761486053
1337,3,138,0.10478453997236031,0.10003317892551422
1337,3,139,0.10092144574110325,0.10315967351198196
1337,3,140,0.09525302453682973,0.10566972941160202
1337,3,141,0.08230976559794866,0.10757113993167877
1337,4,0,0.43141990900039673,0.5540302991867065
1337,4,1,0.4190919032463661,0.5478525161743164
1337,4,2,0.40118523744436413,0.5393803715705872
1337,4,3,0.48721449764875263,0.5296511650085449
1337,4,4,0.4482695024747115,0.5183504223823547
1337,4,5,0.45208863340891325,0.5054108500480652
1337,4,6,0.4226536945654796,0.49028727412223816
1337,4,7,0.431204691529274,0.47541895508766174
1337,4,8,0.44128235945334804,0.46006831526756287
1337,4,9,0.42707151289169604,0.4430449604988098
1337,4,10,0.377612645809467,0.4280916154384613
1337,4,11,0.40532944294122547,0.4113480746746063
1337,4,12,0.3675902634859085,0.39454859495162964
1337,4,13,0.3903918174596933,0.37935692071914673
1337,4,14,0.3815624988996066,0.3635803163051605
1337,4,15,0.3180554107977794,0.3466939628124237
1337,4,16,0.3201444149017334,0.3303639590740204
1337,4,17,0.3305232570721553,0.3148666322231293
1337,4,18,0.31288390778578246,0.2972603142261505
1337,4,19,0.28492837800429416,0.28239816427230835
1337,4,20,0.3197211967064784,0.2637255787849426
1337,4,21,0.2885707470660026,0.24459446966648102
1337,4,22,0.3028610715499291,0.22788457572460175
1337,4,23,0.32637323095248294,0.21439547836780548
1337,4,24,0.2704845747122398,0.20287983119487762
1337,4,25,0.26445834854474437,0.18922953307628632
1337,4,26,0.230305712383527,0.17957541346549988
1337,4,27,0.25824926220453703,0.1748274266719818
1337,4,28,0.2350342141894194,0.17249594628810883
1337,4,29,0.22613531694962427,0.17068786919116974
1337,4,30,0.1969025948872933,0.1671321839094162
1337,4,31,0.21994026119892413,0.1622156798839569
1337,4,32,0.16714513760346633,0.15592797100543976
1337,4,33,0.21497008834893888,0.14822863042354584
1337,4,34,0.17972658574581146,0.14686618745326996
1337,4,35,0.19873993156047967,0.1437816470861435
1337,4,36,0.19182161814891374,0.1420615315437317
1337,4,37,0.21057076580249345,0.1417894959449768
1337,4,38,0.18010481733542222,0.14024177193641663
1337,4,39,0.1960954459813925,0.13700710237026215
1337,4,40,0.1762378175671284,0.13486938178539276
1337,4,41,0.17475857872229356,0.1299315094947815
1337,4,42,0.17665438239391035,0.128688782453537
1337,4,43,0.17832495444096053,0.1261199414730072
1337,4,44,0.18624873230090508,0.1253615766763687
1337,4,45,0.162624027293462,0.12408959120512009
1337,4,46,0.15520388002579028,0.12282811850309372
1337,4,47,0.19304549579436964,0.12284751981496811
1337,4,48,0.15898528351233557,0.1189449355006218
1337,4,49,0.14965992994033372,0.11916951090097427
1337,4,50,0.14299029513047293,0.12106197327375412
1337,4,51,0.1556200276200588,0.11568862199783325
1337,4,52,0.15496838436676905,0.11203271150588989
1337,4,53,0.14514196377534133,0.11066488921642303
1337,4,54,0.13006546176396883,0.10786813497543335
1337,4,55,0.15977313369512558,0.10658448934555054
1337,4,56,0.14661027720341316,0.1074969470500946
1337,4,57,0.1468605284507458,0.10096576064825058
1337,4,58,0.13133771259051102,0.09760844707489014
1337,4,59,0.12955619050906256,0.09620000422000885
1337,4,60,0.14108292586528337,0.09665916860103607
1337,4,61,0.14184333040164068,0.09899924695491791
1337,4,62,0.13983591588643882,0.09524087607860565
1337,4,63,0.148373727615063,0.09272407740354538
1337,4,64,0.13793635712220118,0.09091106057167053
1337,4,65,0.13186344131827354,0.09202471375465393
1337,4,66,0.14601501249350035,0.0997600331902504
1337,4,67,0.13398155054220787,0.09322606027126312
1337,4,68,0.1267721767608936,0.0959460511803627
1337,4,69,0.1324570562977057,0.0991174578666687
1337,4,70,0.12992863529003584,0.0930139422416687
1337,4,71,0.11469422051539788,0.09180665761232376
1337,4,72,0.13456838864546555,0.09272202104330063
1337,4,73,0.13175914379266593,0.0959371030330658
1337,4,74,0.11986778848446332,0.0855344608426094
1337,4,75,0.12269132813582054,0.0854671448469162
1337,4,76,0.1100242857176524,0.0861034169793129
1337,4,77,0.1133349807216571,0.08153870701789856
1337,4,78,0.11668346535701019,0.08407829701900482
1337,4,79,0.10662158234761311,0.08809421956539154
1337,4,80,0.11565923060362156,0.086212158203125
1337,4,81,0.12691961458096138,0.08321768045425415
1337,4,82,0.09458891990093085,0.08411892503499985
1337,4,83,0.12228420949899234,0.08577410876750946
1337,4,84,0.12160172542700401,0.08519287407398224
1337,4,85,0.10879361600830005,0.08107856661081314
1337,4,86,0.11214672143642719,0.07947737723588943
1337,4,87,0.12364933353203994,0.08846905827522278
1337,4,88,0.1079275539288154,0.08140171319246292
1337,4,89,0.1090794294499434,0.0797218456864357
1337,4,90,0.12307194906931657,0.0838301032781601
1337,4,91,0.11232841702607962,0.07836852967739105
1337,4,92,0.12256698310375214,0.07736437767744064
1337,4,93,0.11947759584738658,0.0750298723578453
1337,4,94,0.11016926369988002,0.07691674679517746
1337,4,95,0.12194019842606324,0.07860476523637772
1337,4,96,0.09969690442085266,0.07220367342233658
1337,4,97,0.1040483618584963,0.07463337481021881
1337,4,98,0.10976498402082004,0.07315213978290558
1337,4,99,0.11198311814895043,0.07959389686584473
1337,4,100,0.11679667363373133,0.07820434123277664
1337,4,101,0.1161404733474438,0.08076830208301544
1337,4,102,0.10633338185457084,0.07697079330682755
1337,4,103,0.11797056461756046,0.07771563529968262
1337,4,104,0.11099171394912097,0.08122142404317856
1337,4,105,0.10840194357129243,0.07546627521514893
1337,4,106,0.11044272178640732,0.0765644982457161
1337,4,107,0.09703584588491,0.08421102166175842
1337,4,108,0.10271991130251151,0.07952926307916641
1337,4,109,0.10329027158709672,0.07550704479217529
1337,4,110,0.09824744927195403,0.08641643822193146
1337,4,111,0.10703482794073912,0.07679300010204315
1337,4,112,0.11179961951879355,0.07475604861974716
1337,4,113,0.08783357733717331,0.07723494619131088
1337,4,114,0.08639904484152794,0.0754966139793396
1337,4,115,0.10292856423900677,0.07645116001367569
1337,4,116,0.08677978297838798,0.07752098888158798
1337,4,117,0.09515017156417553,0.0816207155585289
1337,4,118,0.09584317213067642,0.0786164179444313
1337,4,119,0.11465056240558624,0.07759187370538712
1337,4,120,0.10178285407332274,0.07806066423654556
1337,4,121,0.10409738266697297,0.07775282859802246
1337,4,122,0.0892572606412264,0.07855742424726486
1337,4,123,0.09770475786465865,0.07417544722557068
1337,4,124,0.09832527889655186,0.0752461701631546
1337,4,125,0.10105477961210105,0.0736296996474266
1337,4,126,0.10903362156106876,0.07508053630590439
1337,4,127,0.09312297633061042,0.07557205855846405
1337,4,128,0.09403072268917011,0.07774212211370468
1337,4,129,0.08909272818038097,0.07177598774433136
1337,4,130,0.10323111913525142,0.07353132218122482
1337,4,131,0.09917608562570351,0.07319077104330063
1337,4,132,0.1058664986720452,0.0709509328007698
1337,4,133,0.08919079888325471,0.0706004649400711
1337,4,134,0.10091936215758324,0.07129828631877899
1337,4,135,0.10256176269971408,0.07574602961540222
1337,4,136,0.08724669481699283,0.0761173740029335
1337,4,137,0.0990095201593179,0.07817710191011429
1337,4,138,0.08831685982071437,0.07769103348255157
1337,4,139,0.09008672675834252,0.07439719885587692
1337,4,140,0.09031805252799621,0.07399804145097733
1337,4,141,0.09031834854529454,0.07862164825201035
1337,4,142,0.09088810877158092,0.07884829491376877
1337,4,143,0.0812517092205011,0.0780324712395668
1337,4,144,0.10467533452006486,0.08075442910194397
1337,4,145,0.09545424723854432,0.07996576279401779
1337,4,146,0.08846144951306857,0.07891401648521423
1337,4,147,0.08919086106694661,0.07473786175251007
1337,4,148,0.10176742191498096,0.07729770988225937
1337,4,149,0.09004031809476706,0.07544610649347305
1337,4,150,0.08361367250864322,0.07610384374856949
1337,4,151,0.09638913663534018,0.0789930447936058
1337,4,152,0.09381127013609959,0.08170657604932785
1337,4,153,0.1003060037126908,0.0780867412686348
1337,4,154,0.0920497732093701,0.07781261205673218
1337,4,155,0.09424248882211171,0.07532601058483124
1337,4,156,0.10305341189870468,0.07406672835350037
1337,4,157,0.09898043911044414,0.07411675900220871
1337,4,158,0.0994314938210524,0.07907430827617645
1337,4,159,0.09130695892068055,0.07840361446142197
1337,4,160,0.07355772159420527,0.07910802215337753
1337,4,161,0.09312991912548359,0.07776148617267609
1337,4,162,0.08778054668353154,0.07364711910486221
1337,4,163,0.08701712695451883,0.07442625612020493
20260731,0,0,0.4166461481497838,0.36493590474128723
20260731,0,1,0.34889204570880306,0.3615913987159729
20260731,0,2,0.39668746063342464,0.3567209839820862
20260731,0,3,0.41390920831606937,0.34987491369247437
20260731,0,4,0.3935148761822627,0.3425131142139435
20260731,0,5,0.3599247451011951,0.33345481753349304
20260731,0,6,0.3576728357718541,0.3244558870792389
20260731,0,7,0.3620149756853397,0.31614458560943604
20260731,0,8,0.3634256605918591,0.30782538652420044
20260731,0,9,0.34449491592553944,0.29917290806770325
20260731,0,10,0.37057439868266767,0.2902645766735077
20260731,0,11,0.37131735109365904,0.2810917794704437
20260731,0,12,0.31229234085633206,0.2726372480392456
20260731,0,13,0.36326182461701906,0.2631101608276367
20260731,0,14,0.32916319141021144,0.25281357765197754
20260731,0,15,0.3179068106871385,0.24123837053775787
20260731,0,16,0.3148344640548413,0.22675871849060059
20260731,0,17,0.303063941689638,0.21225997805595398
20260731,0,18,0.31746733074004835,0.1981721967458725
20260731,0,19,0.30601764069153714,0.18756942451000214
20260731,0,20,0.306594206736638,0.17688554525375366
20260731,0,21,0.30897100269794464,0.16723743081092834
20260731,0,22,0.291151035290498,0.16236433386802673
20260731,0,23,0.2549878221291762,0.16321809589862823
20260731,0,24,0.2770581589295314,0.15587712824344635
20260731,0,25,0.2670835439975445,0.1551256626844406
20260731,0,26,0.29648724312965685,0.15466570854187012
20260731,0,27,0.22498464011229002,0.1508425921201706
20260731,0,28,0.2388839268913636,0.1529402881860733
20260731,0,29,0.24104289710521698,0.15265408158302307
20260731,0,30,0.2273815583724242,0.14784519374370575
20260731,0,31,0.22278053198869413,0.14479510486125946
20260731,0,32,0.23813949468044135,0.14844165742397308
20260731,0,33,0.23212501177420983,0.15375573933124542
20260731,0,34,0.20695742334310824,0.15747113525867462
20260731,0,35,0.18278465878504974,0.16132284700870514
20260731,0,36,0.23321215349894303,0.16117753088474274
20260731,0,37,0.18700773842059648,0.1442529559135437
20260731,0,38,0.17871425931270307,0.14596624672412872
20260731,0,39,0.1928468455488865,0.14344361424446106
20260731,0,40,0.1650816144851538,0.149921715259552
20260731,0,41,0.1813520617209948,0.14136438071727753
20260731,0,42,0.1428430384168258,0.14751605689525604
20260731,0,43,0.17237843515781257,0.13877183198928833
20260731,0,44,0.1556874903348776,0.13380727171897888
20260731,0,45,0.1530729876114772,0.12758035957813263
20260731,0,46,0.15239396462073693,0.1341078132390976
20260731,0,47,0.17772687169221732,0.1359432339668274
20260731,0,48,0.14139972627162933,0.128808856010437
20260731,0,49,0.15265718904825357,0.13124728202819824
20260731,0,50,0.15964108590896314,0.11582624912261963
20260731,0,51,0.1508536568054786,0.12613287568092346
20260731,0,52,0.14977284492208406,0.12788717448711395
20260731,0,53,0.1475368755368086,0.10959909856319427
20260731,0,54,0.13018223299429968,0.1200481653213501
20260731,0,55,0.12652187794446945,0.11056849360466003
20260731,0,56,0.13350498045866305,0.11623683571815491
20260731,0,57,0.1295016287611081,0.10269167274236679
20260731,0,58,0.1422274880684339,0.10553907603025436
20260731,0,59,0.1261522632378798,0.11387663334608078
20260731,0,60,0.11092928166572864,0.10650533437728882
20260731,0,61,0.12283772115523998,0.10875795781612396
20260731,0,62,0.1095203861880761,0.10233581811189651
20260731,0,63,0.1206750927063135,0.10544159263372421
20260731,0,64,0.11803493648767471,0.0947083905339241
20260731,0,65,0.13246886317546552,0.09755084663629532
20260731,0,66,0.12036019105177659,0.0977669507265091
20260731,0,67,0.1119361026928975,0.09950517863035202
20260731,0,68,0.10811478959826323,0.08685697615146637
20260731,0,69,0.10895452075279675,0.09082821011543274
20260731,0,70,0.12043375407273953,0.0970398336648941
20260731,0,71,0.12163738849071357,0.09100057184696198
20260731,0,72,0.1250693812393225,0.09017715603113174
20260731,0,73,0.09365440274660404,0.08959180116653442
20260731,0,74,0.11906441644980358,0.08901164680719376
20260731,0,75,0.11866788795361152,0.09011374413967133
20260731,0,76,0.11949275548641498,0.08772362768650055
20260731,0,77,0.12006644560740544,0.09079637378454208
20260731,0,78,0.11243895727854508,0.09060516953468323
20260731,0,79,0.10389069525095132,0.09150748699903488
20260731,0,80,0.12080371465820533,0.08971185237169266
20260731,0,81,0.13268465692034134,0.09246738255023956
20260731,0,82,0.11768648486870986,0.09127937257289886
20260731,0,83,0.10085890384820792,0.09319090843200684
20260731,0,84,0.11781116345754036,0.08893554657697678
20260731,0,85,0.1015582589002756,0.09164049476385117
20260731,0,86,0.09568056378227013,0.088539257645607
20260731,0,87,0.10033455204505187,0.0928494930267334
20260731,0,88,0.10526508264816724,0.08999686688184738
20260731,0,89,0.12150423343365009,0.0853818729519844
20260731,0,90,0.10068931258641757,0.08825532346963882
20260731,0,91,0.10041923104570462,0.08699995279312134
20260731,0,92,0.09995355686316124,0.08123462647199631
20260731,0,93,0.1024896135696998,0.09086796641349792
20260731,0,94,0.0991339637682988,0.08081552386283875
20260731,0,95,0.10600893342724213,0.08266869932413101
20260731,0,96,0.09671943634748459,0.09034080803394318
20260731,0,97,0.10579033769094028,0.0844787210226059
20260731,0,98,0.09803677866092095,0.08507630974054337
20260731,0,99,0.102765842125966,0.08768927305936813
20260731,0,100,0.10365811334206508,0.08621309697628021
20260731,0,101,0.10182547483306664,0.08340276032686234
20260731,0,102,0.1024399041556395,0.0908118262887001
20260731,0,103,0.09701167620145358,0.09031884372234344
20260731,0,104,0.08738888957752632,0.09662101417779922
20260731,0,105,0.10450027281275162,0.08918270468711853
20260731,0,106,0.09387069052228561,0.08561595529317856
20260731,0,107,0.10490421692912395,0.08583712577819824
20260731,0,108,0.096294493915943,0.08691155910491943
20260731,0,109,0.10198682661239918,0.08609239012002945
20260731,0,110,0.08341668202326848,0.08951835334300995
20260731,0,111,0.08577134230962166,0.08265277743339539
20260731,0,112,0.0914338635137448,0.08233293145895004
20260731,0,113,0.10535019980027126,0.0832219198346138
20260731,0,114,0.0915094121144368,0.08237238228321075
20260731,0,115,0.09625959826203492,0.08400795608758926
20260731,0,116,0.09154488174961163,0.08471029251813889
20260731,0,117,0.10575000339975724,0.08243042975664139
20260731,0,118,0.10684670507907867,0.08588726073503494
20260731,0,119,0.09847797166842681,0.0870751440525055
20260731,0,120,0.1068666296509596,0.08562110364437103
20260731,0,121,0.09086182828132923,0.08528213948011398
20260731,0,122,0.09300077735231473,0.09006886184215546
20260731,0,123,0.10830199890411817,0.08498754352331161
20260731,0,124,0.09614021732256962,0.08604508638381958
20260731,0,125,0.08578770464429489,0.08479615300893784
20260731,0,126,0.10175585288267869,0.0846533551812172
20260731,0,127,0.09887472884013103,0.0891621857881546
20260731,0,128,0.09903063739721592,0.08924160152673721
20260731,0,129,0.09866285266784522,0.08685264736413956
20260731,0,130,0.10276202828838275,0.08254166692495346
20260731,0,131,0.10024571991883792,0.08360318839550018
20260731,0,132,0.07671678639375247,0.0818355530500412
20260731,0,133,0.08513105374116164,0.07882079482078552
20260731,0,134,0.08899684107074371,0.08104683458805084
20260731,0,135,0.09798583617577186,0.0821724608540535
20260731,0,136,0.10157988564326213,0.08604969084262848
20260731,0,137,0.08111526072025299,0.08221861720085144
20260731,0,138,0.08731575568134968,0.08497090637683868
20260731,0,139,0.07961940063306919,0.08637876063585281
20260731,0,140,0.09103450694909462,0.08455915749073029
20260731,0,141,0.09980143492038433,0.08236958086490631
20260731,0,142,0.10607622420558563,0.0839744508266449
20260731,0,143,0.09108339507992451,0.08258527517318726
20260731,0,144,0.08661659090564801,0.08421986550092697
20260731,0,145,0.08835379492778045,0.08128789067268372
20260731,0,146,0.10073751812944046,0.09231381863355637
20260731,0,147,0.09179981196155915,0.09184621274471283
20260731,0,148,0.08173557170308553,0.08813593536615372
20260731,0,149,0.08640738633962777,0.08582169562578201
20260731,0,150,0.07774742721365048,0.0826604962348938
20260731,0,151,0.09181449447686856,0.08586829155683517
20260731,0,152,0.08286158926784992,0.08238701522350311
20260731,0,153,0.09523783824764766,0.07995162159204483
20260731,0,154,0.0837984738441614,0.08283475786447525
20260731,0,155,0.09036951426130074,0.08699420839548111
20260731,0,156,0.09062626012242757,0.08597709238529205
20260731,0,157,0.09199642619261375,0.0826655849814415
20260731,0,158,0.08377014902921823,0.08393017947673798
20260731,0,159,0.0953033552146875,0.08610676229000092
20260731,0,160,0.08873365962734589,0.08544785529375076
20260731,0,161,0.07982237407794365,0.08378352969884872
20260731,0,162,0.08715303700703841,0.08221384882926941
20260731,0,163,0.075332968424146,0.08459234237670898
20260731,1,0,0.36238649028998154,0.4934191107749939
20260731,1,1,0.4287981643126561,0.4886147677898407
20260731,1,2,0.3839206179747215,0.48166611790657043
20260731,1,3,0.38636158177485835,0.472868412733078
20260731,1,4,0.4215909712589704,0.4631602466106415
20260731,1,5,0.390704761330898,0.4523151218891144
20260731,1,6,0.4166312286486992,0.44027456641197205
20260731,1,7,0.39961723868663496,0.4272938370704651
20260731,1,8,0.3797629509980862,0.4129849672317505
20260731,1,9,0.3234439566731453,0.3981817662715912
20260731,1,10,0.39237263110967785,0.3821057379245758
20260731,1,11,0.3568446533038066,0.3657447397708893
20260731,1,12,0.3819930771222481,0.348344087600708
20260731,1,13,0.39587697042868686,0.33104828000068665
20260731,1,14,0.34235944656225353,0.31378939747810364
20260731,1,15,0.30804168719511765,0.29577240347862244
20260731,1,16,0.33306388900830197,0.27884599566459656
20260731,1,17,0.2899096550849768,0.26336291432380676
20260731,1,18,0.3047230816804446,0.25100743770599365
20260731,1,19,0.32600710369073427,0.24099653959274292
20260731,1,20,0.26242309178297335,0.2313685268163681
20260731,1,21,0.2538367613003804,0.22511549293994904
20260731,1,22,0.2486702983195965,0.22014863789081573
20260731,1,23,0.19860976074750608,0.21592651307582855
20260731,1,24,0.247565131347913,0.2130645364522934
20260731,1,25,0.25390381537950957,0.21045532822608948
20260731,1,26,0.22950180849203697,0.20721065998077393
20260731,1,27,0.21461327431293634,0.20464882254600525
20260731,1,28,0.23729667984522307,0.20035482943058014
20260731,1,29,0.17836788468636,0.19921056926250458
20260731,1,30,0.2145169016260367,0.20020507276058197
20260731,1,31,0.21954554548630348,0.19960850477218628
20260731,1,32,0.18471063214998978,0.2062889039516449
20260731,1,33,0.20260913555438703,0.2001330554485321
20260731,1,34,0.20091587419693285,0.1969812512397766
20260731,1,35,0.18616138570583785,0.18824274837970734
20260731,1,36,0.19325032429053232,0.1831551343202591
20260731,1,37,0.1724853297838798,0.17894333600997925
20260731,1,38,0.18806967024619764,0.18035635352134705
20260731,1,39,0.19139581976028588,0.18364563584327698
20260731,1,40,0.16267364701399437,0.181550994515419
20260731,1,41,0.19834340478365237,0.17521357536315918
20260731,1,42,0.16555362939834595,0.1748618483543396
20260731,1,43,0.1483461558818817,0.16717131435871124
20260731,1,44,0.17706569914634412,0.16585253179073334
20260731,1,45,0.17957885104876298,0.1630726307630539
20260731,1,46,0.16840063092800286,0.1649189591407776
20260731,1,47,0.16081389211691344,0.16146597266197205
20260731,1,48,0.13051788279643425,0.16067606210708618
20260731,1,49,0.17045975705752006,0.1596246063709259
20260731,1,50,0.17122643097088888,0.160071462392807
20260731,1,51,0.1505933891122158,0.16135650873184204
20260731,1,52,0.15053497369472796,0.1607443392276764
20260731,1,53,0.14183370425150946,0.1574881225824356
20260731,1,54,0.163009287073062,0.16219455003738403
20260731,1,55,0.14717595795026192,0.15528589487075806
20260731,1,56,0.13280273802005327,0.15457965433597565
20260731,1,57,0.13474829838826105,0.15488505363464355
20260731,1,58,0.15014023448412234,0.15576644241809845
20260731,1,59,0.13566442464406675,0.1551918387413025
20260731,1,60,0.13225409560478651,0.15534742176532745
20260731,1,61,0.13369226083159447,0.15978802740573883
20260731,1,62,0.14330078317568853,0.15915989875793457
20260731,1,63,0.12871733537087074,0.1527581512928009
20260731,1,64,0.11315358114930299,0.15271319448947906
20260731,1,65,0.12931973229234034,0.14649838209152222
20260731,1,66,0.14749105446613753,0.14858342707157135
20260731,1,67,0.12214432198267716,0.14763356745243073
20260731,1,68,0.13198319707925504,0.1494627594947815
20260731,1,69,0.11504521536139342,0.1492491513490677
20260731,1,70,0.12415340514137195,0.14530208706855774
20260731,1,71,0.1327191528219443,0.14790108799934387
20260731,1,72,0.12418648485953991,0.1471419334411621
20260731,1,73,0.10122144824037185,0.14298559725284576
20260731,1,74,0.11611289559648587,0.14552128314971924
20260731,1,75,0.11250740117751636,0.14554433524608612
20260731,1,76,0.12780627694267493,0.14956559240818024
20260731,1,77,0.10292354340736683,0.15158700942993164
20260731,1,78,0.11599264236596915,0.14594121277332306
20260731,1,79,0.10605832991691735,0.1433415412902832
20260731,1,80,0.12696040994845903,0.1461312621831894
20260731,1,81,0.11263060913636135,0.1387465000152588
20260731,1,82,0.11527771846606182,0.14394432306289673
20260731,1,83,0.12089557172014163,0.13846731185913086
20260731,1,84,0.11220214114739345,0.14337129890918732
20260731,1,85,0.11442580933754261,0.13986334204673767
20260731,1,86,0.11478872425281085,0.14117151498794556
20260731,1,87,0.10965831176592754,0.1385689079761505
20260731,1,88,0.11929818099507919,0.1407097429037094
20260731,1,89,0.11121445005902877,0.137990802526474
20260731,1,90,0.09922946989536285,0.13709205389022827
20260731,1,91,0.10346140225346272,0.13387994468212128
20260731,1,92,0.11616252162135564,0.13804158568382263
20260731,1,93,0.124814972281456,0.1374242901802063
20260731,1,94,0.1203396853346091,0.1379929482936859
20260731,1,95,0.10527005046606064,0.13345672190189362
20260731,1,96,0.1123907812512838,0.1408606469631195
20260731,1,97,0.09953418345405506,0.13437999784946442
20260731,1,98,0.11381870450881812,0.1298067420721054
20260731,1,99,0.1072592933017474,0.13172291219234467
20260731,1,100,0.09931194467040208,0.12939941883087158
20260731,1,101,0.10611336792890842,0.13485868275165558
20260731,1,102,0.11553026219973198,0.13757242262363434
20260731,1,103,0.11380116813457929,0.13690440356731415
20260731,1,104,0.10067926920377292,0.12848880887031555
20260731,1,105,0.11933390566935906,0.13036130368709564
20260731,1,106,0.12002705324154633,0.13133251667022705
20260731,1,107,0.09965884742828515,0.12881207466125488
20260731,1,108,0.11731210064429504,0.12630023062229156
20260731,1,109,0.11238443880127026,0.12910322844982147
20260731,1,110,0.11112780381853764,0.12378861010074615
20260731,1,111,0.09338039876176761,0.12212425470352173
20260731,1,112,0.10849613581712429,0.1255711317062378
20260731,1,113,0.09981561681398979,0.13467006385326385
20260731,1,114,0.11077924989736997,0.12861911952495575
20260731,1,115,0.1108267937715237,0.12841245532035828
20260731,1,116,0.10683676371207604,0.131026029586792
20260731,1,117,0.09424265187520248,0.12935170531272888
20260731,1,118,0.09633729549554679,0.13018134236335754
20260731,1,119,0.09403096741208664,0.1260715276002884
20260731,1,120,0.09420527517795563,0.1349184811115265
20260731,1,121,0.11173338500353006,0.13427120447158813
20260731,1,122,0.10933216718526986,0.131951242685318
20260731,1,123,0.10609616597111408,0.13169518113136292
20260731,1,124,0.08647039418037121,0.12755830585956573
20260731,1,125,0.09018799805870423,0.13071364164352417
20260731,1,126,0.09593742082898433,0.12864123284816742
20260731,1,127,0.09527456960999049,0.12722136080265045
20260731,1,128,0.09925228586563697,0.13103581964969635
20260731,1,129,0.08740593149111821,0.12969936430454254
20260731,1,130,0.10892387938040954,0.12559756636619568
20260731,1,131,0.09759524292670764,0.12738440930843353
20260731,1,132,0.10417190366066419,0.12611053884029388
20260731,1,133,0.08860341144295839,0.1294729858636856
20260731,1,134,0.10726654701508008,0.12813706696033478
20260731,1,135,0.10098341938394767,0.12566563487052917
20260731,1,136,0.09823483085403076,0.12686993181705475
20260731,1,137,0.09103707682627898,0.12654165923595428
20260731,1,138,0.09557552864918342,0.12825295329093933
20260731,1,139,0.09518075963625541,0.13252197206020355
20260731,1,140,0.10098303883121564,0.1281963288784027
20260731,1,141,0.08405624559292427,0.1282576024532318
20260731,2,0,0.36764715841183293,0.39745524525642395
20260731,2,1,0.41084864277106065,0.3952023983001709
20260731,2,2,0.39455995995264787,0.39199259877204895
20260731,2,3,0.3931210625630159,0.38812217116355896
20260731,2,4,0.3673048581068332,0.38393330574035645
20260731,2,5,0.3720531612634659,0.3792344331741333
20260731,2,6,0.3648993166593405,0.37418505549430847
20260731,2,7,0.401698676439432,0.36872202157974243
20260731,2,8,0.4097684702047935,0.36296576261520386
20260731,2,9,0.3609587252140045,0.3570457398891449
20260731,2,10,0.3617718322918965,0.35138970613479614
20260731,2,11,0.4100714371754573,0.34551823139190674
20260731,2,12,0.3449958562850952,0.3390839397907257
20260731,2,13,0.3645980426898369,0.3319348394870758
20260731,2,14,0.34581923255553615,0.32452186942100525
20260731,2,15,0.3439808235718654,0.315847784280777
20260731,2,16,0.34109788559950316,0.3058250844478607
20260731,2,17,0.37558733843840086,0.2947651147842407
20260731,2,18,0.35494593932078433,0.281495064496994
20260731,2,19,0.32182470307900357,0.2657165825366974
20260731,2,20,0.3555251210927963,0.24594904482364655
20260731,2,21,0.3148038513385333,0.22973403334617615
20260731,2,22,0.29128030974131364,0.21341447532176971
20260731,2,23,0.2976537002966954,0.19954447448253632
20260731,2,24,0.27808446150559646,0.1862853616476059
20260731,2,25,0.2767269021043411,0.17747598886489868
20260731,2,26,0.27141249695649516,0.17085175216197968
20260731,2,27,0.3192690954758571,0.16944611072540283
20260731,2,28,0.28535170280016386,0.16737136244773865
20260731,2,29,0.2660174530286055,0.16899654269218445
20260731,2,30,0.24979501504164475,0.17432504892349243
20260731,2,31,0.2502686289640573,0.17541565001010895
20260731,2,32,0.24463868255798632,0.17267568409442902
20260731,2,33,0.24188428085583907,0.17779041826725006
20260731,2,34,0.2147617363012754,0.17240746319293976
20260731,2,35,0.2102388206582803,0.16984465718269348
20260731,2,36,0.2339653613475653,0.15810243785381317
20260731,2,37,0.21007835693084276,0.16287031769752502
20260731,2,38,0.20141461950082046,0.14983907341957092
20260731,2,39,0.18684702939712083,0.15261608362197876
20260731,2,40,0.19955671005524123,0.15616102516651154
20260731,2,41,0.17693712333073983,0.14708687365055084
20260731,2,42,0.18399358941958502,0.15128597617149353
20260731,2,43,0.17674261102309594,0.1429629921913147
20260731,2,44,0.16806039156822059,0.1293255239725113
20260731,2,45,0.19183582697923368,0.12721556425094604
20260731,2,46,0.18649122692071474,0.12688860297203064
20260731,2,47,0.1665545180439949,0.12892600893974304
20260731,2,48,0.1840851014623275,0.12362100183963776
20260731,2,49,0.17073110720286003,0.12086375057697296
20260731,2,50,0.1526769445492671,0.1209293082356453
20260731,2,51,0.14788465316479021,0.12385999411344528
20260731,2,52,0.17833535774396017,0.12509746849536896
20260731,2,53,0.16703500025547469,0.11985021084547043
20260731,2,54,0.15304562277518785,0.11402446031570435
20260731,2,55,0.1771404668688774,0.11383995413780212
20260731,2,56,0.14992579817771912,0.10608582943677902
20260731,2,57,0.17122897448448035,0.09989619255065918
20260731,2,58,0.15729622428233808,0.10409805178642273
20260731,2,59,0.15163723608622184,0.09867250174283981
20260731,2,60,0.14350768350637877,0.0980585515499115
20260731,2,61,0.16339643872701204,0.09915641695261002
20260731,2,62,0.15272181423810813,0.09605426341295242
20260731,2,63,0.1527588224181762,0.09451524168252945
20260731,2,64,0.13096962238733584,0.09452792257070541
20260731,2,65,0.12732194994504636,0.09459114074707031
20260731,2,66,0.12772931158542633,0.09840366244316101
20260731,2,67,0.14611014551841295,0.09021107852458954
20260731,2,68,0.141024238215043,0.09302379935979843
20260731,2,69,0.12609886693266723,0.0921904593706131
20260731,2,70,0.13259526800650817,0.08742068707942963
20260731,2,71,0.12959284679247782,0.09456773102283478
20260731,2,72,0.11661317600653721,0.09432750195264816
20260731,2,73,0.12986688430492693,0.08169721812009811
20260731,2,74,0.12524036318063736,0.08712076395750046
20260731,2,75,0.14687336293550637,0.08264850080013275
20260731,2,76,0.11830593530948345,0.0798964723944664
20260731,2,77,0.14382081708082786,0.08290939033031464
20260731,2,78,0.13038122825897658,0.07815965265035629
20260731,2,79,0.13321019881046736,0.08393628150224686
20260731,2,80,0.1240092352605783,0.07731252163648605
20260731,2,81,0.12168351274270278,0.08158576488494873
20260731,2,82,0.14029075377262556,0.08118024468421936
20260731,2,83,0.12754495040728495,0.08337292820215225
20260731,2,84,0.1236234181202375,0.0831528827548027
20260731,2,85,0.12164935383659142,0.07974138110876083
20260731,2,86,0.1329105502137771,0.07687344402074814
20260731,2,87,0.1385407900580993,0.07751775532960892
20260731,2,88,0.13044332168423212,0.07788167148828506
20260731,2,89,0.12994326307223394,0.08104699105024338
20260731,2,90,0.13122622210245866,0.07876919209957123
20260731,2,91,0.11678473078287564,0.07747701555490494
20260731,2,92,0.11199763961709462,0.07569301128387451
20260731,2,93,0.11940709186288026,0.07760152965784073
20260731,2,94,0.12913577831708467,0.07721474766731262
20260731,2,95,0.11772892509515469,0.07416927814483643
20260731,2,96,0.12792467383237985,0.07451281696557999
20260731,2,97,0.10940754728821608,0.0757475271821022
20260731,2,98,0.11638420648299731,0.07413795590400696
20260731,2,99,0.11821575176257354,0.08069345355033875
20260731,2,100,0.1102629739504594,0.0835803672671318
20260731,2,101,0.10813114390923427,0.07652628421783447
20260731,2,102,0.11382308774269544,0.08082759380340576
20260731,2,103,0.11770462731902416,0.07635270059108734
20260731,2,104,0.10895343783956307,0.0754275992512703
20260731,2,105,0.110027198608105,0.07481861114501953
20260731,2,106,0.12091105746535155,0.07421662658452988
20260731,2,107,0.11450571968005253,0.07767408341169357
20260731,2,108,0.11640858334990647,0.07666388899087906
20260731,2,109,0.11728908837987827,0.08073662966489792
20260731,2,110,0.10772701839988048,0.07943915575742722
20260731,2,111,0.11682031418268497,0.08122426271438599
20260731,2,112,0.12503154604480818,0.08065629750490189
20260731,2,113,0.12011588078278762,0.07828470319509506
20260731,2,114,0.10785457979028042,0.08245676755905151
20260731,2,115,0.10256657663446206,0.07946109771728516
20260731,2,116,0.11598966156060879,0.07681985944509506
20260731,2,117,0.09847164927766873,0.07919704169034958
20260731,2,118,0.1108445215683717,0.07780548185110092
20260731,2,119,0.10267805193479244,0.07871713489294052
20260731,2,120,0.09486225390663514,0.07814746350049973
20260731,2,121,0.10206625123436634,0.08035426586866379
20260731,2,122,0.11417936533689499,0.07374941557645798
20260731,2,123,0.10737921727391389,0.07302046567201614
20260731,2,124,0.10602681166850604,0.08079119026660919
20260731,2,125,0.0853816565985863,0.07679983228445053
20260731,2,126,0.10995590299941026,0.0717892125248909
20260731,2,127,0.1083467247394415,0.07302501797676086
20260731,2,128,0.11434155244093674,0.0748453140258789
20260731,2,129,0.1262688057926985,0.06885740160942078
20260731,2,130,0.10051108954044488,0.07578175514936447
20260731,2,131,0.1014934302522586,0.07211766391992569
20260731,2,132,0.09890786902262615,0.06897368282079697
20260731,2,133,0.09693053909219228,0.07110270857810974
20260731,2,134,0.09736601377909,0.07310149818658829
20260731,2,135,0.10176467866851734,0.06944243609905243
20260731,2,136,0.11496720176476699,0.06906554847955704
20260731,2,137,0.11372973597966708,0.06866101175546646
20260731,2,138,0.09887523290056449,0.07001520693302155
20260731,2,139,0.10386530711100651,0.06859376281499863
20260731,2,140,0.10569610475347592,0.07265663892030716
20260731,2,141,0.10969292315152976,0.07141447067260742
20260731,2,142,0.10575913924437302,0.07036745548248291
20260731,2,143,0.09504913266461629,0.06906647980213165
20260731,2,144,0.10094592548333682,0.06967060267925262
20260731,2,145,0.0898688300870932,0.07043571770191193
20260731,2,146,0.09297184073008023,0.07287540286779404
20260731,2,147,0.09136301107131518,0.07073992490768433
20260731,2,148,0.11719137630783595,0.07304903864860535
20260731,2,149,0.1017446148280914,0.07443860173225403
20260731,2,150,0.10396022607500736,0.07179202884435654
20260731,2,151,0.10356167789835197,0.07087243348360062
20260731,2,152,0.09807396250275466,0.07298596948385239
20260731,2,153,0.09135876710598285,0.07779340445995331
20260731,2,154,0.1038826689697229,0.07278921455144882
20260731,2,155,0.09706096866956124,0.07018666714429855
20260731,2,156,0.09258224356632966,0.0705161914229393
20260731,2,157,0.10333120679626098,0.07156014442443848
20260731,2,158,0.09728950835191287,0.07451064139604568
20260731,2,159,0.10770195980484669,0.07240664958953857
20260731,2,160,0.10714092707404724,0.069429412484169
20260731,2,161,0.10026806850845997,0.07129669934511185
20260731,2,162,0.0931445941902124,0.07720229774713516
20260731,2,163,0.11297575040505482,0.07530078291893005
20260731,2,164,0.09696979648791827,0.07388634979724884
20260731,2,165,0.09579228093990913,0.07431924343109131
20260731,2,166,0.10710262937041429,0.07761164009571075
20260731,2,167,0.10216666700748298,0.0742742121219635
20260731,2,168,0.1056726503257568,0.07300664484500885
20260731,2,169,0.09760404693392608,0.0724516436457634
20260731,3,0,0.4352708871547992,0.5343806743621826
20260731,3,1,0.4203438713000371,0.5324727296829224
20260731,3,2,0.4414767152987994,0.5299078822135925
20260731,3,3,0.40744833648204803,0.5269954204559326
20260731,3,4,0.4208799990323874,0.5238633155822754
20260731,3,5,0.4070012397491015,0.5202434062957764
20260731,3,6,0.368832902266429,0.5162891745567322
20260731,3,7,0.4351574457608737,0.5121293663978577
20260731,3,8,0.4076206615337959,0.5075774192810059
20260731,3,9,0.40165313275960773,0.5027397871017456
20260731,3,10,0.34320830037960637,0.4979090392589569
20260731,3,11,0.41389050965125745,0.49313005805015564
20260731,3,12,0.40555764390872073,0.48757705092430115
20260731,3,13,0.3711165774327058,0.481777161359787
20260731,3,14,0.3833585897317299,0.4753313958644867
20260731,3,15,0.3794508587855559,0.46806564927101135
20260731,3,16,0.3884191077489119,0.45955419540405273
20260731,3,17,0.3944261051141299,0.45014458894729614
20260731,3,18,0.3443453243145576,0.4412197172641754
20260731,3,19,0.3638510268468123,0.43063977360725403
20260731,3,20,0.36057264185868776,0.4173170328140259
20260731,3,21,0.3321602184038896,0.40193361043930054
20260731,3,22,0.34238452636278593,0.38204777240753174
20260731,3,23,0.3535759655328897,0.35900649428367615
20260731,3,24,0.3051353824826387,0.3348020613193512
20260731,3,25,0.2935252470465807,0.30965402722358704
20260731,3,26,0.285118614251797,0.27814579010009766
20260731,3,27,0.31482835572499496,0.25037455558776855
20260731,3,28,0.2467488543345378,0.23179501295089722
20260731,3,29,0.28607833500091845,0.22697876393795013
20260731,3,30,0.2475916101382329,0.21585530042648315
20260731,3,31,0.2606490942148062,0.21170252561569214
20260731,3,32,0.24943523567456466,0.20585240423679352
20260731,3,33,0.2346506519959523,0.20467020571231842
20260731,3,34,0.2325309136739144,0.20510147511959076
20260731,3,35,0.24997537869673508,0.19955964386463165
20260731,3,36,0.21019827746427977,0.19665835797786713
20260731,3,37,0.2306056721852376,0.18868917226791382
20260731,3,38,0.2067863677556698,0.18577146530151367
20260731,3,39,0.20995125346458876,0.18995168805122375
20260731,3,40,0.1911508578520555,0.18756501376628876
20260731,3,41,0.20955077845316666,0.1858343631029129
20260731,3,42,0.2124303522018286,0.19018235802650452
20260731,3,43,0.18339699392135328,0.1852419227361679
20260731,3,44,0.16928809651961693,0.18318729102611542
20260731,3,45,0.18487972364975855,0.18326851725578308
20260731,3,46,0.19415125938562247,0.17638687789440155
20260731,3,47,0.17809935143360725,0.1743229329586029
20260731,3,48,0.1630972744180606,0.1721819043159485
20260731,3,49,0.18418339296029165,0.1763669103384018
20260731,3,50,0.18769827714333168,0.1671854704618454
20260731,3,51,0.14930521926054588,0.17462487518787384
20260731,3,52,0.17893747412241423,0.18020986020565033
20260731,3,53,0.1742237422328729,0.17625929415225983
20260731,3,54,0.16263044052399123,0.17045538127422333
20260731,3,55,0.16526766981069857,0.16703246533870697
20260731,3,56,0.15177795348259118,0.15781141817569733
20260731,3,57,0.15757766996438688,0.1623006910085678
20260731,3,58,0.16419933793636468,0.1552392542362213
20260731,3,59,0.15142494726639527,0.15726906061172485
20260731,3,60,0.14998722362976807,0.16824957728385925
20260731,3,61,0.1533692330121994,0.15415087342262268
20260731,3,62,0.13400122809868592,0.1668349951505661
20260731,3,63,0.14389405227624452,0.14713235199451447
20260731,3,64,0.1398158216705689,0.14978636801242828
20260731,3,65,0.1431077139881941,0.15097296237945557
20260731,3,66,0.13858766882465437,0.16222909092903137
20260731,3,67,0.12814797575657183,0.1663728505373001
20260731,3,68,0.13838535088759202,0.1640908420085907
20260731,3,69,0.1428976385639264,0.16763532161712646
20260731,3,70,0.11561419872137216,0.155753955245018
20260731,3,71,0.12778320507361338,0.15377938747406006
20260731,3,72,0.1545535853275886,0.15879909694194794
20260731,3,73,0.12874007511597413,0.14774766564369202
20260731,3,74,0.12055304531867687,0.1502915769815445
20260731,3,75,0.1472995195251245,0.1504276543855667
20260731,3,76,0.1338121211872651,0.1506800800561905
20260731,3,77,0.13000591185230476,0.14532479643821716
20260731,3,78,0.12427527600756058,0.14418591558933258
20260731,3,79,0.13260072756272095,0.14873231947422028
20260731,3,80,0.12783697476753822,0.15243466198444366
20260731,3,81,0.12675077066971704,0.14771659672260284
20260731,3,82,0.11498878380426994,0.14526110887527466
20260731,3,83,0.1186118249136668,0.14923635125160217
20260731,3,84,0.12422114094862571,0.15050654113292694
20260731,3,85,0.1194110312140905,0.15100452303886414
20260731,3,86,0.11406596119587238,0.14057296514511108
20260731,3,87,0.11929213886077587,0.13548696041107178
20260731,3,88,0.12878808723046228,0.14220601320266724
20260731,3,89,0.11800528661562847,0.13958606123924255
20260731,3,90,0.12056257203221321,0.13714665174484253
20260731,3,91,0.1276547656609462,0.1414894312620163
20260731,3,92,0.12506673542352822,0.1434098780155182
20260731,3,93,0.11852891284685868,0.14548476040363312
20260731,3,94,0.12057317105623391,0.1424691379070282
20260731,3,95,0.1295216094989043,0.15005208551883698
20260731,3,96,0.10928968512094937,0.15095262229442596
20260731,3,97,0.10930291505960318,0.15038257837295532
20260731,3,98,0.11170935831390895,0.1540248692035675
20260731,3,99,0.123509158881811,0.15346898138523102
20260731,3,100,0.12283623791657962,0.16366086900234222
20260731,3,101,0.11749797801558788,0.15846240520477295
20260731,3,102,0.12004557079993762,0.15737514197826385
20260731,3,103,0.1158944614804708,0.1478138417005539
20260731,3,104,0.1139742244894688,0.14824199676513672
20260731,3,105,0.10533919787177673,0.14395658671855927
20260731,3,106,0.10591063992335246,0.1502707451581955
20260731,3,107,0.11229934973212388,0.15525323152542114
20260731,3,108,0.1037897582237537,0.15603329241275787
20260731,3,109,0.12130230435958275,0.158608540892601
20260731,3,110,0.0961115059371178,0.1674724817276001
20260731,3,111,0.11043443100956771,0.15816618502140045
20260731,3,112,0.10276594213568248,0.15699931979179382
20260731,3,113,0.11692363253006569,0.15471167862415314
20260731,3,114,0.12018508263505422,0.1495368778705597
20260731,3,115,0.10533295887020919,0.1558184176683426
20260731,3,116,0.11665102896782067,0.15872175991535187
20260731,3,117,0.11432939481276733,0.15947023034095764
20260731,3,118,0.10000388610821503,0.16332700848579407
20260731,3,119,0.13372704673271912,0.17185848951339722
20260731,3,120,0.12260422225181873,0.16249211132526398
20260731,3,121,0.10094966882696518,0.1652044951915741
20260731,3,122,0.11598886721409284,0.15637502074241638
20260731,3,123,0.1137733766092704,0.14952367544174194
20260731,3,124,0.10552532111222927,0.143924281001091
20260731,3,125,0.11702762744747676,0.1439947783946991
20260731,3,126,0.12445641996768805,0.16003119945526123
20260731,3,127,0.10926799648083173,0.1598747819662094
20260731,3,128,0.10450437894234291,0.15873786807060242
20260731,3,129,0.10469439482459655,0.1539594531059265
20260731,3,130,0.10016405009306394,0.1490115225315094
20260731,3,131,0.1011396895807523,0.14912304282188416
20260731,3,132,0.09149740808285199,0.1450250744819641
20260731,3,133,0.10918353240077312,0.14129813015460968
20260731,3,134,0.11097889995345703,0.1456165611743927
20260731,3,135,0.11217882283605062,0.15037274360656738
20260731,3,136,0.09649234121808639,0.15351146459579468
20260731,3,137,0.09710874924292931,0.15358848869800568
20260731,3,138,0.09891536058141635,0.14445874094963074
20260731,3,139,0.10948159574316098,0.14306248724460602
20260731,3,140,0.11708364291832997,0.1468004286289215
20260731,3,141,0.11142936463539417,0.14108288288116455
20260731,4,0,0.39255648392897385,0.32960736751556396
20260731,4,1,0.3997298777103424,0.3261450231075287
20260731,4,2,0.3752276771343671,0.3217083215713501
20260731,4,3,0.37438372465280384,0.31625640392303467
20260731,4,4,0.33700987467399013,0.3102962374687195
20260731,4,5,0.3590108545926901,0.3040429949760437
20260731,4,6,0.3714368801850539,0.29755303263664246
20260731,4,7,0.34892113277545345,0.2905938923358917
20260731,4,8,0.35914182089842284,0.2828282415866852
20260731,4,9,0.3676997251235522,0.2744869589805603
20260731,4,10,0.35407660271112734,0.26637041568756104
20260731,4,11,0.31874671234534335,0.25681397318840027
20260731,4,12,0.34387987508223605,0.24646635353565216
20260731,4,13,0.34263696234959823,0.23520497977733612
20260731,4,14,0.3273705668174304,0.22400005161762238
20260731,4,15,0.30570048151107937,0.21228212118148804
20260731,4,16,0.332513499718446,0.20191337168216705
20260731,4,17,0.2946494439473519,0.18943677842617035
20260731,4,18,0.28393970086024356,0.17832623422145844
20260731,4,19,0.31542370926875335,0.16801057755947113
20260731,4,20,0.30409875282874477,0.160293847322464
20260731,4,21,0.2773923873901367,0.15302793681621552
20260731,4,22,0.29551427983320677,0.1453872174024582
20260731,4,23,0.24264574165527636,0.14026972651481628
20260731,4,24,0.2332273801931968,0.13698333501815796
20260731,4,25,0.23460789024829865,0.1356475055217743
20260731,4,26,0.2625072139960069,0.134391188621521
20260731,4,27,0.2154650052006428,0.13361667096614838
20260731,4,28,0.24368718438423598,0.1313108652830124
20260731,4,29,0.22670704240982348,0.13048005104064941
20260731,4,30,0.216144801905522,0.1257094144821167
20260731,4,31,0.22030925292235154,0.12382444739341736
20260731,4,32,0.2353354858664366,0.12004911154508591
20260731,4,33,0.21028607338666916,0.11124247312545776
20260731,4,34,0.20770839487130827,0.10779019445180893
20260731,4,35,0.22654485014768747,0.10784662514925003
20260731,4,36,0.19756358518050268,0.10585909336805344
20260731,4,37,0.17856878214157546,0.11051405966281891
20260731,4,38,0.19153082771943167,0.10718341171741486
20260731,4,39,0.18659822528178877,0.09668394178152084
20260731,4,40,0.17419283407238814,0.09937800467014313
20260731,4,41,0.21253499102133971,0.09952093660831451
20260731,4,42,0.1746890080662874,0.0942043662071228
20260731,4,43,0.19390304673176545,0.09461046010255814
20260731,4,44,0.18564931475199187,0.09761730581521988
20260731,4,45,0.18484246960053077,0.08786866813898087
20260731,4,46,0.18152720423845145,0.08554618060588837
20260731,4,47,0.15708050017173475,0.08276798576116562
20260731,4,48,0.15769027402767768,0.08138630539178848
20260731,4,49,0.17710784994638884,0.08628692477941513
20260731,4,50,0.14016791948905358,0.08385643362998962
20260731,4,51,0.15860687138942572,0.08160986751317978
20260731,4,52,0.17400267720222473,0.07861755788326263
20260731,4,53,0.16047901115738428,0.07870685309171677
20260731,4,54,0.15281508232538515,0.07914159446954727
20260731,4,55,0.14714148583320472,0.07964687794446945
20260731,4,56,0.1235721495289069,0.08061395585536957
20260731,4,57,0.15310735542040604,0.08023130893707275
20260731,4,58,0.14354028953955725,0.07959462702274323
20260731,4,59,0.1558345561990371,0.08127646148204803
20260731,4,60,0.14602775012071317,0.0805048942565918
20260731,4,61,0.1490519826228802,0.07986146956682205
20260731,4,62,0.13973543621026552,0.0806998685002327
20260731,4,63,0.1478345778125983,0.07919260114431381
20260731,4,64,0.13383076511896574,0.07957429438829422
20260731,4,65,0.12337376922369003,0.07929332554340363
20260731,4,66,0.1335789572734099,0.08130775392055511
20260731,4,67,0.14243086599386656,0.08208046853542328
20260731,4,68,0.12379209582622235,0.08031175285577774
20260731,4,69,0.13337485434917304,0.07945510745048523
20260731,4,70,0.12606909727820984,0.08100258558988571
20260731,4,71,0.12430444589027992,0.0854223296046257
20260731,4,72,0.12564845669728059,0.08248461782932281
20260731,4,73,0.12594219784323984,0.08270737528800964
20260731,4,74,0.11890209695467582,0.083944171667099
20260731,4,75,0.1417143872151008,0.08332514017820358
20260731,4,76,0.1299748231585209,0.08276024460792542
20260731,4,77,0.12687679122273737,0.08569597452878952
20260731,4,78,0.1407852625617614,0.08530250191688538
20260731,4,79,0.11410224495025781,0.0820939838886261
20260731,4,80,0.11884297946324715,0.08302196115255356
20260731,4,81,0.15322690113232687,0.08216299116611481
20260731,4,82,0.11838277601278745,0.08062173426151276
20260731,4,83,0.10943208921414155,0.08450061827898026
20260731,4,84,0.12112923081104572,0.0809992104768753
20260731,4,85,0.12402257781762344,0.08166316151618958
20260731,4,86,0.10814561179051033,0.08287884294986725
20260731,4,87,0.11415025477225964,0.0825524851679802
20260731,4,88,0.10870291235355231,0.0807526633143425
20260731,4,89,0.11241011780041915,0.08592840284109116
20260731,4,90,0.1213069477906594,0.08934179693460464
20260731,4,91,0.12605669292119834,0.08672310411930084
20260731,4,92,0.11651409875888091,0.08939726650714874
20260731,4,93,0.12745330711969963,0.08516903966665268
20260731,4,94,0.11873304815246509,0.08123478293418884
20260731,4,95,0.08353550144686149,0.08193323761224747
20260731,4,96,0.10859016271737906,0.08332235366106033
20260731,4,97,0.11677169484587815,0.08851209282875061
20260731,4,98,0.10764142498373985,0.08391009271144867
20260731,4,99,0.1254840877193671,0.08591794967651367
20260731,4,100,0.11768263320510204,0.08391590416431427
20260731,4,101,0.11691988947299811,0.08062776923179626
20260731,4,102,0.10110639007045673,0.08079991489648819
20260731,4,103,0.11478739862258618,0.08067718148231506
20260731,4,104,0.10458251002889413,0.08206069469451904
20260731,4,105,0.11289493453044158,0.08151338994503021
20260731,4,106,0.08184036956383632,0.0828975960612297
20260731,4,107,0.10777058738928574,0.08136960864067078
20260731,4,108,0.10499589517712593,0.08635153621435165
20260731,4,109,0.12327086295072849,0.0840153768658638
20260731,4,110,0.10275984555482864,0.08931834995746613
20260731,4,111,0.1128965037373396,0.08783064782619476
20260731,4,112,0.0994517459319188,0.08767871558666229
20260731,4,113,0.10561378472126447,0.09050590544939041
20260731,4,114,0.10825232559671769,0.09115792065858841
20260731,4,115,0.11051269763937363,0.08576126396656036
20260731,4,116,0.10740689818675701,0.08541607856750488
20260731,4,117,0.09201231369605431,0.08633095771074295
20260731,4,118,0.09383219738419239,0.08852178603410721
20260731,4,119,0.1131043047285997,0.09618686139583588
20260731,4,120,0.11031508560364063,0.09332150220870972
20260731,4,121,0.08936526081882991,0.09637854993343353
20260731,4,122,0.11019018980172965,0.09597010910511017
20260731,4,123,0.10412578915174191,0.09226439148187637
20260731,4,124,0.10189439470951374,0.0873984843492508
20260731,4,125,0.0927096327336935,0.08880015462636948
20260731,4,126,0.10589798196003987,0.09296193718910217
20260731,4,127,0.10706096257154758,0.09348331391811371
20260731,4,128,0.10425549029157712,0.09088360518217087
20260731,4,129,0.08747778345759098,0.09482010453939438
20260731,4,130,0.10285089652125652,0.09819377213716507
20260731,4,131,0.1084490716457367,0.0954354852437973
20260731,4,132,0.10320276566422902,0.09829121083021164
20260731,4,133,0.10263998032762454,0.0998181477189064
20260731,4,134,0.10601633214033566,0.09831056743860245
20260731,4,135,0.10043659634315051,0.10125108063220978
20260731,4,136,0.11381645099474834,0.1046266108751297
20260731,4,137,0.07450697141198012,0.09568335115909576
20260731,4,138,0.09145946886677009,0.09444887936115265
20260731,4,139,0.0953507641187081,0.09626317769289017
20260731,4,140,0.08812242144575486,0.09663575142621994
20260731,4,141,0.08398180583921763,0.0967474952340126
11,0,0,0.37661340488837314,0.49223724007606506
11,0,1,0.3938233588750546,0.4914313554763794
11,0,2,0.3467724139873798,0.49032166600227356
11,0,3,0.3692330683653171,0.48893970251083374
11,0,4,0.4030362619803502,0.48722323775291443
11,0,5,0.3863908831889813,0.485090047121048
11,0,6,0.36698414385318756,0.4826700985431671
11,0,7,0.36874421399373275,0.48007363080978394
11,0,8,0.3505658759520604,0.47713911533355713
11,0,9,0.3814553366257594,0.4739869236946106
11,0,10,0.3692992352522336,0.4704703688621521
11,0,11,0.35773684886785656,0.4666288495063782
11,0,12,0.36259506757442767,0.46255049109458923
11,0,13,0.3600959376646922,0.4569965898990631
11,0,14,0.3492230899058856,0.45128777623176575
11,0,15,0.36302621777241045,0.4451977014541626
11,0,16,0.3462477670266078,0.4381446838378906
11,0,17,0.34769005844226253,0.4288237392902374
11,0,18,0.3599398766572659,0.41988706588745117
11,0,19,0.34337113339167374,0.4098951518535614
11,0,20,0.34189242353806126,0.40016257762908936
11,0,21,0.3468590166706305,0.3849389851093292
11,0,22,0.3522385358810425,0.36768561601638794
11,0,23,0.31878287631731766,0.34619709849357605
11,0,24,0.2867368276302631,0.31520876288414
11,0,25,0.3112584398343013,0.2801673412322998
11,0,26,0.27428525399703246,0.2471512407064438
11,0,27,0.27874995309572953,0.2205141931772232
11,0,28,0.2842003989678163,0.19852407276630402
11,0,29,0.23594119571722472,0.18652817606925964
11,0,30,0.22649424408490842,0.1767221987247467
11,0,31,0.2484708038660196,0.17131830751895905
11,0,32,0.22295616223261908,0.15876656770706177
11,0,33,0.20402617408679083,0.15143123269081116
11,0,34,0.19525115134624335,0.1521322876214981
11,0,35,0.21121380993953118,0.15394650399684906
11,0,36,0.1986300819195234,0.15162953734397888
11,0,37,0.18676458986905906,0.13899610936641693
11,0,38,0.18378887669398233,0.13687027990818024
11,0,39,0.21219302885807478,0.1370212435722351
11,0,40,0.20612588295569786,0.13150835037231445
11,0,41,0.20453985608541048,0.12648753821849823
11,0,42,0.17972317108741173,0.12313594669103622
11,0,43,0.19684006904180235,0.11782904714345932
11,0,44,0.1831401798587579,0.1156860813498497
11,0,45,0.19287436398176047,0.11214245110750198
11,0,46,0.1618284502854714,0.1094411239027977
11,0,47,0.16629454837395594,0.10758021473884583
11,0,48,0.20050843690450376,0.1110161691904068
11,0,49,0.15690659960875145,0.10550425201654434
11,0,50,0.18636155128479004,0.10955873131752014
11,0,51,0.17009491129563406,0.1303321123123169
11,0,52,0.15519020305230066,0.11252772063016891
11,0,53,0.1746737756408178,0.11124864220619202
11,0,54,0.1698497929252111,0.11756632477045059
11,0,55,0.18498334403221423,0.12898291647434235
11,0,56,0.1557456604563273,0.12199094891548157
11,0,57,0.13512162892864302,0.12109825760126114
11,0,58,0.15503705722781327,0.11623941361904144
11,0,59,0.14675701409578323,0.10754397511482239
11,0,60,0.1451530915040236,0.10510535538196564
11,0,61,0.1611087482709151,0.1022399440407753
11,0,62,0.15941719710826874,0.11295062303543091
11,0,63,0.15559870520463356,0.09299124777317047
11,0,64,0.13403923752216193,0.09229917079210281
11,0,65,0.132988701073023,0.09239254891872406
11,0,66,0.1460717380619966,0.09821751713752747
11,0,67,0.12937339051411703,0.08735577762126923
11,0,68,0.1286748226445455,0.10054449737071991
11,0,69,0.1398731808249767,0.10064808279275894
11,0,70,0.13992805091234353,0.09070679545402527
11,0,71,0.12076035285225281,0.09221842139959335
11,0,72,0.14280924544884607,0.09825145453214645
11,0,73,0.13561344834474418,0.09382820129394531
11,0,74,0.1298524717298838,0.09183067828416824
11,0,75,0.1281204278079363,0.10313034057617188
11,0,76,0.13664109202531668,0.09640700370073318
11,0,77,0.13093006266997412,0.08773516863584518
11,0,78,0.13219108203282723,0.09911487251520157
11,0,79,0.12349752967174236,0.09263784438371658
11,0,80,0.14092751305836898,0.10098960250616074
11,0,81,0.12051347471200503,0.09149837493896484
11,0,82,0.14263994762530693,0.09251128882169724
11,0,83,0.1287081201489155,0.0862596407532692
11,0,84,0.12445790320634842,0.08530113846063614
11,0,85,0.12177818039288887,0.08955629169940948
11,0,86,0.12026063180886783,0.0895707979798317
11,0,87,0.12711263046814844,0.08580829203128815
11,0,88,0.1498829355606666,0.08068767189979553
11,0,89,0.13930097508888978,0.09001123160123825
11,0,90,0.12266035750508308,0.08696692436933517
11,0,91,0.12307152381310096,0.10206349194049835
11,0,92,0.11990558728575706,0.09426547586917877
11,0,93,0.13168818618242556,0.08734817057847977
11,0,94,0.11651479624784909,0.09374891221523285
11,0,95,0.11096803213541324,0.08369062095880508
11,0,96,0.1269840904726432,0.08804114162921906
11,0,97,0.11096204989231549,0.09302499890327454
11,0,98,0.12445578408929017,0.0927337035536766
11,0,99,0.10641527032622924,0.0792883113026619
11,0,100,0.11227995214553979,0.08730597794055939
11,0,101,0.11188837370047203,0.08091254532337189
11,0,102,0.12557929754257202,0.09043029695749283
11,0,103,0.12060055767114346,0.08790595084428787
11,0,104,0.13655902903813583,0.08733789622783661
11,0,105,0.12804487920724428,0.07388147711753845
11,0,106,0.12429126638632554,0.10603000968694687
11,0,107,0.10623823163601068,0.07863297313451767
11,0,108,0.1219284964295534,0.08029630035161972
11,0,109,0.10231105209543155,0.08849263191223145
11,0,110,0.09883902236246146,0.08321218192577362
11,0,111,0.12667785670894843,0.08335275202989578
11,0,112,0.11658408091618465,0.08714663982391357
11,0,113,0.11621987762359473,0.08431819081306458
11,0,114,0.11229529575659679,0.08301963657140732
11,0,115,0.12757189056048027,0.08203940093517303
11,0,116,0.12312513446578613,0.09439811110496521
11,0,117,0.11058999168185088,0.07947145402431488
11,0,118,0.109365952702669,0.08543861657381058
11,0,119,0.1051905951820887,0.08598365634679794
11,0,120,0.10828216230640045,0.0856572762131691
11,0,121,0.1063313171840631,0.08781665563583374
11,0,122,0.1055153588262888,0.09564391523599625
11,0,123,0.11663894584545723,0.08413058519363403
11,0,124,0.10911867595635928,0.08210267871618271
11,0,125,0.09656758864338581,0.08098237961530685
11,0,126,0.11388098677763572,0.08821503072977066
11,0,127,0.11577652079554704,0.09175129979848862
11,0,128,0.11052851035044743,0.08443081378936768
11,0,129,0.09732428823526089,0.08648236095905304
11,0,130,0.12056866889962783,0.08673505485057831
11,0,131,0.0980090475999392,0.08998563885688782
11,0,132,0.11484175633925658,0.08012545853853226
11,0,133,0.11739412122047864,0.08994687348604202
11,0,134,0.0998777781541531,0.08998695015907288
11,0,135,0.11167939580403842,0.07635612040758133
11,0,136,0.10331910476088524,0.08251556754112244
11,0,137,0.12333520444539878,0.09042096883058548
11,0,138,0.11149875934307392,0.08462364226579666
11,0,139,0.11428983480884479,0.08040677756071091
11,0,140,0.10232740955857131,0.0932435467839241
11,0,141,0.09646222969660392,0.08746568858623505
11,1,0,0.4269251319078299,0.39602088928222656
11,1,1,0.3917574343773035,0.3945748507976532
11,1,2,0.3607078962601148,0.3924161195755005
11,1,3,0.3681694750602429,0.38931792974472046
11,1,4,0.41186413856653065,0.38541966676712036
11,1,5,0.3715890519894086,0.38129666447639465
11,1,6,0.3670927985356404,0.3761558532714844
11,1,7,0.411735488818242,0.37018048763275146
11,1,8,0.37288149159688216,0.36399412155151367
11,1,9,0.3875550696483025,0.3577079474925995
11,1,10,0.33885059219140273,0.35133999586105347
11,1,11,0.3957399892119261,0.343812495470047
11,1,12,0.34719900213755095,0.3363400101661682
11,1,13,0.3320699976040767,0.32673364877700806
11,1,14,0.35455700296622056,0.3162718117237091
11,1,15,0.32390040503098416,0.3055463433265686
11,1,16,0.3687390352670963,0.2925204038619995
11,1,17,0.33976954450974095,0.27870291471481323
11,1,18,0.3449786546138617,0.26427555084228516
11,1,19,0.3085568461280603,0.2480541616678238
11,1,20,0.3209237043674176,0.23071633279323578
11,1,21,0.28866684092925143,0.21155934035778046
11,1,22,0.29188201748407805,0.1936473399400711
11,1,23,0.3044097606952374,0.17830105125904083
11,1,24,0.27967658524329847,0.16638553142547607
11,1,25,0.23438470180218035,0.15721502900123596
11,1,26,0.2284758366071261,0.1533767580986023
11,1,27,0.24788292268147835,0.152190700173378
11,1,28,0.2719990129654224,0.1529693305492401
11,1,29,0.24872575069849306,0.15431581437587738
11,1,30,0.22371216003711408,0.15298469364643097
11,1,31,0.23992196699747673,0.15467166900634766
11,1,32,0.23027121046414742,0.15812502801418304
11,1,33,0.19668336098010725,0.15527676045894623
11,1,34,0.19820328744558188,0.1507951021194458
11,1,35,0.22538235439704016,0.14548878371715546
11,1,36,0.17770921266995943,0.14395149052143097
11,1,37,0.20962022703427535,0.1463567316532135
11,1,38,0.20191274526027533,0.14493069052696228
11,1,39,0.18625791943990266,0.14697864651679993
11,1,40,0.17859942064835474,0.146219402551651
11,1,41,0.197926864027977,0.15091532468795776
11,1,42,0.1789979149515812,0.15027667582035065
11,1,43,0.17264860409956712,0.14720365405082703
11,1,44,0.17013252870394632,0.14136837422847748
11,1,45,0.16031406647883928,0.1438084989786148
11,1,46,0.16971744654270318,0.14138400554656982
11,1,47,0.16108058794186667,0.14471615850925446
11,1,48,0.17685680492566183,0.1445697844028473
11,1,49,0.15849102632357523,0.1506807804107666
11,1,50,0.1799464403436734,0.14563718438148499
11,1,51,0.15538879082753107,0.14174576103687286
11,1,52,0.15316782490565226,0.1330990344285965
11,1,53,0.15289548956430876,0.14341983199119568
11,1,54,0.1513145353931647,0.14269454777240753
11,1,55,0.1573132689182575,0.13538484275341034
11,1,56,0.134333756680672,0.13327881693840027
11,1,57,0.15227015774983627,0.13528984785079956
11,1,58,0.13731659719577202,0.13682371377944946
11,1,59,0.12589924954451048,0.12715193629264832
11,1,60,0.15064465426481688,0.13197819888591766
11,1,61,0.14880182078251472,0.12741485238075256
11,1,62,0.1432942066055078,0.1274983286857605
11,1,63,0.13463199024017042,0.12831979990005493
11,1,64,0.1444611308666376,0.12741728127002716
11,1,65,0.1365270187648443,0.1307455450296402
11,1,66,0.15606978994149429,0.12317214161157608
11,1,67,0.14809991533939654,0.12192324548959732
11,1,68,0.141997109238918,0.1280916929244995
11,1,69,0.13734144201645485,0.1270371675491333
11,1,70,0.13228566199541092,0.12789912521839142
11,1,71,0.11928953144412774,0.12191486358642578
11,1,72,0.12366740233623065,0.12115638703107834
11,1,73,0.13569950713561132,0.12056568264961243
11,1,74,0.12429492404827705,0.12305419892072678
11,1,75,0.1369611695408821,0.12252186983823776
11,1,76,0.12145469681574748,0.11875081807374954
11,1,77,0.12032673335992373,0.1160234808921814
11,1,78,0.11630392590394387,0.1139959916472435
11,1,79,0.11799021093891217,0.11861027032136917
11,1,80,0.11435224574345809,0.12604424357414246
11,1,81,0.12409629099644147,0.11195538192987442
11,1,82,0.10892317071557045,0.11323332041501999
11,1,83,0.1189521190065604,0.11584553122520447
11,1,84,0.13207168647876152,0.11916668713092804
11,1,85,0.1255188641639856,0.11312967538833618
11,1,86,0.11528870320090881,0.11973563581705093
11,1,87,0.11757381088458575,0.11415447294712067
11,1,88,0.1238546549127652,0.1099097952246666
11,1,89,0.11784825330743423,0.11958401650190353
11,1,90,0.11189290336691417,0.11310186237096786
11,1,91,0.10133499079025708,0.1126779168844223
11,1,92,0.10315124776500922,0.11062007397413254
11,1,93,0.11786290573386046,0.11043590307235718
11,1,94,0.11209119885013653,0.11031091958284378
11,1,95,0.10698041090598473,0.11435481160879135
11,1,96,0.11098591639445378,0.11247702687978745
11,1,97,0.11929577187849925,0.11755869537591934
11,1,98,0.1067433231152021,0.11341971158981323
11,1,99,0.10611674103599328,0.10958588868379593
11,1,100,0.10291166775501691,0.11805727332830429
11,1,101,0.11462335001963836,0.12089014053344727
11,1,102,0.10310990936481036,0.11490042507648468
11,1,103,0.09689417710671058,0.11315497010946274
11,1,104,0.10215724804080449,0.11039640009403229
11,1,105,0.11173197999596596,0.11443483084440231
11,1,106,0.1048301151738717,0.1120154857635498
11,1,107,0.11106793066629997,0.11100960522890091
11,1,108,0.09056287688704637,0.11084496974945068
11,1,109,0.10922147047061187,0.1106761023402214
11,1,110,0.09653354063630104,0.11502773314714432
11,1,111,0.11063506597509751,0.11110890656709671
11,1,112,0.11587985433064975,0.11587020009756088
11,1,113,0.10731011715072852,0.10971386730670929
11,1,114,0.10473666970546429,0.10680175572633743
11,1,115,0.09174236053457627,0.10962565988302231
11,1,116,0.10089195175812794,0.11517134308815002
11,1,117,0.10736103183948077,0.11285772919654846
11,1,118,0.12223270592781213,0.10872595012187958
11,1,119,0.10722528369380878,0.10546863079071045
11,1,120,0.11018005701211783,0.10828457027673721
11,1,121,0.10117423591705468,0.11036965250968933
11,1,122,0.10453858083257309,0.10397055745124817
11,1,123,0.11455762329009864,0.10532572865486145
11,1,124,0.09834809200121807,0.10818400233983994
11,1,125,0.10093574799024142,0.11541163176298141
11,1,126,0.09874211710232955,0.10895068198442459
11,1,127,0.10731130121992184,0.10793594270944595
11,1,128,0.10584300469893676,0.10916965454816818
11,1,129,0.08908782383570304,0.10169681161642075
11,1,130,0.0906780963906875,0.10051792114973068
11,1,131,0.09571321222644585,0.10195372253656387
11,1,132,0.09412846656946036,0.1008506566286087
11,1,133,0.10825022567923252,0.10073055326938629
11,1,134,0.10897190209764701,0.1033744066953659
11,1,135,0.10280648991465569,0.10488646477460861
11,1,136,0.10128389298915863,0.10354821383953094
11,1,137,0.10222819848702504,0.10187443345785141
11,1,138,0.09885250232540645,0.10222810506820679
11,1,139,0.08641892012495261,0.1055336743593216
11,1,140,0.09514687238977505,0.10931449383497238
11,1,141,0.10643614542025787,0.10501465201377869
11,1,142,0.09638204339605111,0.10360707342624664
11,1,143,0.08713210746645927,0.10545305162668228
11,1,144,0.08222400640638974,0.10521038621664047
11,1,145,0.09592451613682967,0.10700885206460953
11,1,146,0.09560372221928376,0.10585295408964157
11,1,147,0.10114630512320079,0.10639414936304092
11,1,148,0.09112986435110752,0.10527109354734421
11,1,149,0.09760578549825229,0.10446462035179138
11,1,150,0.08316272124648094,0.10417618602514267
11,1,151,0.11261773739869778,0.10432271659374237
11,1,152,0.08624867550455607,0.10294944047927856
11,1,153,0.0938615959424239,0.10445445030927658
11,1,154,0.09384468828256314,0.10278549790382385
11,1,155,0.08815469506841439,0.10668890178203583
11,1,156,0.09938871086790012,0.1078798696398735
11,1,157,0.08584128635434005,0.11008632928133011
11,1,158,0.09964921296789096,0.10842972248792648
11,1,159,0.09102132801826184,0.1092073917388916
11,1,160,0.09080315983066192,0.10629980266094208
11,2,0,0.4501273918610353,0.46157294511795044
11,2,1,0.4149250239133835,0.4593735635280609
11,2,2,0.4004313131937614,0.45614492893218994
11,2,3,0.42231560211915237,0.45212918519973755
11,2,4,0.43459565135148853,0.44707491993904114
11,2,5,0.3967803602035229,0.44130879640579224
11,2,6,0.43046021919984084,0.4351564049720764
11,2,7,0.37772303361159104,0.4290371239185333
11,2,8,0.41179864223186785,0.4229286015033722
11,2,9,0.3830444858624385,0.4158035218715668
11,2,10,0.37705881549761844,0.40786683559417725
11,2,11,0.3915125716191072,0.40001022815704346
11,2,12,0.3653244788830097,0.3912200927734375
11,2,13,0.39179518589606654,0.38218411803245544
11,2,14,0.3509626973133821,0.3724101781845093
11,2,15,0.37375617256531346,0.3611699938774109
11,2,16,0.33830282665216005,0.34953948855400085
11,2,17,0.36567291903954285,0.335960328578949
11,2,18,0.3246900565349139,0.3197695016860962
11,2,19,0.31642593558018023,0.30407196283340454
11,2,20,0.33072522282600403,0.2853914499282837
11,2,21,0.2890185702305574,0.2648320496082306
11,2,22,0.29599129809783054,0.24674101173877716
11,2,23,0.26322577034051603,0.23014794290065765
11,2,24,0.2640439879435759,0.21842347085475922
11,2,25,0.26439375716906327,0.2166985422372818
11,2,26,0.2560417904303624,0.21631723642349243
11,2,27,0.25873522689709294,0.21278445422649384
11,2,28,0.22288058927425972,0.21604329347610474
11,2,29,0.2377897357711425,0.2153608351945877
11,2,30,0.2510783294072518,0.2162165641784668
11,2,31,0.23238521011976096,0.2182658463716507
11,2,32,0.20739496499300003,0.20878654718399048
11,2,33,0.20704078387755614,0.20084746181964874
11,2,34,0.21111469773145822,0.1990266889333725
11,2,35,0.2047742364498285,0.1962473839521408
11,2,36,0.17881916062189981,0.1916254162788391
11,2,37,0.19309956293839675,0.18958517909049988
11,2,38,0.18361129898291367,0.1809966266155243
11,2,39,0.18493354205901807,0.17436714470386505
11,2,40,0.15341796152866805,0.1792602688074112
11,2,41,0.1719651692188703,0.18404674530029297
11,2,42,0.19737308758955735,0.17794202268123627
11,2,43,0.18064899685291144,0.17497166991233826
11,2,44,0.16544476208778527,0.17294219136238098
11,2,45,0.1767962070611807,0.16551044583320618
11,2,46,0.16645468026399612,0.16806618869304657
11,2,47,0.1584787004842208,0.16022871434688568
11,2,48,0.18027949476471314,0.16017411649227142
11,2,49,0.1336681776894973,0.15667350590229034
11,2,50,0.17137447286110657,0.15700769424438477
11,2,51,0.16814767569303513,0.1576492339372635
11,2,52,0.14561907918407366,0.1503227949142456
11,2,53,0.1571727140018573,0.14826112985610962
11,2,54,0.14434915838333276,0.14973174035549164
11,2,55,0.16891556405104124,0.1490224450826645
11,2,56,0.16382203021874794,0.1492392122745514
11,2,57,0.14312386627380663,0.14837093651294708
11,2,58,0.15097914922695893,0.14306466281414032
11,2,59,0.1412445163497558,0.1464400440454483
11,2,60,0.13937181807481325,0.14177079498767853
11,2,61,0.12571392666835052,0.1348620057106018
11,2,62,0.14651282131671906,0.13418585062026978
11,2,63,0.14315504523424002,0.1303679496049881
11,2,64,0.14340664732914704,0.13018621504306793
11,2,65,0.14089922778881514,0.12941144406795502
11,2,66,0.12779573637705582,0.1311887800693512
11,2,67,0.1256358574789304,0.1321079283952713
11,2,68,0.14256431448918122,0.12720642983913422
11,2,69,0.14751093089580536,0.12521027028560638
11,2,70,0.12787514437849706,0.1250860095024109
11,2,71,0.12819460148994738,0.12195883691310883
11,2,72,0.12375025565807636,0.12700434029102325
11,2,73,0.1431693950524697,0.12313084304332733
11,2,74,0.12428837527449314,0.11533398926258087
11,2,75,0.13455285590428573,0.1151469424366951
11,2,76,0.13353542868907636,0.11685264110565186
11,2,77,0.12642120684568697,0.11359655112028122
11,2,78,0.11888613207982136,0.10982917994260788
11,2,79,0.11168269526499969,0.11119294911623001
11,2,80,0.12639352392691833,0.11313080787658691
11,2,81,0.12561710465412873,0.11070168018341064
11,2,82,0.11986309633805202,0.11147644370794296
11,2,83,0.1252547726035118,0.11264365166425705
11,2,84,0.12111323957259838,0.1112515926361084
11,2,85,0.12525201273652223,0.11308741569519043
11,2,86,0.11949262596093692,0.110322967171669
11,2,87,0.1310285281103391,0.11663485318422318
11,2,88,0.11897044428266011,0.12217952311038971
11,2,89,0.1142750525703797,0.11351319402456284
11,2,90,0.13612228058851683,0.11200835555791855
11,2,91,0.12049049425583619,0.11578533798456192
11,2,92,0.1069692846101064,0.11576050519943237
11,2,93,0.11697780799407226,0.12306876480579376
11,2,94,0.13020018889353827,0.12134519219398499
11,2,95,0.12278186071377534,0.11723663657903671
11,2,96,0.11946350851884255,0.11778640002012253
11,2,97,0.1309941508449041,0.11509402841329575
11,2,98,0.11223550771291439,0.10205992311239243
11,2,99,0.1047964348242833,0.10233946144580841
11,2,100,0.11820781574799465,0.10381735116243362
11,2,101,0.13372892714463747,0.10184222459793091
11,2,102,0.1144336903324494,0.1006414145231247
11,2,103,0.11666273583586399,0.10134100168943405
11,2,104,0.10781109762879518,0.10370272397994995
11,2,105,0.10918851024829425,0.1016685888171196
11,2,106,0.11051397684674996,0.10549720376729965
11,2,107,0.1088322656085858,0.10487525165081024
11,2,108,0.10625227082234162,0.10551228374242783
11,2,109,0.10833269071120483,0.10187815129756927
11,2,110,0.11423681733699945,0.10456141084432602
11,2,111,0.11482077493117405,0.10307930409908295
11,2,112,0.09379397590573017,0.09799827635288239
11,2,113,0.12390542116302711,0.10247916728258133
11,2,114,0.10059591268117611,0.09949392080307007
11,2,115,0.11120691809516686,0.10137196630239487
11,2,116,0.1059318958566739,0.09669539332389832
11,2,117,0.09976104389016445,0.09772118926048279
11,2,118,0.11808068018693191,0.09810858964920044
11,2,119,0.10541282336299236,0.10174741595983505
11,2,120,0.10070275056820649,0.09701019525527954
11,2,121,0.09279316033308323,0.09300029277801514
11,2,122,0.11102233941738422,0.09479296207427979
11,2,123,0.12951500771137384,0.0947560966014862
11,2,124,0.11618009725442299,0.09276482462882996
11,2,125,0.10830196193777598,0.09226184338331223
11,2,126,0.10937123688367698,0.09307065606117249
11,2,127,0.11839165997046691,0.09312459081411362
11,2,128,0.1146641055551859,0.09483053535223007
11,2,129,0.11132050305604935,0.10018794238567352
11,2,130,0.10735252671516858,0.10401829332113266
11,2,131,0.09460776643111156,0.09559507668018341
11,2,132,0.10213825507805897,0.09912963211536407
11,2,133,0.09590646624565125,0.09910676628351212
11,2,134,0.10550978808448865,0.10250581800937653
11,2,135,0.09591993202383702,0.10727766156196594
11,2,136,0.10998112049240333,0.10319892317056656
11,2,137,0.107519892259286,0.09658025205135345
11,2,138,0.10790569879687749,0.1030774936079979
11,2,139,0.11003530856508476,0.09929381310939789
11,2,140,0.10963885199565154,0.09907041490077972
11,2,141,0.11326156871823165,0.1025928407907486
11,2,142,0.10929112594861251,0.10492675751447678
11,2,143,0.11664029898551795,0.10526848584413528
11,2,144,0.11063395956387886,0.10433810204267502
11,2,145,0.11288046091794968,0.1045294851064682
11,2,146,0.11758435574861673,0.10209739953279495
11,2,147,0.10227633124360672,0.10253062844276428
11,2,148,0.10491023671168548,0.10040031373500824
11,2,149,0.11746719880745961,0.09963873028755188
11,2,150,0.1113347213428754,0.10175511240959167
11,2,151,0.12387754338291976,0.10048424452543259
11,2,152,0.10375320997375709,0.09796473383903503
11,2,153,0.10323957812327605,0.09935090690851212
11,2,154,0.10018404401265658,0.09923536330461502
11,2,155,0.10953049247081463,0.09763478487730026
11,3,0,0.46220648747224075,0.4650123715400696
11,3,1,0.45136860127632433,0.4613037705421448
11,3,2,0.41532989419423616,0.455942302942276
11,3,3,0.41284385782021743,0.4493817389011383
11,3,4,0.40945138381077695,0.4419718384742737
11,3,5,0.4047210675019484,0.43295714259147644
11,3,6,0.4085464317065019,0.4228864312171936
11,3,7,0.4139900356531143,0.4117547869682312
11,3,8,0.3911457680738889,0.3996196687221527
11,3,9,0.4655553595377849,0.3858970105648041
11,3,10,0.41200740750019366,0.3714686632156372
11,3,11,0.35024003569896406,0.35745128989219666
11,3,12,0.36159880803181577,0.34315693378448486
11,3,13,0.4188649837787335,0.3274165391921997
11,3,14,0.33037771169955915,0.31242597103118896
11,3,15,0.3273697908108051,0.2952015995979309
11,3,16,0.356391225869839,0.27707839012145996
11,3,17,0.3245418639137195,0.26175427436828613
11,3,18,0.35115178846395934,0.24779316782951355
11,3,19,0.3439408242702484,0.23236395418643951
11,3,20,0.2779343964961859,0.2170502245426178
11,3,21,0.2855215955239076,0.20482775568962097
11,3,22,0.32085201946588665,0.19263537228107452
11,3,23,0.26502954501372117,0.18145176768302917
11,3,24,0.28641179089362806,0.17321361601352692
11,3,25,0.2472881697691404,0.16895198822021484
11,3,26,0.24585963441775396,0.16563621163368225
11,3,27,0.26166826830460477,0.16692742705345154
11,3,28,0.23984398922094932,0.16819818317890167
11,3,29,0.22650009794877127,0.1721169352531433
11,3,30,0.22326259315013885,0.17632471024990082
11,3,31,0.18634960227287733,0.1821995973587036
11,3,32,0.21854443618884453,0.1730371117591858
11,3,33,0.22324285598901603,0.16830237209796906
11,3,34,0.18044666945934296,0.17251694202423096
11,3,35,0.2068580944950764,0.15323694050312042
11,3,36,0.19574643155703178,0.15475130081176758
11,3,37,0.2123913856653067,0.15697979927062988
11,3,38,0.17594776016015273,0.15125299990177155
11,3,39,0.1897850867647391,0.15701410174369812
11,3,40,0.20425660621661407,0.14887674152851105
11,3,41,0.20124497207311484,0.13929250836372375
11,3,42,0.16633324095836052,0.13519035279750824
11,3,43,0.16369657447704902,0.14358921349048615
11,3,44,0.1787897268166909,0.14383547008037567
11,3,45,0.13909214505782494,0.14303232729434967
11,3,46,0.16816746443510056,0.13451996445655823
11,3,47,0.17096450924873352,0.13371135294437408
11,3,48,0.15253474391423738,0.1363951861858368
11,3,49,0.16477715625212744,0.13496777415275574
11,3,50,0.1517955890068641,0.13743434846401215
11,3,51,0.15590210832082307,0.14152050018310547
11,3,52,0.152892523086988,0.13425850868225098
11,3,53,0.15478187971390212,0.12923739850521088
11,3,54,0.13421555092701545,0.1300451159477234
11,3,55,0.1475703750665371,0.1261059045791626
11,3,56,0.15614856206453764,0.12483508139848709
11,3,57,0.14138412905427125,0.12447511404752731
11,3,58,0.1259927245286795,0.12133971601724625
11,3,59,0.1287030500288193,0.12396052479743958
11,3,60,0.13900584899462187,0.11954054236412048
11,3,61,0.11129049842174236,0.127054363489151
11,3,62,0.12476749632221001,0.11706367135047913
11,3,63,0.1340099750803067,0.1190008595585823
11,3,64,0.11851902478016339,0.11473146826028824
11,3,65,0.12105859013704154,0.11353237181901932
11,3,66,0.13279560609505728,0.116300068795681
11,3,67,0.1367771364748478,0.11130097508430481
11,3,68,0.12706993205042985,0.11131304502487183
11,3,69,0.12920121705302826,0.11249469965696335
11,3,70,0.11304572453865638,0.11174162477254868
11,3,71,0.12154301943687293,0.10964269936084747
11,3,72,0.11223767869747601,0.11334530264139175
11,3,73,0.12013576609584001,0.11249200999736786
11,3,74,0.12682647888477033,0.11057104915380478
11,3,75,0.12991026158516222,0.11426354944705963
11,3,76,0.1128924062045721,0.1125066727399826
11,3,77,0.11543438125115174,0.11803414672613144
11,3,78,0.10871341824531555,0.11316332966089249
11,3,79,0.10696016997098923,0.10699062794446945
11,3,80,0.10837702854321553,0.10940421372652054
11,3,81,0.12418093646948154,0.11854937672615051
11,3,82,0.12041380428350888,0.11257517337799072
11,3,83,0.10657331118216881,0.11488409340381622
11,3,84,0.12248396472289012,0.11099675297737122
11,3,85,0.11607651699047822,0.1090964674949646
11,3,86,0.11085532949520992,0.10863760113716125
11,3,87,0.10908039601949546,0.10663453489542007
11,3,88,0.11130595321838672,0.10967744141817093
11,3,89,0.11649153610834709,0.11189410835504532
11,3,90,0.08851862211640064,0.109135203063488
11,3,91,0.11164025217294693,0.10411562770605087
11,3,92,0.1332223226244633,0.10292961448431015
11,3,93,0.10383002918500167,0.10641442239284515
11,3,94,0.10547248560648698,0.10302010178565979
11,3,95,0.09843579221230286,0.10345245152711868
11,3,96,0.10240277848564662,0.10954578220844269
11,3,97,0.11485434667422222,0.11596266180276871
11,3,98,0.09819653057135068,0.11435317248106003
11,3,99,0.10297236419641055,0.10673671960830688
11,3,100,0.10472575890330169,0.10648205131292343
11,3,101,0.10145819043883911,0.10154999792575836
11,3,102,0.08955609884399635,0.10533703118562698
11,3,103,0.11018427661978282,0.09982360154390335
11,3,104,0.0924975574016571,0.10369271039962769
11,3,105,0.10965425005325904,0.0975707545876503
11,3,106,0.10321519179986073,0.10374365001916885
11,3,107,0.1025997271331457,0.10025373101234436
11,3,108,0.09861473051401284,0.10751203447580338
11,3,109,0.11542583486208549,0.10307890921831131
11,3,110,0.09752769567645513,0.10232389718294144
11,3,111,0.10423850726622802,0.09891980141401291
11,3,112,0.11312468521870099,0.10349913686513901
11,3,113,0.1013972799365337,0.11028540879487991
11,3,114,0.09497325208324653,0.10224059224128723
11,3,115,0.10427338372056301,0.09942027181386948
11,3,116,0.09632865310861514,0.1013234481215477
11,3,117,0.10697942083844772,0.09769521653652191
11,3,118,0.09574989114816372,0.10152982175350189
11,3,119,0.10954882118564385,0.09660647064447403
11,3,120,0.08508276165677951,0.09654635936021805
11,3,121,0.09632003250030371,0.09803252667188644
11,3,122,0.09201776264951779,0.09942520409822464
11,3,123,0.10495553624171478,0.09761180728673935
11,3,124,0.09793722428954564,0.09690742939710617
11,3,125,0.0884548477255381,0.10144791007041931
11,3,126,0.0876247467329869,0.09698373079299927
11,3,127,0.0897388429595874,0.1041983887553215
11,3,128,0.10766148151686558,0.09824313968420029
11,3,129,0.09546311686818416,0.09990263730287552
11,3,130,0.08464670954988553,0.10217505693435669
11,3,131,0.0914944800046774,0.10137753933668137
11,3,132,0.09043133946565482,0.10468745231628418
11,3,133,0.094646405428648,0.10341351479291916
11,3,134,0.08670493817100158,0.10345479846000671
11,3,135,0.0909216426886045,0.1047566682100296
11,3,136,0.08392377369678937,0.09829054027795792
11,3,137,0.08381309876075158,0.10016070306301117
11,3,138,0.10782312286587861,0.10218743979930878
11,3,139,0.08875537663698196,0.10365720093250275
11,3,140,0.10066888166161683,0.10167708247900009
11,3,141,0.08141734307775131,0.10252971202135086
11,3,142,0.07953349787455338,0.09978589415550232
11,3,143,0.08989690014949211,0.0993347093462944
11,3,144,0.08418758471424763,0.09808024019002914
11,3,145,0.0937456302344799,0.09954420477151871
11,3,146,0.0887368805706501,0.10337681323289871
11,3,147,0.09258812092817746,0.10340426117181778
11,3,148,0.09547730549596824,0.10074998438358307
11,3,149,0.09168770508124278,0.10255376249551773
11,3,150,0.0879078573332383,0.09981290251016617
11,4,0,0.4420500053809239,0.3280784487724304
11,4,1,0.3678614313785846,0.3244270384311676
11,4,2,0.3910279835645969,0.3198801577091217
11,4,3,0.3925328025451073,0.3138158917427063
11,4,4,0.3602111373956387,0.3073941469192505
11,4,5,0.4335746467113495,0.2998841106891632
11,4,6,0.3924571080849721,0.29084306955337524
11,4,7,0.40223054931713986,0.28141388297080994
11,4,8,0.3622282330806439,0.2709777355194092
11,4,9,0.3814488248183177,0.25998130440711975
11,4,10,0.378437802195549,0.2484918236732483
11,4,11,0.3587292329623149,0.23735398054122925
11,4,12,0.36072526299036467,0.22590439021587372
11,4,13,0.34943710152919477,0.2148451805114746
11,4,14,0.3815882228887998,0.2023945152759552
11,4,15,0.3571631426994617,0.19034487009048462
11,4,16,0.29680229608829206,0.17714828252792358
11,4,17,0.32483800328694856,0.16506968438625336
11,4,18,0.30728560112989867,0.15093933045864105
11,4,19,0.25174855956664455,0.13939674198627472
11,4,20,0.2822257165725415,0.12870080769062042
11,4,21,0.28320016024204403,0.11550553888082504
11,4,22,0.3052237114081016,0.1072593480348587
11,4,23,0.28879659794844115,0.1064978763461113
11,4,24,0.24867119468175447,0.10784348100423813
11,4,25,0.24417585593003494,0.11731727421283722
11,4,26,0.24413047845547015,0.12306242436170578
11,4,27,0.24773470484293425,0.1232345774769783
11,4,28,0.26136675477027893,0.11848986148834229
11,4,29,0.22747472387093765,0.13023604452610016
11,4,30,0.22599267959594727,0.12476702034473419
11,4,31,0.19944639160082892,0.12302014976739883
11,4,32,0.2214817118186217,0.11616050451993942
11,4,33,0.21350412128063348,0.11421485990285873
11,4,34,0.2133178825561817,0.11838878691196442
11,4,35,0.20833277358458593,0.1257949322462082
11,4,36,0.18281254974695352,0.12156328558921814
11,4,37,0.17032690518177473,0.11892665177583694
11,4,38,0.18768702848599508,0.12332676351070404
11,4,39,0.18137004398382628,0.10814057290554047
11,4,40,0.1996106132864952,0.12251763045787811
11,4,41,0.1647334201977803,0.1192980632185936
11,4,42,0.17274701251433447,0.11490081250667572
11,4,43,0.18274505722981232,0.1088668555021286
11,4,44,0.1688686374288339,0.11837447434663773
11,4,45,0.171091507260616,0.1284811794757843
11,4,46,0.15757465706421778,0.11906971037387848
11,4,47,0.15634478972508356,0.11263971775770187
11,4,48,0.15452293363901284,0.09874583035707474
11,4,49,0.16790209252100724,0.10072716325521469
11,4,50,0.14464988215611532,0.09781374782323837
11,4,51,0.15113773254247811,0.09852266311645508
11,4,52,0.1536562224993339,0.08844737708568573
11,4,53,0.1349794056553107,0.09123604744672775
11,4,54,0.16187081256738076,0.0872829481959343
11,4,55,0.15640573260875848,0.08169781416654587
11,4,56,0.15095135168387339,0.08678901195526123
11,4,57,0.1317773163318634,0.09193026274442673
11,4,58,0.11885480095560734,0.0989079624414444
11,4,59,0.1352482122870592,0.09510349482297897
11,4,60,0.13722538976715162,0.07918767631053925
11,4,61,0.1305680716266999,0.07712475210428238
11,4,62,0.1175414461355943,0.08149570226669312
11,4,63,0.14898207841011193,0.07983604073524475
11,4,64,0.12350310700444075,0.08188773691654205
11,4,65,0.13428671944599885,0.07692155987024307
11,4,66,0.14169391301962045,0.0838758647441864
11,4,67,0.1298017530487134,0.08314581960439682
11,4,68,0.13897345043145692,0.07559772580862045
11,4,69,0.12820773800978294,0.07867622375488281
11,4,70,0.1626513462800246,0.07544836401939392
11,4,71,0.14600047698387733,0.084149070084095
11,4,72,0.1202357099033319,0.0957118347287178
11,4,73,0.14909815730956885,0.07731610536575317
11,4,74,0.13645169540093496,0.08091084659099579
11,4,75,0.1245669350028038,0.07693764567375183
11,4,76,0.12551445084122512,0.07212137430906296
11,4,77,0.14281251281499863,0.06707341223955154
11,4,78,0.12561533628748014,0.06779677420854568
11,4,79,0.12031454478318875,0.07189125567674637
11,4,80,0.11623574821994855,0.07687175273895264
11,4,81,0.11712143025719203,0.07689908891916275
11,4,82,0.12549763516737864,0.07356170564889908
11,4,83,0.12114979785222274,0.07364661991596222
11,4,84,0.12634904854572737,0.06826464086771011
11,4,85,0.1080334923015191,0.07231961935758591
11,4,86,0.12319937749550892,0.07396745681762695
11,4,87,0.10657364359268776,0.07110550999641418
11,4,88,0.11696946563629004,0.07238210737705231
11,4,89,0.12884132392131364,0.0717482939362526
11,4,90,0.12289597008090752,0.07144476473331451
11,4,91,0.12254868447780609,0.07384858280420303
11,4,92,0.1222734130345858,0.06625077873468399
11,4,93,0.135964329712666,0.06749018281698227
11,4,94,0.12097607323756585,0.06910894066095352
11,4,95,0.12103525778421989,0.07095183432102203
11,4,96,0.11690530639428359,0.0672919973731041
11,4,97,0.1191689965243523,0.07302732765674591
11,4,98,0.13186743941444617,0.07148148119449615
11,4,99,0.11677645032222454,0.07068286836147308
11,4,100,0.10968584911181377,0.06979472935199738
11,4,101,0.1169869157557304,0.06788886338472366
11,4,102,0.10668676260572213,0.0659874901175499
11,4,103,0.11080220427650672,0.0645143911242485
11,4,104,0.10768372565507889,0.0716681182384491
11,4,105,0.10577967963539638,0.06428469717502594
11,4,106,0.10192304047254416,0.06279559433460236
11,4,107,0.1062683560527288,0.06503772735595703
11,4,108,0.10025873952187024,0.06694018095731735
11,4,109,0.12129905476019932,0.06202010437846184
11,4,110,0.11270675836847378,0.06027612090110779
11,4,111,0.10906808594098458,0.0586637444794178
11,4,112,0.10266752254504424,0.0604495033621788
11,4,113,0.11136942385480954,0.06452924758195877
11,4,114,0.10647859080479695,0.062127020210027695
11,4,115,0.11022697446437982,0.0660383477807045
11,4,116,0.11418360185164672,0.06951336562633514
11,4,117,0.10407401306124833,0.06772288680076599
11,4,118,0.10231933140983948,0.0628475472331047
11,4,119,0.11049033816044147,0.06845124065876007
11,4,120,0.11365262834498516,0.06286269426345825
11,4,121,0.11193479511600274,0.061538346111774445
11,4,122,0.10943434674006242,0.060630787163972855
11,4,123,0.12484995390360172,0.05800970271229744
11,4,124,0.11249973538976449,0.062317147850990295
11,4,125,0.10785357969311568,0.06339216977357864
11,4,126,0.11253086821391033,0.061527203768491745
11,4,127,0.10744299338414119,0.06184519827365875
11,4,128,0.09767313473499738,0.058546241372823715
11,4,129,0.10092731536580966,0.060084935277700424
11,4,130,0.09463486333306019,0.06142251566052437
11,4,131,0.10572200956252906,0.06082703918218613
11,4,132,0.10540130046697763,0.05767850577831268
11,4,133,0.10463744545212159,0.05746609717607498
11,4,134,0.0991522096670591,0.05821867287158966
11,4,135,0.11303664113466556,0.06129459664225578
11,4,136,0.10011556085485679,0.05917494744062424
11,4,137,0.10141279691686997,0.06109453737735748
11,4,138,0.12139548218021026,0.06146763637661934
11,4,139,0.09251638501882553,0.061998698860406876
11,4,140,0.11717137264517638,0.05953417345881462
11,4,141,0.1056553592475561,0.060675159096717834
11,4,142,0.1010297339123029,0.06250128149986267
11,4,143,0.1017124317586422,0.06255028396844864
11,4,144,0.10370432743086265,0.06118980050086975
11,4,145,0.10301072809558648,0.05783887952566147
11,4,146,0.08973256126046181,0.05996469035744667
11,4,147,0.09191512803618725,0.06469693034887314
11,4,148,0.10415659243097672,0.06752847880125046
11,4,149,0.10413608126915418,0.06501536816358566
11,4,150,0.08935956828869306,0.06430702656507492
11,4,151,0.10042324461616002,0.06536153703927994
11,4,152,0.0950099931886563,0.06665287166833878
11,4,153,0.10146427641694362,0.06309444457292557
11,4,154,0.09139310539915012,0.061540085822343826
11,4,155,0.1013251763696854,0.06589061766862869
11,4,156,0.09433858841657639,0.06485456228256226
11,4,157,0.09706221635525043,0.06567059457302094
11,4,158,0.08556212570804816,0.06820128113031387
11,4,159,0.10661558577647576,0.06761012226343155
11,4,160,0.09166601113975048,0.06776288896799088
11,4,161,0.09215037524700165,0.06662582606077194
11,4,162,0.08963685024243134,0.06686011701822281
11,4,163,0.09670904135474792,0.06639432162046432
99,0,0,0.43243701641376203,0.5332956910133362
99,0,1,0.45116860132951003,0.5320723652839661
99,0,2,0.41662124028572667,0.5305011868476868
99,0,3,0.3636427716566966,0.5284746885299683
99,0,4,0.3642328977584839,0.5261014699935913
99,0,5,0.40466350890122926,0.5232440233230591
99,0,6,0.4009664643269319,0.5201323628425598
99,0,7,0.40385241233385527,0.5168858170509338
99,0,8,0.38640348613262177,0.513386607170105
99,0,9,0.38930312486795277,0.5095536708831787
99,0,10,0.40876617110692537,0.5051888227462769
99,0,11,0.37775042538459486,0.5002341866493225
99,0,12,0.32439235655161053,0.49553924798965454
99,0,13,0.3558647506512128,0.4904443323612213
99,0,14,0.3726255435210008,0.484613299369812
99,0,15,0.39178258639115554,0.4779054522514343
99,0,16,0.38016434472340804,0.4696565270423889
99,0,17,0.3731899250012178,0.46045413613319397
99,0,18,0.3334510452472247,0.4497562646865845
99,0,19,0.37021440955308765,0.4369490444660187
99,0,20,0.3194419741630554,0.4241045415401459
99,0,21,0.3520878507540776,0.4071785509586334
99,0,22,0.3402487257352242,0.3855893015861511
99,0,23,0.326372613127415,0.3611528277397156
99,0,24,0.29302307390249693,0.3356495499610901
99,0,25,0.25334050678289854,0.3077402412891388
99,0,26,0.2794551562804442,0.2828892767429352
99,0,27,0.26041532078614604,0.2645837068557739
99,0,28,0.25067243896997893,0.24648040533065796
99,0,29,0.26732665185744947,0.23667225241661072
99,0,30,0.23925530566618994,0.23324617743492126
99,0,31,0.2296106872650293,0.22860093414783478
99,0,32,0.19796761985008532,0.22618970274925232
99,0,33,0.2109862078840916,0.22473059594631195
99,0,34,0.19953459042769212,0.22011350095272064
99,0,35,0.20426943955513147,0.21577109396457672
99,0,36,0.17161410989669654,0.21385988593101501
99,0,37,0.17074315077983415,0.2110556811094284
99,0,38,0.1761849390772673,0.20729075372219086
99,0,39,0.18903851222533447,0.2061482071876526
99,0,40,0.17608328851369712,0.19799916446208954
99,0,41,0.19646783001147783,0.1943345069885254
99,0,42,0.1778514115856244,0.19053712487220764
99,0,43,0.16057895639768013,0.19810250401496887
99,0,44,0.15343005095536894,0.20738811790943146
99,0,45,0.1701988044839639,0.21212607622146606
99,0,46,0.16891281707928732,0.1960773915052414
99,0,47,0.16153136296914175,0.19685670733451843
99,0,48,0.14628288293114075,0.19522300362586975
99,0,49,0.13757708439460167,0.19286225736141205
99,0,50,0.1375362672484838,0.18691320717334747
99,0,51,0.154507071352922,0.17887039482593536
99,0,52,0.14265652774618223,0.1812102049589157
99,0,53,0.1444951593875885,0.2008230835199356
99,0,54,0.12850652348536712,0.17977699637413025
99,0,55,0.15859225277717298,0.18917010724544525
99,0,56,0.15190109323996764,0.1845218539237976
99,0,57,0.14368463995364997,0.1860285848379135
99,0,58,0.15738239082006308,0.19744136929512024
99,0,59,0.12255017574016865,0.18812638521194458
99,0,60,0.14141949151570982,0.1809387058019638
99,0,61,0.13917122723964545,0.18575358390808105
99,0,62,0.13851046504882666,0.19596131145954132
99,0,63,0.1337972329213069,0.19333398342132568
99,0,64,0.12265461396712524,0.1865423321723938
99,0,65,0.14042205993945783,0.18709354102611542
99,0,66,0.1446306579388105,0.17325441539287567
99,0,67,0.13465680812413877,0.18207232654094696
99,0,68,0.1432007556924453,0.19480901956558228
99,0,69,0.11369799536008102,0.18286913633346558
99,0,70,0.13173166375893813,0.17129270732402802
99,0,71,0.1194096511373153,0.17906402051448822
99,0,72,0.140355962400253,0.16408905386924744
99,0,73,0.10567902802274777,0.1784011274576187
99,0,74,0.13308733529769456,0.19035787880420685
99,0,75,0.1257399985423455,0.1898524910211563
99,0,76,0.11069796320337516,0.16572751104831696
99,0,77,0.11689369093913299,0.184060201048851
99,0,78,0.10917325088611016,0.16112691164016724
99,0,79,0.11027778226595658,0.15578867495059967
99,0,80,0.12598577428322572,0.16667380928993225
99,0,81,0.1250878950724235,0.15714134275913239
99,0,82,0.1242377574627216,0.16955550014972687
99,0,83,0.11689643275279266,0.17849630117416382
99,0,84,0.11099198976388344,0.17415829002857208
99,0,85,0.1142881761949796,0.17156054079532623
99,0,86,0.1285446910904004,0.1698078066110611
99,0,87,0.1223524293074241,0.168483704328537
99,0,88,0.11282861691254836,0.17874599993228912
99,0,89,0.13243051561025473,0.18290884792804718
99,0,90,0.10901917947026399,0.16206862032413483
99,0,91,0.11366453537574181,0.1664382666349411
99,0,92,0.11202116711781575,0.16300024092197418
99,0,93,0.10554210956280048,0.1644017994403839
99,0,94,0.11136893498209807,0.17280767858028412
99,0,95,0.0999282320531515,0.18106618523597717
99,0,96,0.09773330447765496,0.1704205870628357
99,0,97,0.11340994588457622,0.16027741134166718
99,0,98,0.10147388480030574,0.16042903065681458
99,0,99,0.11112457857682155,0.17020054161548615
99,0,100,0.10398378910926673,0.1586676985025406
99,0,101,0.0992280336526724,0.16319632530212402
99,0,102,0.11885390144128066,0.16652601957321167
99,0,103,0.09993105267102902,0.1672072857618332
99,0,104,0.09832811384246899,0.1547527015209198
99,0,105,0.1013088091634787,0.1590341180562973
99,0,106,0.08893455593631817,0.1613444685935974
99,0,107,0.1141798456127827,0.1612880825996399
99,0,108,0.09036802299893819,0.1576535999774933
99,0,109,0.10952726465005141,0.16845661401748657
99,0,110,0.09705735456485015,0.15931150317192078
99,0,111,0.10104457862102069,0.15781161189079285
99,0,112,0.09528090575566658,0.15967199206352234
99,0,113,0.10240900602478248,0.1697596162557602
99,0,114,0.08548040659381793,0.15232287347316742
99,0,115,0.10383657853190716,0.15794125199317932
99,0,116,0.11394043381397541,0.16267764568328857
99,0,117,0.1013895204434028,0.1578427404165268
99,0,118,0.10725175274106172,0.16542142629623413
99,0,119,0.10236815793009904,0.162586972117424
99,0,120,0.10512990590471488,0.15975774824619293
99,0,121,0.10920768345777805,0.16317877173423767
99,0,122,0.09768516942858696,0.16816729307174683
99,0,123,0.08772787308463684,0.16625699400901794
99,0,124,0.09089159678954345,0.15678644180297852
99,0,125,0.10277193899338062,0.16179770231246948
99,0,126,0.1029387408724198,0.16217420995235443
99,0,127,0.09598580805154946,0.15855571627616882
99,0,128,0.11119846942333075,0.15604403614997864
99,0,129,0.09975187021952409,0.1564319133758545
99,0,130,0.0966442832006858,0.16441135108470917
99,0,131,0.09023955270934564,0.16177521646022797
99,0,132,0.09819955407426907,0.15986715257167816
99,0,133,0.11380052451904003,0.16562476754188538
99,0,134,0.10472275775212508,0.16657264530658722
99,0,135,0.0875794065113251,0.15585073828697205
99,0,136,0.08089766708704141,0.16666942834854126
99,0,137,0.09854110301687168,0.1652836948633194
99,0,138,0.09502765679588684,0.1519925743341446
99,0,139,0.09354206117299887,0.16198864579200745
99,0,140,0.09368552468143977,0.16487665474414825
99,0,141,0.09037102185762845,0.16690681874752045
99,0,142,0.09896675783854264,0.16925634443759918
99,0,143,0.09105321421073033,0.1643964946269989
99,0,144,0.09176387064732038,0.15772998332977295
99,0,145,0.09600174598968945,0.15731358528137207
99,0,146,0.08014088381941502,0.1632256954908371
99,0,147,0.09032764285802841,0.15222938358783722
99,0,148,0.08586107108455437,0.14993742108345032
99,0,149,0.08588559381090678,0.1631692349910736
99,0,150,0.08595404258141151,0.16680693626403809
99,0,151,0.09940072206350473,0.16113905608654022
99,0,152,0.10000253182191116,0.16013219952583313
99,0,153,0.07936569647147106,0.15893438458442688
99,0,154,0.10571692196222451,0.15697713196277618
99,0,155,0.1040396406673468,0.15287479758262634
99,0,156,0.0935258587392477,0.16373878717422485
99,0,157,0.09773261701831451,0.1617254763841629
99,0,158,0.06909312078585991,0.14946222305297852
99,0,159,0.09163394971535756,0.15210457146167755
99,0,160,0.08696771842929032,0.16361060738563538
99,0,161,0.08841048181056976,0.16502957046031952
99,0,162,0.0840486020136338,0.15887436270713806
99,0,163,0.0993454920557829,0.15868264436721802
99,0,164,0.08624857750076514,0.16520901024341583
99,0,165,0.08983465914542858,0.15977218747138977
99,0,166,0.0986796161876275,0.15979519486427307
99,0,167,0.09086383449343535,0.16069446504116058
99,0,168,0.07778434111521794,0.1581304371356964
99,0,169,0.07201895805505606,0.1647351235151291
99,0,170,0.08252041872877341,0.16142107546329498
99,0,171,0.09588434547185898,0.1557479202747345
99,0,172,0.07816362123076732,0.15455445647239685
99,0,173,0.08971391159754533,0.15802104771137238
99,0,174,0.0810791552066803,0.16325390338897705
99,0,175,0.08382968461284271,0.16109316051006317
99,0,176,0.09795551116649921,0.16266308724880219
99,0,177,0.09754152510028619,0.16424834728240967
99,0,178,0.09337120703779735,0.1569686233997345
99,0,179,0.07702559347336109,0.15446501970291138
99,0,180,0.08706388421929799,0.1559337079524994
99,0,181,0.08054953756240699,0.15892140567302704
99,0,182,0.07694612328822796,0.15788185596466064
99,0,183,0.1012153854736915,0.15541282296180725
99,0,184,0.10067690135194705,0.15534430742263794
99,0,185,0.08589699434546325,0.15783078968524933
99,0,186,0.08877381797020252,0.1620105355978012
99,0,187,0.09104621811554982,0.16661792993545532
99,0,188,0.08256488751906615,0.16692692041397095
99,1,0,0.3930581154731604,0.4353416860103607
99,1,1,0.4050001066464644,0.4315205514431
99,1,2,0.3680517283769754,0.42673587799072266
99,1,3,0.3778540881780478,0.42048779129981995
99,1,4,0.4077476423520308,0.4129621386528015
99,1,5,0.3065819854919727,0.40476298332214355
99,1,6,0.3992592371427096,0.3948698341846466
99,1,7,0.37009640496510726,0.38443484902381897
99,1,8,0.3648406198391548,0.37339043617248535
99,1,9,0.3893440239704572,0.36185500025749207
99,1,10,0.36051883605810314,0.3491603434085846
99,1,11,0.3249490008904384,0.3373827040195465
99,1,12,0.3385893702507019,0.32593515515327454
99,1,13,0.32563849366628206,0.31230801343917847
99,1,14,0.3366271016689447,0.29770636558532715
99,1,15,0.32905153700938594,0.2826371192932129
99,1,16,0.32110837675057924,0.2690392732620239
99,1,17,0.34055807154912215,0.25681209564208984
99,1,18,0.3031425716785284,0.2434348613023758
99,1,19,0.28591418954042286,0.22971211373806
99,1,20,0.288107862839332,0.2191958725452423
99,1,21,0.2602218830814728,0.21095965802669525
99,1,22,0.24433915546307197,0.20789657533168793
99,1,23,0.256341081399184,0.21010136604309082
99,1,24,0.25317482363719207,0.21189209818840027
99,1,25,0.22599821136547968,0.21211306750774384
99,1,26,0.2110691282611627,0.21623660624027252
99,1,27,0.2184177293227269,0.21634706854820251
99,1,28,0.2341384750146132,0.21522119641304016
99,1,29,0.2066615097797834,0.22811023890972137
99,1,30,0.22224018493523964,0.224808469414711
99,1,31,0.21248086541891098,0.21359752118587494
99,1,32,0.22248988082775703,0.2044970691204071
99,1,33,0.24325372393314654,0.1995348334312439
99,1,34,0.18370553908439782,0.2014097422361374
99,1,35,0.21257074578450277,0.18902485072612762
99,1,36,0.2033613226734675,0.20112310349941254
99,1,37,0.20518280794987312,0.2026062309741974
99,1,38,0.21127614722802088,0.18729932606220245
99,1,39,0.16387044409146675,0.18051649630069733
99,1,40,0.15663771847119698,0.18615777790546417
99,1,41,0.16345369815826416,0.18494218587875366
99,1,42,0.18986726724184477,0.16874247789382935
99,1,43,0.16200139545477354,0.17312121391296387
99,1,44,0.15376878185914114,0.16303622722625732
99,1,45,0.17657771993141907,0.15356871485710144
99,1,46,0.18743281009105536,0.14507244527339935
99,1,47,0.1857994542672084,0.1446172147989273
99,1,48,0.1618832223690473,0.14157333970069885
99,1,49,0.15516727818892553,0.13563603162765503
99,1,50,0.16201551201251838,0.13219298422336578
99,1,51,0.16541115251871255,0.14268627762794495
99,1,52,0.15608248888300016,0.14098209142684937
99,1,53,0.16418656821434313,0.13767403364181519
99,1,54,0.1549083859874652,0.13060162961483002
99,1,55,0.1434558819119747,0.1318642497062683
99,1,56,0.14310587999912408,0.12989093363285065
99,1,57,0.15335039851757196,0.1276499181985855
99,1,58,0.14504490076349333,0.12593497335910797
99,1,59,0.15053918957710266,0.123725026845932
99,1,60,0.1517904492524954,0.12003757804632187
99,1,61,0.13125392536704356,0.12004967033863068
99,1,62,0.12919340168054289,0.1275232434272766
99,1,63,0.16109863095558608,0.11766161769628525
99,1,64,0.124122753739357,0.11674878746271133
99,1,65,0.13858485565735743,0.11409115791320801
99,1,66,0.13737735754022232,0.11848592013120651
99,1,67,0.1262609139084816,0.11060205847024918
99,1,68,0.12328971205995633,0.11232703924179077
99,1,69,0.1377108979683656,0.10992559045553207
99,1,70,0.13187950591628367,0.1173223927617073
99,1,71,0.13103786626687416,0.11280792951583862
99,1,72,0.1201586161668484,0.11451280862092972
99,1,73,0.1269376392547901,0.11548265814781189
99,1,74,0.14991597544688445,0.10940561443567276
99,1,75,0.1276466095676789,0.10716493427753448
99,1,76,0.1355436727977716,0.11093582212924957
99,1,77,0.13177168025420263,0.11148131638765335
99,1,78,0.11625817131537658,0.10977037996053696
99,1,79,0.10693103476212575,0.10612078756093979
99,1,80,0.12369476831876315,0.10653842985630035
99,1,81,0.12049629023441902,0.1061006486415863
99,1,82,0.12656257015008193,0.10445050150156021
99,1,83,0.10192455551945247,0.10445832461118698
99,1,84,0.12158631476072165,0.10567855089902878
99,1,85,0.1182750274355595,0.10825441777706146
99,1,86,0.10993413311930803,0.10997875779867172
99,1,87,0.1133772748020979,0.10987764596939087
99,1,88,0.126841878088621,0.10969051718711853
99,1,89,0.1231152661717855,0.10308416932821274
99,1,90,0.11782087213717975,0.09838762134313583
99,1,91,0.10916518104764131,0.10188216716051102
99,1,92,0.12862306747298974,0.09793607890605927
99,1,93,0.11098806531383441,0.09800421446561813
99,1,94,0.11288246455100867,0.09825296700000763
99,1,95,0.12750157771202233,0.0986616387963295
99,1,96,0.12136553972959518,0.10134347528219223
99,1,97,0.11000250107966937,0.09769681096076965
99,1,98,0.1173399085035691,0.10131257027387619
99,1,99,0.11835722396006951,0.10161837935447693
99,1,100,0.11571768556649868,0.10281898081302643
99,1,101,0.11152023277603663,0.10294982045888901
99,1,102,0.11112766025158075,0.09939870983362198
99,1,103,0.12384840502188756,0.09994204342365265
99,1,104,0.11964420343820865,0.09598477929830551
99,1,105,0.1136355337042075,0.09547049552202225
99,1,106,0.11568350488176712,0.09449801594018936
99,1,107,0.11183981396830998,0.09756319969892502
99,1,108,0.12209314537736085,0.09741699695587158
99,1,109,0.10936547471926762,0.10020966827869415
99,1,110,0.10200055717275693,0.09858451783657074
99,1,111,0.10410320730163501,0.09657212346792221
99,1,112,0.11531664517063361,0.09754837304353714
99,1,113,0.11582282042274109,0.09696422517299652
99,1,114,0.12225331996495907,0.09733270853757858
99,1,115,0.10929326799053413,0.09446731209754944
99,1,116,0.12138425587461545,0.09580002725124359
99,1,117,0.10950381194169705,0.10200800746679306
99,1,118,0.11775041543520413,0.09977830201387405
99,1,119,0.1067356730882938,0.09653850644826889
99,1,120,0.10448896369108787,0.09326886385679245
99,1,121,0.10545583699758236,0.09248009324073792
99,1,122,0.10166361068303768,0.0961659699678421
99,1,123,0.10698641406802031,0.09652845561504364
99,1,124,0.11080569859880668,0.09295654296875
99,1,125,0.0982592638868552,0.09205669164657593
99,1,126,0.09684722326122798,0.09045819938182831
99,1,127,0.10667780557504067,0.09037431329488754
99,1,128,0.10069928805415447,0.09094907343387604
99,1,129,0.10080018152411167,0.08999017626047134
99,1,130,0.10204139380500866,0.09089422225952148
99,1,131,0.11526265568458118,0.09522223472595215
99,1,132,0.1045284322821177,0.09440525621175766
99,1,133,0.10853792153871976,0.09398247301578522
99,1,134,0.09812095933235608,0.09410347044467926
99,1,135,0.10316037959777392,0.09538658708333969
99,1,136,0.11146699035396943,0.09856324642896652
99,1,137,0.1100244762805792,0.09302125126123428
99,1,138,0.09939614196236317,0.09319087117910385
99,1,139,0.10220167728570792,0.0946119874715805
99,1,140,0.10021270267092265,0.09153801202774048
99,1,141,0.07974182699735348,0.09224498271942139
99,1,142,0.09907418632736573,0.09196017682552338
99,1,143,0.10025186664783038,0.09285654127597809
99,1,144,0.09920846069088349,0.0950738787651062
99,1,145,0.10519477180563487,0.09793974459171295
99,1,146,0.08967292767304641,0.0981072336435318
99,1,147,0.10783827791993435,0.09640466421842575
99,1,148,0.10222278220149186,0.0945332795381546
99,1,149,0.10442103531498176,0.09640244394540787
99,1,150,0.09362225148540276,0.09713245183229446
99,1,151,0.09464099831306018,0.09648554027080536
99,1,152,0.10209314697063886,0.09500795602798462
99,1,153,0.11331698699639393,0.09495840966701508
99,1,154,0.10081875152312793,0.09453614056110382
99,1,155,0.10354941567549339,0.09577862173318863
99,1,156,0.10428176304468742,0.09504307061433792
99,1,157,0.09858887270092964,0.09561870992183685
99,1,158,0.0905844451716313,0.09555114805698395
99,1,159,0.09929831555256477,0.09477519243955612
99,2,0,0.40760249816454375,0.4552326798439026
99,2,1,0.3870156178107628,0.45087453722953796
99,2,2,0.38336271047592163,0.44430845975875854
99,2,3,0.3928484206016247,0.4361364543437958
99,2,4,0.3903473202998822,0.42684614658355713
99,2,5,0.4272554023907735,0.4164416790008545
99,2,6,0.37907835153432995,0.404651015996933
99,2,7,0.37190690063513243,0.39188531041145325
99,2,8,0.3825795684869473,0.37865984439849854
99,2,9,0.39780399891046375,0.3633815050125122
99,2,10,0.3441762098899254,0.3484926223754883
99,2,11,0.32900773332669186,0.3338495194911957
99,2,12,0.35036682738707614,0.3179911673069
99,2,13,0.3375780295867186,0.3017142415046692
99,2,14,0.35147177829192233,0.28533631563186646
99,2,15,0.3093843964430002,0.26863428950309753
99,2,16,0.35613789695959824,0.2519458830356598
99,2,17,0.297099320934369,0.2363484501838684
99,2,18,0.28420205414295197,0.22295331954956055
99,2,19,0.2995768544765619,0.20839495956897736
99,2,20,0.26001347028292143,0.1960121989250183
99,2,21,0.2822543422763164,0.18468335270881653
99,2,22,0.24155285094793028,0.17300286889076233
99,2,23,0.26490081732089704,0.16644206643104553
99,2,24,0.2310709964770537,0.1669236123561859
99,2,25,0.2429112195968628,0.16645663976669312
99,2,26,0.22213195665524557,0.16781489551067352
99,2,27,0.22270943224430084,0.1703840047121048
99,2,28,0.22164937796501014,0.17072704434394836
99,2,29,0.2133620289655832,0.17549441754817963
99,2,30,0.20960484215846428,0.1742648482322693
99,2,31,0.2189545270342093,0.1758042573928833
99,2,32,0.16807876928494528,0.1686178743839264
99,2,33,0.21363191707776144,0.16230712831020355
99,2,34,0.1885747926739546,0.1640862226486206
99,2,35,0.18591634642619354,0.16021588444709778
99,2,36,0.20987043128563806,0.15507765114307404
99,2,37,0.19572412222623825,0.14792592823505402
99,2,38,0.17686655888190636,0.1517227590084076
99,2,39,0.18763832518687615,0.14382435381412506
99,2,40,0.18288008066324088,0.14977450668811798
99,2,41,0.17460635103858435,0.1373240053653717
99,2,42,0.1879573493049695,0.13358914852142334
99,2,43,0.1722921711894182,0.14151471853256226
99,2,44,0.14826617791102484,0.136734277009964
99,2,45,0.17952528595924377,0.13979347050189972
99,2,46,0.17210948352630323,0.14204925298690796
99,2,47,0.16524224499097237,0.12739142775535583
99,2,48,0.16634245388782942,0.12181497365236282
99,2,49,0.15654498969133085,0.12854163348674774
99,2,50,0.14449719396921304,0.1209488958120346
99,2,51,0.17412558026038683,0.11408771574497223
99,2,52,0.16828209047134107,0.11510314792394638
99,2,53,0.15182907076982352,0.10484380275011063
99,2,54,0.14138120298202222,0.10573843866586685
99,2,55,0.16105195077566,0.10032011568546295
99,2,56,0.14423088643413323,0.10679282248020172
99,2,57,0.13186734169721603,0.10329104214906693
99,2,58,0.14369285565156203,0.09995868802070618
99,2,59,0.1413466758452929,0.10312655568122864
99,2,60,0.1449092529140986,0.10091458261013031
99,2,61,0.15253914663424858,0.09759294986724854
99,2,62,0.13663500375472581,0.1020297259092331
99,2,63,0.12524835937298262,0.09818436950445175
99,2,64,0.14554025863225645,0.10400344431400299
99,2,65,0.13922402606560633,0.09470995515584946
99,2,66,0.13854125858499453,0.0925200805068016
99,2,67,0.1498785620698562,0.09585478156805038
99,2,68,0.12414424780469674,0.09344897419214249
99,2,69,0.1176041175539677,0.08985033631324768
99,2,70,0.12707885899222815,0.0902559757232666
99,2,71,0.1225099228322506,0.0897761881351471
99,2,72,0.11905406300838177,0.08638018369674683
99,2,73,0.12575403199746057,0.08718742430210114
99,2,74,0.13665310637309,0.0882028117775917
99,2,75,0.11966176846852669,0.08967388421297073
99,2,76,0.12799969831338295,0.08820948749780655
99,2,77,0.12597399204969406,0.0844443067908287
99,2,78,0.13013374175016695,0.09314673393964767
99,2,79,0.1435437294153067,0.09203199297189713
99,2,80,0.14107798498410445,0.0905655026435852
99,2,81,0.11684253152746421,0.08707855641841888
99,2,82,0.13474485650658607,0.0912090390920639
99,2,83,0.1262590976861807,0.08518534898757935
99,2,84,0.12088760991509144,0.0856899842619896
99,2,85,0.1433104844047473,0.08661060780286789
99,2,86,0.11774566798255993,0.0848100557923317
99,2,87,0.11576680523844865,0.08333977311849594
99,2,88,0.1123757680448202,0.08224985003471375
99,2,89,0.11464504668345818,0.08803071826696396
99,2,90,0.11185918691066596,0.08541266620159149
99,2,91,0.12822976593787855,0.08319306373596191
99,2,92,0.12352724086779815,0.08033136278390884
99,2,93,0.13040804862976074,0.08044592291116714
99,2,94,0.12089144209256539,0.08160672336816788
99,2,95,0.11506107879372743,0.08056241273880005
99,2,96,0.11547400057315826,0.0789952501654625
99,2,97,0.12145730050710532,0.08151872456073761
99,2,98,0.11389920745904629,0.0845106914639473
99,2,99,0.11412603637346855,0.08159457892179489
99,2,100,0.11192442534061578,0.08207473158836365
99,2,101,0.1163368268081775,0.08036269247531891
99,2,102,0.11828980795465983,0.08249253034591675
99,2,103,0.09600811423017429,0.07969950139522552
99,2,104,0.10740171344234394,0.07568702101707458
99,2,105,0.11559279205707404,0.07594519853591919
99,2,106,0.10567617043852806,0.07687175273895264
99,2,107,0.12375484607540645,0.07811763137578964
99,2,108,0.13199628259126955,0.07964488863945007
99,2,109,0.12323591628899941,0.08234083652496338
99,2,110,0.12195590797525185,0.0854267105460167
99,2,111,0.11986349780972187,0.08453669399023056
99,2,112,0.11457587291414921,0.08249977231025696
99,2,113,0.1137681480210561,0.0807686448097229
99,2,114,0.11258807721046302,0.0807998850941658
99,2,115,0.10256768505160625,0.07900316268205643
99,2,116,0.10580396165068333,0.07882311940193176
99,2,117,0.10355278419760558,0.07835337519645691
99,2,118,0.12116045332871951,0.0790061205625534
99,2,119,0.10435540257738186,0.0793786495923996
99,2,120,0.12288417638494419,0.07847490161657333
99,2,121,0.10450831170265491,0.07809268683195114
99,2,122,0.12105510039971425,0.0786486491560936
99,2,123,0.11411465475192437,0.08150225877761841
99,2,124,0.1067356515962344,0.08374213427305222
99,2,125,0.1028897799551487,0.08296123147010803
99,2,126,0.10617727385117458,0.08092450350522995
99,2,127,0.11739602455726036,0.08218300342559814
99,2,128,0.10069075398720227,0.08148319274187088
99,2,129,0.09557661213553868,0.08179330080747604
99,2,130,0.0964669264279879,0.08103389292955399
99,2,131,0.1055905598287399,0.08102535456418991
99,2,132,0.1030893913255288,0.08197548240423203
99,2,133,0.10577570188503999,0.08070563524961472
99,2,134,0.12074492040735024,0.08054234087467194
99,2,135,0.11001589292517075,0.08106610924005508
99,2,136,0.11349370015355256,0.08062578737735748
99,2,137,0.10463859370121589,0.07983697950839996
99,2,138,0.11238458122198398,0.08121715486049652
99,2,139,0.1064417167351796,0.07855770736932755
99,2,140,0.10628591449214862,0.07694844901561737
99,2,141,0.10470701524844536,0.07803504914045334
99,3,0,0.39311746335946596,0.43861353397369385
99,3,1,0.43393943172234756,0.43651556968688965
99,3,2,0.40074878014050996,0.4338478744029999
99,3,3,0.4613389464525076,0.4306546747684479
99,3,4,0.4118511092204314,0.42640480399131775
99,3,5,0.40441374824597287,0.42095983028411865
99,3,6,0.41818305391531724,0.4148922562599182
99,3,7,0.3867562963412358,0.40892496705055237
99,3,8,0.45100564337693727,0.4037903845310211
99,3,9,0.4252501749075376,0.3984053134918213
99,3,10,0.42019589933065266,0.39290523529052734
99,3,11,0.4292763425753667,0.38653409481048584
99,3,12,0.38466166991453904,0.3803193271160126
99,3,13,0.4114499745460657,0.37529608607292175
99,3,14,0.4307458847761154,0.36849480867385864
99,3,15,0.38970576226711273,0.3614450991153717
99,3,16,0.36699854410611665,0.35456955432891846
99,3,17,0.38439059601380277,0.34662511944770813
99,3,18,0.3656662381612338,0.3380993604660034
99,3,19,0.3375018932498418,0.3278692066669464
99,3,20,0.355958946622335,0.3182865381240845
99,3,21,0.34893594911465275,0.30513378977775574
99,3,22,0.31245419268424696,0.29037803411483765
99,3,23,0.3301276220725133,0.271873414516449
99,3,24,0.3249303847551346,0.24839460849761963
99,3,25,0.33599850076895493,0.22574114799499512
99,3,26,0.30747368645209533,0.20993220806121826
99,3,27,0.24425986753060266,0.19907858967781067
99,3,28,0.2749400826600882,0.19820015132427216
99,3,29,0.2747489156631323,0.20404842495918274
99,3,30,0.2594105624235593,0.20841503143310547
99,3,31,0.21589815731231982,0.20846568048000336
99,3,32,0.2647040457679675,0.20625901222229004
99,3,33,0.22064818843052939,0.21711838245391846
99,3,34,0.2172112212731288,0.21306389570236206
99,3,35,0.20311963099699754,0.2009459286928177
99,3,36,0.2322259212915714,0.20083679258823395
99,3,37,0.19573877522578606,0.1935887187719345
99,3,38,0.20204109240036744,0.18494915962219238
99,3,39,0.20349267812875602,0.1835578978061676
99,3,40,0.1956210617835705,0.17932195961475372
99,3,41,0.19090157919205153,0.17934437096118927
99,3,42,0.20500371719782168,0.17788468301296234
99,3,43,0.19547145183269793,0.18001481890678406
99,3,44,0.18568434910132334,0.17578551173210144
99,3,45,0.19923235304080522,0.1658310890197754
99,3,46,0.18116967036173895,0.16033686697483063
99,3,47,0.18298221895327935,0.1557435691356659
99,3,48,0.17790437604372317,0.15920880436897278
99,3,49,0.15470350476411673,0.157136470079422
99,3,50,0.16078819449131304,0.15123316645622253
99,3,51,0.181867448756328,0.14591702818870544
99,3,52,0.16658925952819678,0.1409895122051239
99,3,53,0.16048847712003267,0.137284517288208
99,3,54,0.12818190971246132,0.13305948674678802
99,3,55,0.15728608461526725,0.13272054493427277
99,3,56,0.14742874812621337,0.13469012081623077
99,3,57,0.156651615523375,0.12734459340572357
99,3,58,0.14171659430632225,0.12865962088108063
99,3,59,0.15758727548214105,0.12651999294757843
99,3,60,0.14310695288273004,0.12916015088558197
99,3,61,0.13857935254390424,0.12782612442970276
99,3,62,0.12799755197304946,0.1267988234758377
99,3,63,0.1287177474452899,0.12510167062282562
99,3,64,0.15993384558420914,0.12066300958395004
99,3,65,0.11991592181416658,0.11840584129095078
99,3,66,0.13590856068409407,0.11300422996282578
99,3,67,0.13519061184846437,0.10815943777561188
99,3,68,0.13436652347445488,0.10858921706676483
99,3,69,0.13481751198952013,0.11372687667608261
99,3,70,0.12762073943248162,0.11170393973588943
99,3,71,0.13900347168628985,0.11032406985759735
99,3,72,0.12966321064875677,0.11209649592638016
99,3,73,0.1234353264937034,0.11081021279096603
99,3,74,0.11953256680415227,0.11204798519611359
99,3,75,0.11115463020709845,0.10675878822803497
99,3,76,0.10770355680814156,0.1068321019411087
99,3,77,0.1149158884699528,0.10475452244281769
99,3,78,0.10954671754286839,0.10447665303945541
99,3,79,0.11702444003178523,0.10090521723031998
99,3,80,0.12439950784811607,0.10446847230195999
99,3,81,0.12186838170656791,0.10243546962738037
99,3,82,0.13181510854225892,0.10272252559661865
99,3,83,0.11609210131260064,0.10196683555841446
99,3,84,0.1048914841734446,0.10511057823896408
99,3,85,0.13749283494857642,0.09827923774719238
99,3,86,0.12440692719358665,0.1002114936709404
99,3,87,0.12451263918326451,0.10787305235862732
99,3,88,0.09733953326940536,0.10766001790761948
99,3,89,0.12258740342580356,0.11068841069936752
99,3,90,0.11634628703961006,0.1044086292386055
99,3,91,0.11810483754827426,0.10361646860837936
99,3,92,0.10870757039922935,0.10855063050985336
99,3,93,0.11216751428750846,0.10411161929368973
99,3,94,0.10884617498287788,0.10410431772470474
99,3,95,0.11695854079264861,0.10018333792686462
99,3,96,0.09684628907304543,0.10122232884168625
99,3,97,0.11436656289375745,0.10535192489624023
99,3,98,0.10826795032391182,0.10569727420806885
99,3,99,0.12155803866111316,0.09921126067638397
99,3,100,0.11065168420855816,0.09793677181005478
99,3,101,0.09936497360467911,0.09176439046859741
99,3,102,0.10772319940420297,0.09627193957567215
99,3,103,0.11066754850057456,0.10024707019329071
99,3,104,0.10155233282309312,0.09625787287950516
99,3,105,0.10753120424655768,0.09401293843984604
99,3,106,0.11071033890430744,0.09739070385694504
99,3,107,0.10915538382071716,0.09842891991138458
99,3,108,0.10714867567786804,0.10307735204696655
99,3,109,0.10188801099474613,0.09717492759227753
99,3,110,0.09912515030457424,0.09416420012712479
99,3,111,0.11718973746666542,0.09686325490474701
99,3,112,0.11175557885032433,0.09720905125141144
99,3,113,0.09473261093864074,0.09570354223251343
99,3,114,0.11192737290492424,0.09892167150974274
99,3,115,0.09970332596164483,0.10032673925161362
99,3,116,0.09979990583199722,0.09707029163837433
99,3,117,0.10280389281419608,0.09718052297830582
99,3,118,0.10904886344304451,0.10152930021286011
99,3,119,0.10165691547668897,0.09382664412260056
99,3,120,0.11261032063227433,0.09279106557369232
99,3,121,0.09690597853981532,0.09474270790815353
99,3,122,0.10866973233910707,0.09354090690612793
99,3,123,0.08878474711225583,0.09517494589090347
99,3,124,0.10695662406774667,0.0977008044719696
99,3,125,0.1056717407818024,0.10175538063049316
99,3,126,0.09189240605785297,0.09068169444799423
99,3,127,0.09375724855523843,0.08903509378433228
99,3,128,0.09529036054244408,0.09437646716833115
99,3,129,0.10258120756882888,0.09567373245954514
99,3,130,0.10606806324078487,0.09305641800165176
99,3,131,0.09072676644875453,0.09436993300914764
99,3,132,0.11302589968993114,0.09568284451961517
99,3,133,0.09667624475864264,0.09237252175807953
99,3,134,0.1013435019323459,0.09689925611019135
99,3,135,0.0996736058822045,0.09398937225341797
99,3,136,0.11951737879560544,0.10118940472602844
99,3,137,0.0999821275472641,0.10141345113515854
99,3,138,0.08304692804813385,0.09901010990142822
99,3,139,0.08897759163608918,0.1017877534031868
99,3,140,0.08551786238184342,0.09921782463788986
99,3,141,0.09937272822627655,0.09884081035852432
99,3,142,0.09299544330972892,0.09823587536811829
99,3,143,0.08735631119746429,0.09556929767131805
99,3,144,0.1109298186806532,0.09868042916059494
99,3,145,0.0885599095087785,0.09768418222665787
99,3,146,0.09407200435033211,0.09973301738500595
99,3,147,0.0933091167647105,0.09891444444656372
99,3,148,0.08674774548182121,0.09863121807575226
99,3,149,0.09709077185163131,0.09786325693130493
99,3,150,0.10426564084795806,0.09679357707500458
99,3,151,0.10094338196974534,0.10194731503725052
99,3,152,0.09630036984498684,0.09510882198810577
99,3,153,0.10699400277091907,0.09954899549484253
99,3,154,0.09919748397973868,0.10272163152694702
99,3,155,0.09032086626841472,0.10430559515953064
99,3,156,0.1038450779250035,0.10168705135583878
99,3,157,0.09957143306159057,0.09779506921768188
99,4,0,0.3918469720161878,0.4618602693080902
99,4,1,0.39465090804375136,0.45817944407463074
99,4,2,0.4204741338124642,0.4534907937049866
99,4,3,0.4356795560855132,0.4478122591972351
99,4,4,0.40046761012994325,0.441554456949234
99,4,5,0.4074039092430702,0.4346475303173065
99,4,6,0.40021320145863754,0.4267115890979767
99,4,7,0.3632122312600796,0.4180496633052826
99,4,8,0.40291333771668947,0.40945765376091003
99,4,9,0.4284235330728384,0.40071454644203186
99,4,10,0.32768175120537096,0.39191561937332153
99,4,11,0.357070912535374,0.3837250769138336
99,4,12,0.3733890297321173,0.3757048547267914
99,4,13,0.3741953567816661,0.36624017357826233
99,4,14,0.35607991424890667,0.3562728464603424
99,4,15,0.32719736059124654,0.3450367748737335
99,4,16,0.3296047093776556,0.33195510506629944
99,4,17,0.335497898551134,0.3181982636451721
99,4,18,0.3060770413050285,0.3054705262184143
99,4,19,0.2990646196099428,0.2934533357620239
99,4,20,0.32157102685708266,0.27552032470703125
99,4,21,0.3242130566101808,0.25873664021492004
99,4,22,0.3245502710342407,0.24230752885341644
99,4,23,0.271863015798422,0.2220526933670044
99,4,24,0.3022188005539087,0.20255273580551147
99,4,25,0.2657844779583124,0.18615253269672394
99,4,26,0.2873351785999078,0.17355746030807495
99,4,27,0.26435278126826656,0.16469615697860718
99,4,28,0.23800904876910722,0.15772734582424164
99,4,29,0.21998494405012864,0.15498770773410797
99,4,30,0.2741431278678087,0.1538432091474533
99,4,31,0.25285531924321103,0.15358379483222961
99,4,32,0.23738501851375288,0.157394677400589
99,4,33,0.21300620012558424,0.15183500945568085
99,4,34,0.19943082332611084,0.1447601020336151
99,4,35,0.22181737079070166,0.13842493295669556
99,4,36,0.2135919641989928,0.1374363899230957
99,4,37,0.2033284203364299,0.13474488258361816
99,4,38,0.2234484123495909,0.13002459704875946
99,4,39,0.18254383710714486,0.13070394098758698
99,4,40,0.17761906121785825,0.13347037136554718
99,4,41,0.16905694626844847,0.1356237530708313
99,4,42,0.19650836575489777,0.12612351775169373
99,4,43,0.16870581989104932,0.11979558318853378
99,4,44,0.16943590801495773,0.12434952706098557
99,4,45,0.16952770146039817,0.13076774775981903
99,4,46,0.16238904572450197,0.12094277888536453
99,4,47,0.16767318833332795,0.11710316687822342
99,4,48,0.14190349326683924,0.12319660931825638
99,4,49,0.13919210949769387,0.12583620846271515
99,4,50,0.14648432255937502,0.12436943501234055
99,4,51,0.14669681168519533,0.11712676286697388
99,4,52,0.1462996773994886,0.11648469418287277
99,4,53,0.13571257660022149,0.11748010665178299
99,4,54,0.12709252536296844,0.12323977798223495
99,4,55,0.1300476577419501,0.12069036066532135
99,4,56,0.1345366179369963,0.11868423968553543
99,4,57,0.11971410220632187,0.11460483074188232
99,4,58,0.12032418296887325,0.11433139443397522
99,4,59,0.12526249255125338,0.11391216516494751
99,4,60,0.1251490626197595,0.11561067402362823
99,4,61,0.1295333905861928,0.11525166034698486
99,4,62,0.12773672835184977,0.11309599131345749
99,4,63,0.11407399005614795,0.11607709527015686
99,4,64,0.14125343412160873,0.10919202864170074
99,4,65,0.1209763938990923,0.11074045300483704
99,4,66,0.11037684231996536,0.11028514802455902
99,4,67,0.1156311109662056,0.11037502437829971
99,4,68,0.12385344562622216,0.11335429549217224
99,4,69,0.12316138240007254,0.11242333054542542
99,4,70,0.11549940705299377,0.11152628064155579
99,4,71,0.12703123746009973,0.1140914112329483
99,4,72,0.1134141030219885,0.11376645416021347
99,4,73,0.12557170597406533,0.11446861177682877
99,4,74,0.11166374614605537,0.11423063278198242
99,4,75,0.111067584500863,0.1122601255774498
99,4,76,0.10778524755285336,0.11194512993097305
99,4,77,0.12256710804425754,0.10700985044240952
99,4,78,0.11652513650747445,0.11071306467056274
99,4,79,0.11014703661203384,0.10707737505435944
99,4,80,0.11146813487777343,0.10673021525144577
99,4,81,0.12197363147368798,0.10410928726196289
99,4,82,0.10467448286139049,0.10899102687835693
99,4,83,0.12096353792227231,0.10596411675214767
99,4,84,0.10246470112067002,0.11026684194803238
99,4,85,0.11696300139793983,0.11138565838336945
99,4,86,0.10219973039168578,0.10643688589334488
99,4,87,0.11570394039154053,0.10796354711055756
99,4,88,0.11664245506891838,0.11386079341173172
99,4,89,0.09834648668766022,0.10598122328519821
99,4,90,0.10808317850415523,0.10759538412094116
99,4,91,0.1090578525685347,0.10882703959941864
99,4,92,0.09362793771120217,0.10639391839504242
99,4,93,0.10198563566574684,0.10576580464839935
99,4,94,0.11051875897325002,0.1036166399717331
99,4,95,0.1007132544540442,0.10422568023204803
99,4,96,0.1107475244655059,0.10144224762916565
99,4,97,0.10083120717452122,0.10432028770446777
99,4,98,0.11090395026482068,0.10019439458847046
99,4,99,0.1059004131418008,0.10104887187480927
99,4,100,0.1054487658234743,0.1044146865606308
99,4,101,0.10058535721439582,0.10557718575000763
99,4,102,0.09430698534617057,0.10355281829833984
99,4,103,0.10204861198480313,0.11097072809934616
99,4,104,0.10280381830839011,0.10387308895587921
99,4,105,0.10174267137279877,0.10463235527276993
99,4,106,0.10856286808848381,0.10254063457250595
99,4,107,0.09602388510337242,0.10544697195291519
99,4,108,0.09909475308198196,0.10377642512321472
99,4,109,0.10971548436925961,0.10409180819988251
99,4,110,0.09140236331866337,0.10373376309871674
99,4,111,0.1010209723160817,0.10312069952487946
99,4,112,0.08760266177929364,0.10305105894804001
99,4,113,0.08730142907454418,0.0996483862400055
99,4,114,0.0889186652807089,0.09724732488393784
99,4,115,0.10437246555319199,0.10093986988067627
99,4,116,0.09842517370214829,0.09637941420078278
99,4,117,0.10322175776729217,0.1002579927444458
99,4,118,0.09471782210927743,0.09788209944963455
99,4,119,0.09002359096820538,0.09917113184928894
99,4,120,0.10858742204996255,0.10000324994325638
99,4,121,0.10052719998818177,0.09851351380348206
99,4,122,0.10940406872675969,0.10505258291959763
99,4,123,0.09366601390334275,0.10181619971990585
99,4,124,0.08625835552811623,0.09856948256492615
99,4,125,0.10071037537776507,0.09762907028198242
99,4,126,0.09630190667051536,0.10075581818819046
99,4,127,0.08406473151766337,0.10129626095294952
99,4,128,0.11105485976888584,0.103284552693367
99,4,129,0.10169618490796822,0.1000668928027153
99,4,130,0.09486345602915837,0.09964856505393982
99,4,131,0.08459583841837369,0.09975291788578033
99,4,132,0.09342134686616752,0.10257517546415329
99,4,133,0.08008044814834228,0.10188128054141998
99,4,134,0.08810376920379125,0.10446895658969879
99,4,135,0.0887508551375224,0.10073965042829514
99,4,136,0.0987471932402024,0.10301244258880615
99,4,137,0.10509878339675757,0.10295776277780533
99,4,138,0.08545921427699235,0.1032574251294136
99,4,139,0.09167377278208733,0.1015545055270195
99,4,140,0.08447297318623616,0.10473364591598511
99,4,141,0.100504503513758,0.09941389411687851
99,4,142,0.10796417181308453,0.10032171756029129
99,4,143,0.08618973080928509,0.10475986450910568
99,4,144,0.09486841238462008,0.10668691247701645
99,4,145,0.10980631668980305,0.1041046753525734
99,4,146,0.0959788400393266,0.10342361778020859
555,0,0,0.42569555112948787,0.4516229033470154
555,0,1,0.379446189564008,0.4461112320423126
555,0,2,0.4446796763401765,0.4380452036857605
555,0,3,0.4348754401390369,0.4281933009624481
555,0,4,0.44087964525589574,0.4168144762516022
555,0,5,0.3950454294681549,0.40347883105278015
555,0,6,0.3643017800954672,0.3892500698566437
555,0,7,0.37804061289017016,0.373064249753952
555,0,8,0.4041539545242603,0.3558267652988434
555,0,9,0.36473932976906115,0.33691972494125366
555,0,10,0.3403450617423424,0.3173469603061676
555,0,11,0.28806515955007994,0.29964813590049744
555,0,12,0.3622046961234166,0.28141993284225464
555,0,13,0.3230401065487128,0.263963520526886
555,0,14,0.31452171275248897,0.2490873634815216
555,0,15,0.30724763640990627,0.2359350174665451
555,0,16,0.30989320232317996,0.2240082025527954
555,0,17,0.31305329501628876,0.21139559149742126
555,0,18,0.2875914734143477,0.20135103166103363
555,0,19,0.29542109828728896,0.1942748874425888
555,0,20,0.2989746876634084,0.1881607323884964
555,0,21,0.2386922572667782,0.18859684467315674
555,0,22,0.23153664229007867,0.19235028326511383
555,0,23,0.22610182257799002,0.19343896210193634
555,0,24,0.24619071300213152,0.19283023476600647
555,0,25,0.23520906613423273,0.1905474066734314
555,0,26,0.23712413987288108,0.1862710863351822
555,0,27,0.23863911571410987,0.1844257265329361
555,0,28,0.2199533570271272,0.18633723258972168
555,0,29,0.2182415912930782,0.17854546010494232
555,0,30,0.22402590971726638,0.17044341564178467
555,0,31,0.20609701080964163,0.16603916883468628
555,0,32,0.2035423402602856,0.15900656580924988
555,0,33,0.18140998883889273,0.16181698441505432
555,0,34,0.20579315148867094,0.16475002467632294
555,0,35,0.19060313816253954,0.1579216867685318
555,0,36,0.1588431946360148,0.15826590359210968
555,0,37,0.18930132285906717,0.15881067514419556
555,0,38,0.19340348988771439,0.15969862043857574
555,0,39,0.18628507967178637,0.14889642596244812
555,0,40,0.17022401839494705,0.1497262567281723
555,0,41,0.15725868825729078,0.15035511553287506
555,0,42,0.16643724132042664,0.15911273658275604
555,0,43,0.14701097515913156,0.14996032416820526
555,0,44,0.17515496393808952,0.14723698794841766
555,0,45,0.15265321616943067,0.15134072303771973
555,0,46,0.16029394432329214,0.1490332931280136
555,0,47,0.1575328644651633,0.14490507543087006
555,0,48,0.15606439113616943,0.14422746002674103
555,0,49,0.12411195698838967,0.14167934656143188
555,0,50,0.16585098292965156,0.14409205317497253
555,0,51,0.15001729818490836,0.14238563179969788
555,0,52,0.15327525253479296,0.13484609127044678
555,0,53,0.14871874279700792,0.13477922976016998
555,0,54,0.12982120680121276,0.13603176176548004
555,0,55,0.13692603031030068,0.14119164645671844
555,0,56,0.12844774069694373,0.1424686163663864
555,0,57,0.1236207181444535,0.1574474424123764
555,0,58,0.1419846100302843,0.14410653710365295
555,0,59,0.13597731808057198,0.13734371960163116
555,0,60,0.14109657590205854,0.1392962783575058
555,0,61,0.13199447467923164,0.1385403573513031
555,0,62,0.14903775946452066,0.12899525463581085
555,0,63,0.12194695868171178,0.150985449552536
555,0,64,0.12921714668090528,0.1429220587015152
555,0,65,0.12646618141577795,0.14263571798801422
555,0,66,0.12452535331249237,0.1482510268688202
555,0,67,0.11753579286428598,0.1359216421842575
555,0,68,0.13297937753108832,0.14619360864162445
555,0,69,0.11978092789649963,0.14087119698524475
555,0,70,0.12489684212666291,0.13578031957149506
555,0,71,0.10619908657211524,0.13203410804271698
555,0,72,0.10792903716747577,0.12997378408908844
555,0,73,0.11378923402382778,0.13089388608932495
555,0,74,0.12387267041664857,0.13721930980682373
555,0,75,0.10919067607476161,0.14224350452423096
555,0,76,0.11439132862366162,0.1368713229894638
555,0,77,0.12971159357291,0.13315628468990326
555,0,78,0.10676638380839275,0.15208904445171356
555,0,79,0.09708925050038558,0.13515689969062805
555,0,80,0.11912125750229909,0.13389147818088531
555,0,81,0.11853369525991954,0.12946468591690063
555,0,82,0.10937622619362977,0.13040843605995178
555,0,83,0.10625756961794999,0.13710860908031464
555,0,84,0.11539111343713906,0.13278143107891083
555,0,85,0.10314071751557864,0.12954334914684296
555,0,86,0.10046612442686008,0.13995635509490967
555,0,87,0.11651213323840728,0.1438177078962326
555,0,88,0.11546807879438767,0.1347704827785492
555,0,89,0.10522757699856392,0.12777435779571533
555,0,90,0.1032982600423006,0.13934917747974396
555,0,91,0.1026240627353008,0.1245700791478157
555,0,92,0.094217009555835,0.13194330036640167
555,0,93,0.11485494100130521,0.1369614154100418
555,0,94,0.09259569673584057,0.1280500888824463
555,0,95,0.10502351075410843,0.13416114449501038
555,0,96,0.09780478133605076,0.136464923620224
555,0,97,0.10037989685168633,0.1445036679506302
555,0,98,0.09935455711988303,0.14315497875213623
555,0,99,0.09751022234559059,0.13345621526241302
555,0,100,0.09425943258863229,0.13015000522136688
555,0,101,0.10490996562517606,0.14009244740009308
555,0,102,0.1021247196656007,0.13252489268779755
555,0,103,0.11193334081998238,0.13660259544849396
555,0,104,0.10756330707898507,0.1380075216293335
555,0,105,0.10499063420754212,0.1323397308588028
555,0,106,0.10893311695410655,0.14281238615512848
555,0,107,0.09234114220509163,0.13580133020877838
555,0,108,0.10179221658752514,0.1380143016576767
555,0,109,0.09197208772485073,0.14154285192489624
555,0,110,0.09476449827735241,0.13748937845230103
555,0,111,0.09831902155509362,0.12591175734996796
555,0,112,0.10148967429995537,0.12657462060451508
555,0,113,0.10701112248576604,0.1309972107410431
555,0,114,0.08743843178336437,0.12737120687961578
555,0,115,0.1097582707611414,0.134955495595932
555,0,116,0.11117223592904898,0.12588201463222504
555,0,117,0.09748522020303287,0.13559459149837494
555,0,118,0.09475559655290383,0.1402275115251541
555,0,119,0.09212067494025597,0.13545678555965424
555,0,120,0.0792750922533182,0.13324302434921265
555,0,121,0.10176267360265438,0.12859423458576202
555,0,122,0.09503961354494095,0.13026316463947296
555,0,123,0.0916855982862986,0.13297230005264282
555,0,124,0.09863417996810032,0.13824854791164398
555,0,125,0.09844298058977494,0.1342204362154007
555,0,126,0.1061134602014835,0.1338517963886261
555,0,127,0.10379628034738395,0.1339595466852188
555,0,128,0.10782206259094752,0.1348850131034851
555,0,129,0.0830842382632769,0.13206210732460022
555,0,130,0.09621433885051654,0.13583898544311523
555,0,131,0.09861533315135883,0.13677607476711273
555,0,132,0.10303133238966648,0.14415068924427032
555,0,133,0.09284735471010208,0.1355210393667221
555,0,134,0.08713843129002131,0.13420553505420685
555,0,135,0.09264615837198037,0.13006813824176788
555,0,136,0.0717720535512154,0.13499915599822998
555,0,137,0.08951128704043534,0.13857164978981018
555,0,138,0.09619387869651501,0.14283104240894318
555,0,139,0.09830562025308609,0.13635854423046112
555,0,140,0.09541390033868644,0.1394900381565094
555,0,141,0.09411837103275153,0.13939712941646576
555,1,0,0.4266351300936479,0.5369403958320618
555,1,1,0.42373656309567964,0.5347732901573181
555,1,2,0.4219323843717575,0.5319721698760986
555,1,3,0.445048451423645,0.5289544463157654
555,1,4,0.44531956200416273,0.52536940574646
555,1,5,0.45707406332859624,0.5207041501998901
555,1,6,0.3893651423545984,0.5159371495246887
555,1,7,0.3950082384623014,0.5113263130187988
555,1,8,0.38613695823229277,0.505683183670044
555,1,9,0.3696169772973427,0.5004814863204956
555,1,10,0.3915100051806523,0.49454018473625183
555,1,11,0.39892858954576343,0.48897454142570496
555,1,12,0.3790497917395372,0.48272064328193665
555,1,13,0.3947803160318962,0.47614383697509766
555,1,14,0.37839319041142094,0.4690469205379486
555,1,15,0.42622979558431184,0.462740957736969
555,1,16,0.3730281201692728,0.4551319479942322
555,1,17,0.3800771259344541,0.4451368749141693
555,1,18,0.3406422699873264,0.43453872203826904
555,1,19,0.3627477219471565,0.4240262508392334
555,1,20,0.33162326079148513,0.4129170775413513
555,1,21,0.3440955040546564,0.3983859717845917
555,1,22,0.3360867202281952,0.379500150680542
555,1,23,0.34010348870204044,0.35904404520988464
555,1,24,0.3420826540543483,0.3312963545322418
555,1,25,0.30758440036040086,0.3030296564102173
555,1,26,0.2941962228371547,0.2753729224205017
555,1,27,0.314365800183553,0.23422376811504364
555,1,28,0.2965715676546097,0.199431374669075
555,1,29,0.2933141950231332,0.17629164457321167
555,1,30,0.25946518320303696,0.16214656829833984
555,1,31,0.21667944009487444,0.1507672667503357
555,1,32,0.2502704457594798,0.147462859749794
555,1,33,0.23283838824583933,0.13989533483982086
555,1,34,0.2227036551787303,0.13673801720142365
555,1,35,0.21781492691773635,0.13680635392665863
555,1,36,0.18935643652310738,0.13945114612579346
555,1,37,0.2162360233756212,0.136363685131073
555,1,38,0.20476197279416597,0.13848721981048584
555,1,39,0.19764019090395707,0.13501474261283875
555,1,40,0.20053167583850715,0.1346316933631897
555,1,41,0.1842419023697193,0.13791915774345398
555,1,42,0.17030716458192238,0.13555169105529785
555,1,43,0.1851449585877932,0.12949350476264954
555,1,44,0.16797711986761826,0.13108934462070465
555,1,45,0.16104872352801836,0.12918871641159058
555,1,46,0.1601554355942286,0.1297074407339096
555,1,47,0.1480619924572798,0.13270604610443115
555,1,48,0.16741434312783754,0.12868283689022064
555,1,49,0.13894019963649604,0.1206919252872467
555,1,50,0.2113721645795382,0.1240178793668747
555,1,51,0.15758294784105742,0.11699657887220383
555,1,52,0.14773038402199745,0.11351089924573898
555,1,53,0.15849580329198104,0.11395023763179779
555,1,54,0.15968600603250357,0.12471003085374832
555,1,55,0.14560363900202972,0.10615000128746033
555,1,56,0.15105483967524308,0.10011974722146988
555,1,57,0.13650312790503868,0.11358843743801117
555,1,58,0.14983433828904077,0.10427330434322357
555,1,59,0.13333949618614638,0.09998790174722672
555,1,60,0.15367584560926145,0.10932675004005432
555,1,61,0.13207064798245063,0.09113136678934097
555,1,62,0.13225150968019778,0.0863480418920517
555,1,63,0.13873389477913195,0.09698578715324402
555,1,64,0.1334535485276809,0.10053802281618118
555,1,65,0.13698192513906038,0.09469921886920929
555,1,66,0.14612148300959513,0.09701477736234665
555,1,67,0.1281774751842022,0.08170750737190247
555,1,68,0.1442691024679404,0.07940062135457993
555,1,69,0.1460655850286667,0.07450848072767258
555,1,70,0.11008545985588661,0.0746355652809143
555,1,71,0.12811936266147173,0.0765017420053482
555,1,72,0.12499680370092392,0.08174244314432144
555,1,73,0.12484412697645333,0.07760807126760483
555,1,74,0.1175738641848931,0.0764261931180954
555,1,75,0.1368168695614888,0.07586129009723663
555,1,76,0.14295315799804834,0.07851076871156693
555,1,77,0.11807287140534474,0.07890071719884872
555,1,78,0.12825835037689942,0.08195294439792633
555,1,79,0.1195969025676067,0.07141631096601486
555,1,80,0.12524819947206056,0.07749573886394501
555,1,81,0.11625705258204387,0.07856613397598267
555,1,82,0.11477526764457043,0.07713865488767624
555,1,83,0.1174120673766503,0.08081583678722382
555,1,84,0.11605300295811433,0.0822349414229393
555,1,85,0.11557410657405853,0.07302208244800568
555,1,86,0.1227832453755232,0.06895910203456879
555,1,87,0.12851560975496584,0.06674385815858841
555,1,88,0.12161927612928244,0.0627269595861435
555,1,89,0.11142154410481453,0.0766386091709137
555,1,90,0.11602183947196373,0.07027322798967361
555,1,91,0.10559542706379524,0.0644964948296547
555,1,92,0.1157681792974472,0.06354673951864243
555,1,93,0.10280737682030751,0.07069746404886246
555,1,94,0.12696474933853516,0.06885793060064316
555,1,95,0.1075915487912985,0.06604989618062973
555,1,96,0.11097331058520538,0.06461938470602036
555,1,97,0.10456848459748122,0.07400509715080261
555,1,98,0.10739323009665196,0.07085137069225311
555,1,99,0.11915825651242183,0.06790801137685776
555,1,100,0.1003820515022828,0.06396228820085526
555,1,101,0.11525711503166419,0.06726546585559845
555,1,102,0.11116618605760428,0.06546691060066223
555,1,103,0.0968327634036541,0.06663940101861954
555,1,104,0.11002752270836097,0.06776850670576096
555,1,105,0.11246023126519643,0.06869160383939743
555,1,106,0.10755419072050315,0.07269538193941116
555,1,107,0.10719399727307834,0.07162266969680786
555,1,108,0.11535598624211091,0.06979796290397644
555,1,109,0.11111704861888519,0.06516331434249878
555,1,110,0.10756871963922794,0.06454402208328247
555,1,111,0.10374610928388742,0.06532842665910721
555,1,112,0.09307974003828488,0.06649169325828552
555,1,113,0.10869412811902854,0.0776967778801918
555,1,114,0.1166690493432375,0.06664109975099564
555,1,115,0.10971978192146008,0.06471992284059525
555,1,116,0.10279538912268785,0.0684647187590599
555,1,117,0.10522534927496544,0.06853587925434113
555,1,118,0.09645278608569732,0.06920374929904938
555,1,119,0.09981154478513278,0.0647546797990799
555,1,120,0.09804757168659797,0.06599906086921692
555,1,121,0.09799444446196923,0.06802821159362793
555,1,122,0.10600401432468341,0.0679321363568306
555,1,123,0.09515279502822803,0.06654319167137146
555,1,124,0.09407392488076137,0.06486179679632187
555,1,125,0.10174545244528697,0.0641963854432106
555,1,126,0.10252891194361907,0.07237370312213898
555,1,127,0.10402280722673123,0.06668716669082642
555,1,128,0.1076830101127808,0.06495258212089539
555,1,129,0.10263938284837283,0.07207508385181427
555,1,130,0.09835312200280336,0.07556123286485672
555,1,131,0.10721139323252898,0.07225140929222107
555,1,132,0.10083314461203721,0.07167597860097885
555,1,133,0.09389582161719982,0.06555020809173584
555,1,134,0.09679485972111042,0.06721006333827972
555,1,135,0.1119103139409652,0.062049441039562225
555,1,136,0.09053425920697358,0.06633185595273972
555,1,137,0.10481410903426316,0.06870279461145401
555,1,138,0.09559137345506595,0.06830750405788422
555,1,139,0.1094303555213488,0.06618250906467438
555,1,140,0.11061173075666794,0.06645912677049637
555,1,141,0.1070120816047375,0.06433748453855515
555,1,142,0.09990032819601205,0.062268152832984924
555,1,143,0.10163718376022118,0.06126156449317932
555,1,144,0.10876414351738416,0.06299035996198654
555,1,145,0.09267557813571049,0.0633690133690834
555,1,146,0.0913832038640976,0.06449385732412338
555,1,147,0.09397049162250298,0.06315309554338455
555,1,148,0.11206185072660446,0.06411930173635483
555,1,149,0.10153153309455284,0.06241802126169205
555,1,150,0.09559775258486088,0.06268732994794846
555,1,151,0.10007391526148869,0.06324633955955505
555,1,152,0.09587221306103927,0.06273780763149261
555,1,153,0.1130583928181575,0.06407177448272705
555,1,154,0.09731899517086837,0.06251566857099533
555,1,155,0.10032724932982372,0.06108127906918526
555,1,156,0.09788745527084057,0.06004657596349716
555,1,157,0.09579678854117027,0.06034432724118233
555,1,158,0.09306165661949378,0.05938391387462616
555,1,159,0.10248461251075451,0.05706273764371872
555,1,160,0.08841564563604501,0.05882592871785164
555,1,161,0.09818225497236618,0.05743315815925598
555,1,162,0.08842211732497582,0.05991314351558685
555,1,163,0.08956653022995362,0.06075027212500572
555,1,164,0.08396595315291332,0.059028491377830505
555,1,165,0.09106291400698516,0.062084004282951355
555,1,166,0.10045703787070054,0.06442960351705551
555,1,167,0.09577413075245343,0.06390596181154251
555,1,168,0.09006494885453811,0.06451863795518875
555,1,169,0.10258101098812543,0.06348277628421783
555,1,170,0.10217891705150788,0.06482186168432236
555,1,171,0.09482328135233659,0.062897227704525
555,1,172,0.09420937958818215,0.06246589124202728
555,1,173,0.0883844239780536,0.06597182154655457
555,1,174,0.10455066223557179,0.06421150267124176
555,1,175,0.09999546981774844,0.06547347456216812
555,1,176,0.09511456667230679,0.06665603071451187
555,1,177,0.09407164930151059,0.07036072015762329
555,1,178,0.09180318850737351,0.06583092361688614
555,1,179,0.08351232254734406,0.06109919771552086
555,1,180,0.09675250746882878,0.06021551415324211
555,1,181,0.08568305636827762,0.060567013919353485
555,1,182,0.08483547745988919,0.060063719749450684
555,1,183,0.07690057387718788,0.061310991644859314
555,1,184,0.08837973039883834,0.061714883893728256
555,1,185,0.09872718040759747,0.06150210276246071
555,1,186,0.09991111377110848,0.06206175312399864
555,1,187,0.09413738147570537,0.06226789206266403
555,1,188,0.08657118076315293,0.06390420347452164
555,1,189,0.10460757091641426,0.06555672734975815
555,2,0,0.46746137279730576,0.4430100619792938
555,2,1,0.4025476024701045,0.4367483854293823
555,2,2,0.44608834844369155,0.42812564969062805
555,2,3,0.4836846635891841,0.41770994663238525
555,2,4,0.39583148520726424,0.4063057005405426
555,2,5,0.45037542856656587,0.3949469327926636
555,2,6,0.42632869573739857,0.38450193405151367
555,2,7,0.3999285354064061,0.3746168613433838
555,2,8,0.3699875691762337,0.3654959797859192
555,2,9,0.39156987919257236,0.35757777094841003
555,2,10,0.40264694278056806,0.35055699944496155
555,2,11,0.3857270914774675,0.34353989362716675
555,2,12,0.3677252668600816,0.33611807227134705
555,2,13,0.41590962272423965,0.32704317569732666
555,2,14,0.361155703663826,0.3168928325176239
555,2,15,0.34655630817780125,0.3065955936908722
555,2,16,0.34619574420727217,0.29572585225105286
555,2,17,0.33745039770236385,0.28184008598327637
555,2,18,0.3378553172716728,0.2662002444267273
555,2,19,0.32015709521678776,0.2518099248409271
555,2,20,0.3341945375387485,0.23692388832569122
555,2,21,0.29272074424303496,0.222545325756073
555,2,22,0.31923434138298035,0.20978036522865295
555,2,23,0.2733786427057706,0.19544601440429688
555,2,24,0.3269291829604369,0.18898402154445648
555,2,25,0.2822352355489364,0.18296276032924652
555,2,26,0.2874276294158055,0.17740894854068756
555,2,27,0.28440581491360295,0.17443948984146118
555,2,28,0.2144228254373257,0.17853064835071564
555,2,29,0.2593617748755675,0.1797606199979782
555,2,30,0.24048612610651895,0.1879812479019165
555,2,31,0.24740430827324206,0.19727210700511932
555,2,32,0.20079408356776604,0.2004026174545288
555,2,33,0.23050406517890784,0.2046029418706894
555,2,34,0.22482857910486367,0.19077813625335693
555,2,35,0.21809967549947593,0.19134843349456787
555,2,36,0.21336864278866693,0.19191020727157593
555,2,37,0.18679522837583834,0.1862688958644867
555,2,38,0.18061870336532593,0.18045596778392792
555,2,39,0.18153793823260528,0.17063270509243011
555,2,40,0.1912827044725418,0.16599850356578827
555,2,41,0.19611781548995239,0.16571125388145447
555,2,42,0.17743017581792977,0.17168767750263214
555,2,43,0.1863917771440286,0.16302092373371124
555,2,44,0.17984805829249895,0.15241296589374542
555,2,45,0.17432758670586807,0.16024762392044067
555,2,46,0.19700517906592444,0.14692284166812897
555,2,47,0.18770101895699134,0.14537082612514496
555,2,48,0.15312651372872865,0.14108872413635254
555,2,49,0.15889947918745187,0.1458255499601364
555,2,50,0.16003256061902413,0.1352536380290985
555,2,51,0.16995650587173608,0.13481996953487396
555,2,52,0.1718134438762298,0.13929101824760437
555,2,53,0.15319582361441392,0.13712604343891144
555,2,54,0.13678561322964156,0.12487027794122696
555,2,55,0.1413255290916333,0.13262684643268585
555,2,56,0.1497062691129171,0.1316450983285904
555,2,57,0.15273150343161362,0.1274375021457672
555,2,58,0.14997321768448904,0.12633323669433594
555,2,59,0.14514702959702566,0.11761406064033508
555,2,60,0.14100345281454232,0.12328534573316574
555,2,61,0.12509218202187464,0.12292949110269547
555,2,62,0.1369111380324914,0.12425228208303452
555,2,63,0.15470618697313163,0.11337453126907349
555,2,64,0.1345557670753736,0.1104976013302803
555,2,65,0.1343461716404328,0.11295824497938156
555,2,66,0.1423208272227874,0.1091698631644249
555,2,67,0.13626390752884057,0.1084875762462616
555,2,68,0.1296309043581669,0.11125907301902771
555,2,69,0.1490254488128882,0.11203952133655548
555,2,70,0.12399312338003746,0.11373443156480789
555,2,71,0.140070480796007,0.12286803126335144
555,2,72,0.11392158441818677,0.11178986728191376
555,2,73,0.13304196470058882,0.10539454966783524
555,2,74,0.11652065985477887,0.1067345067858696
555,2,75,0.11984940904837388,0.10148756206035614
555,2,76,0.10770441075930229,0.10322784632444382
555,2,77,0.1254230743417373,0.10896411538124084
555,2,78,0.12753782478662637,0.10633067786693573
555,2,79,0.1208118939628968,0.10323934257030487
555,2,80,0.11949228667295896,0.10566812008619308
555,2,81,0.12042485693326363,0.10798627138137817
555,2,82,0.1260630815074994,0.1060451790690422
555,2,83,0.1207569998044234,0.10838836431503296
555,2,84,0.10402425464529258,0.11266116797924042
555,2,85,0.11002378796155636,0.10971523821353912
555,2,86,0.13117240168727362,0.10813959687948227
555,2,87,0.12149184655684692,0.10890551656484604
555,2,88,0.11975866584823681,0.10233599692583084
555,2,89,0.10368811683012889,0.10514697432518005
555,2,90,0.11282335135799187,0.10508313030004501
555,2,91,0.11367211404901284,0.10790219157934189
555,2,92,0.10704536506762871,0.10074251145124435
555,2,93,0.12123798550321506,0.09777582436800003
555,2,94,0.10644661778440842,0.09989311546087265
555,2,95,0.10759041085839272,0.09969470649957657
555,2,96,0.11607853437845524,0.09885697066783905
555,2,97,0.10919271180262932,0.10142727941274643
555,2,98,0.10131761173789318,0.09758488833904266
555,2,99,0.10589712113142014,0.10206155478954315
555,2,100,0.09174617265279476,0.10274463891983032
555,2,101,0.10242433158250955,0.10508211702108383
555,2,102,0.1040524891935862,0.10326464474201202
555,2,103,0.11565739288926125,0.10597730427980423
555,2,104,0.11295389011502266,0.10439452528953552
555,2,105,0.1100110663817479,0.09863969683647156
555,2,106,0.10334361745760991,0.10055392980575562
555,2,107,0.0987839254622276,0.0973556712269783
555,2,108,0.11270019555321106,0.09824005514383316
555,2,109,0.0984123435157996,0.09761751443147659
555,2,110,0.10305128733699138,0.09919729828834534
555,2,111,0.10812092314545925,0.10511770099401474
555,2,112,0.09577523200557782,0.10070350021123886
555,2,113,0.11828376180850543,0.10127292573451996
555,2,114,0.10640702683192033,0.10318548232316971
555,2,115,0.11671882352003685,0.10183259099721909
555,2,116,0.1145383148239209,0.10216975957155228
555,2,117,0.09603269283588116,0.10573984682559967
555,2,118,0.10059820201534492,0.10077416151762009
555,2,119,0.09511264900748546,0.09779412299394608
555,2,120,0.08810684256828748,0.10205348581075668
555,2,121,0.09163408984358494,0.09701961278915405
555,2,122,0.10226530810961357,0.09946147352457047
555,2,123,0.09952627408962983,0.10117511451244354
555,2,124,0.10179225068825942,0.10473638772964478
555,2,125,0.09760099276900291,0.10132672637701035
555,2,126,0.0910590342604197,0.0994081199169159
555,2,127,0.10028484778908583,0.0976671501994133
555,2,128,0.08663361175702168,0.09542548656463623
555,2,129,0.10346180859666604,0.09668777137994766
555,2,130,0.09886459117898574,0.10018765181303024
555,2,131,0.09406845472179927,0.09897216409444809
555,2,132,0.10238632903649257,0.09780706465244293
555,2,133,0.09584448429254386,0.10083486139774323
555,2,134,0.09374966902228501,0.09450363367795944
555,2,135,0.10725249436039191,0.09768051654100418
555,2,136,0.09441385876673919,0.09808699041604996
555,2,137,0.09566796083862965,0.09779906272888184
555,2,138,0.09680257680324408,0.09656517952680588
555,2,139,0.08386756279147588,0.09664717316627502
555,2,140,0.08606335492088245,0.09869862347841263
555,2,141,0.11313892241853934,0.09883420169353485
555,2,142,0.09770716956028572,0.09866385906934738
555,2,143,0.09273871120352012,0.09889861196279526
555,2,144,0.10172068270353171,0.09692955762147903
555,2,145,0.10587850012458287,0.0962504968047142
555,2,146,0.0941710896216906,0.09575658291578293
555,2,147,0.09457850112364842,0.09527163207530975
555,2,148,0.07918109343602107,0.09639540314674377
555,2,149,0.09834804758429527,0.09831403940916061
555,2,150,0.08812250856023568,0.0995435044169426
555,2,151,0.09474843110029514,0.09957997500896454
555,2,152,0.08260789112402843,0.10055141896009445
555,2,153,0.09052962007430884,0.09711848944425583
555,2,154,0.10867140184228237,0.09655232727527618
555,2,155,0.10241218283772469,0.10002139955759048
555,2,156,0.09718398807140496,0.09980369359254837
555,2,157,0.09871873259544373,0.10019039362668991
555,2,158,0.09937467454717709,0.09735899418592453
555,2,159,0.1004738867855989,0.09777706116437912
555,2,160,0.10644236550881313,0.10014862567186356
555,2,161,0.09282905465135208,0.10065573453903198
555,2,162,0.09048394085122989,0.09899229556322098
555,2,163,0.1084015045601588,0.09952740371227264
555,2,164,0.09176846249745442,0.09828488528728485
555,3,0,0.36497149673792034,0.3935970962047577
555,3,1,0.4102708399295807,0.39224299788475037
555,3,2,0.36580782440992504,0.39031311869621277
555,3,3,0.4195393163424272,0.38805606961250305
555,3,4,0.37406516762880176,0.3854316771030426
555,3,5,0.35323376724353206,0.38237982988357544
555,3,6,0.39174412420162785,0.37870725989341736
555,3,7,0.40058963803144604,0.3744989037513733
555,3,8,0.3798744724347041,0.3702579736709595
555,3,9,0.38667972729756284,0.3654375672340393
555,3,10,0.3941395729780197,0.36081716418266296
555,3,11,0.3880016402556346,0.35607048869132996
555,3,12,0.41897125427539533,0.3509673476219177
555,3,13,0.36749950165931994,0.34579703211784363
555,3,14,0.3727792948484421,0.34020206332206726
555,3,15,0.3746444766338055,0.3338145613670349
555,3,16,0.2886941536114766,0.32629111409187317
555,3,17,0.321212567962133,0.31930288672447205
555,3,18,0.35297821347530073,0.3102973699569702
555,3,19,0.358906993499169,0.2984376847743988
555,3,20,0.358674026452578,0.286255806684494
555,3,21,0.3121168682208428,0.2715843617916107
555,3,22,0.3381722764326976,0.253917932510376
555,3,23,0.299340128325499,0.23302996158599854
555,3,24,0.3247890988221535,0.21003364026546478
555,3,25,0.2864046727235501,0.18420353531837463
555,3,26,0.26428108662366867,0.16578197479248047
555,3,27,0.28605915147524613,0.15602262318134308
555,3,28,0.28089593465511614,0.16043725609779358
555,3,29,0.26522273971484256,0.1719864159822464
555,3,30,0.22901979088783264,0.18628430366516113
555,3,31,0.23142245813057974,0.18280839920043945
555,3,32,0.21163267011825854,0.16913683712482452
555,3,33,0.2234943503370652,0.16520434617996216
555,3,34,0.20096113819342393,0.17722965776920319
555,3,35,0.22393744324262327,0.1723855584859848
555,3,36,0.21341431599396926,0.16152699291706085
555,3,37,0.19793219176622537,0.16526482999324799
555,3,38,0.18929030918158019,0.1502784788608551
555,3,39,0.21750490138163933,0.16234716773033142
555,3,40,0.16736533893988684,0.17748036980628967
555,3,41,0.1642034987990673,0.1706545054912567
555,3,42,0.18991519396121687,0.1464427262544632
555,3,43,0.18613662685339266,0.13761571049690247
555,3,44,0.1596925321679849,0.13504183292388916
555,3,45,0.16931574505109054,0.14055392146110535
555,3,46,0.17286177695943758,0.1199617013335228
555,3,47,0.18143962552914253,0.12755069136619568
555,3,48,0.16700950981332705,0.13030169904232025
555,3,49,0.1627012359408232,0.11457834392786026
555,3,50,0.1536045022881948,0.13105887174606323
555,3,51,0.15746276997602904,0.11451368033885956
555,3,52,0.1818241018515367,0.10259169340133667
555,3,53,0.16738630258120024,0.10538163036108017
555,3,54,0.16380098175544006,0.10719563066959381
555,3,55,0.17627666575404313,0.09597405791282654
555,3,56,0.1422800593651258,0.0988970547914505
555,3,57,0.1362303220308744,0.1020798459649086
555,3,58,0.15023182876981223,0.09444340318441391
555,3,59,0.15278444869013932,0.09659628570079803
555,3,60,0.17588575356281722,0.09793585538864136
555,3,61,0.14314244859493697,0.08382255584001541
555,3,62,0.13285309735399026,0.08774535357952118
555,3,63,0.1695383363045179,0.08765903115272522
555,3,64,0.14046082416406044,0.08129147440195084
555,3,65,0.15553236810060647,0.08554442226886749
555,3,66,0.11754443209904891,0.09029782563447952
555,3,67,0.14031100674317434,0.08117976784706116
555,3,68,0.13745563534589914,0.07735493034124374
555,3,69,0.1356098995758937,0.0811251699924469
555,3,70,0.13020010349842218,0.08577390015125275
555,3,71,0.13288947424063316,0.07941790670156479
555,3,72,0.14067056373907968,0.08537959307432175
555,3,73,0.14347953005478933,0.09193799644708633
555,3,74,0.13152717884916526,0.09006574749946594
555,3,75,0.13359212359556785,0.08340431749820709
555,3,76,0.13227132650522086,0.09004002809524536
555,3,77,0.12686020651688942,0.08494545519351959
555,3,78,0.13818380064689195,0.08468175679445267
555,3,79,0.139984453526827,0.08511439710855484
555,3,80,0.13924421685246322,0.08620499074459076
555,3,81,0.13517252069253188,0.08699404448270798
555,3,82,0.12477929173753811,0.09365412592887878
555,3,83,0.11755559708063419,0.07977177202701569
555,3,84,0.1188545456299415,0.07807762920856476
555,3,85,0.09941227906025372,0.08375126123428345
555,3,86,0.11919536326940243,0.09439773112535477
555,3,87,0.120042717227569,0.08705788850784302
555,3,88,0.11317323320187055,0.08421798795461655
555,3,89,0.11644660251644942,0.08664100617170334
555,3,90,0.12041529153402035,0.08742309361696243
555,3,91,0.1258248514853991,0.07784184068441391
555,3,92,0.11702860949131158,0.07607841491699219
555,3,93,0.1207150318301641,0.07938073575496674
555,3,94,0.12975306178514773,0.07968559861183167
555,3,95,0.11801669230827919,0.07685434073209763
555,3,96,0.11494313065822308,0.07588369399309158
555,3,97,0.10314814631755535,0.08398516476154327
555,3,98,0.11896197268596062,0.07879240065813065
555,3,99,0.12231416971637653,0.07884536683559418
555,3,100,0.11566895533066529,0.07963227480649948
555,3,101,0.10369271842332986,0.07491283118724823
555,3,102,0.1146537300485831,0.08823908120393753
555,3,103,0.12152632039326888,0.08859214186668396
555,3,104,0.12017825847634903,0.0944451242685318
555,3,105,0.10800855033672772,0.0811585858464241
555,3,106,0.10308963805437088,0.08677523583173752
555,3,107,0.10837223552740537,0.07971397042274475
555,3,108,0.10700602886768487,0.08249004185199738
555,3,109,0.13156454580334517,0.07774798572063446
555,3,110,0.11622883436771539,0.07117130607366562
555,3,111,0.11001745324868423,0.07651425898075104
555,3,112,0.10302812376847634,0.08244878798723221
555,3,113,0.10995072011764233,0.07518382370471954
555,3,114,0.11434663631595098,0.07290492206811905
555,3,115,0.0935127786718882,0.0782422199845314
555,3,116,0.10055808894909345,0.07246516644954681
555,3,117,0.11221655228963265,0.06903933733701706
555,3,118,0.1197091404062051,0.07345765829086304
555,3,119,0.12292757028570542,0.0749969333410263
555,3,120,0.11279978603124619,0.07902766764163971
555,3,121,0.12133923230262902,0.07576211541891098
555,3,122,0.10701994254038884,0.07018892467021942
555,3,123,0.10048021605381599,0.07484165579080582
555,3,124,0.11830165523749131,0.08140110969543457
555,3,125,0.09900000204260533,0.07454966008663177
555,3,126,0.1103492986697417,0.0756973996758461
555,3,127,0.10693465832334298,0.07901199162006378
555,3,128,0.10610786825418472,0.07769595086574554
555,3,129,0.12475965716517888,0.08014386892318726
555,3,130,0.10762936650560452,0.08196433633565903
555,3,131,0.10106502731259052,0.07985249906778336
555,3,132,0.12077101262716147,0.07647887617349625
555,3,133,0.09889300883962558,0.07218854129314423
555,3,134,0.1011773138665236,0.07407710701227188
555,3,135,0.10083286693462959,0.0839117169380188
555,3,136,0.09519905711595829,0.08089931309223175
555,3,137,0.10790717859680836,0.07720831781625748
555,3,138,0.11204271362378047,0.07513933628797531
555,3,139,0.11052561092835206,0.0788441076874733
555,3,140,0.11223936396149489,0.07597701996564865
555,3,141,0.09631302078756002,0.07930990308523178
555,3,142,0.10092355138980426,0.07611333578824997
555,3,143,0.12222617062238547,0.07709755003452301
555,3,144,0.09614014711517554,0.07896546274423599
555,3,145,0.10541252677257244,0.07506014406681061
555,3,146,0.10193475593741123,0.07708238065242767
555,3,147,0.08681957996808566,0.07747577130794525
555,4,0,0.4268133021317996,0.4529184401035309
555,4,1,0.39069705169934493,0.4485156834125519
555,4,2,0.4174787952349736,0.44330844283103943
555,4,3,0.4022312737428225,0.4370856285095215
555,4,4,0.3913688797217149,0.42961522936820984
555,4,5,0.3752887730415051,0.42202332615852356
555,4,6,0.38145850942685056,0.41372302174568176
555,4,7,0.37705637285342586,0.40534186363220215
555,4,8,0.36086124640244704,0.39724892377853394
555,4,9,0.37970457856471723,0.3898255228996277
555,4,10,0.3530673189805104,0.38173791766166687
555,4,11,0.3496271406228726,0.3753598928451538
555,4,12,0.3628851438944156,0.3686673045158386
555,4,13,0.3420401238478147,0.3622492551803589
555,4,14,0.34906639273350054,0.355008065700531
555,4,15,0.3454072200334989,0.3468431830406189
555,4,16,0.3713410049676895,0.3364313542842865
555,4,17,0.3498313816694113,0.3252488970756531
555,4,18,0.3130214042388476,0.3123052716255188
555,4,19,0.30800136637229186,0.29988327622413635
555,4,20,0.313925176858902,0.2863171100616455
555,4,21,0.33995539523088014,0.26838040351867676
555,4,22,0.32197945622297436,0.24830873310565948
555,4,23,0.31458843785982865,0.22685596346855164
555,4,24,0.3024769024207042,0.20200498402118683
555,4,25,0.28619173856881946,0.17721673846244812
555,4,26,0.3004369300145369,0.1606716811656952
555,4,27,0.2644218160555913,0.1487054079771042
555,4,28,0.2587543215889197,0.1412123143672943
555,4,29,0.25493875031287855,0.13343366980552673
555,4,30,0.2167433763925846,0.1266348958015442
555,4,31,0.21688252286269114,0.12165691703557968
555,4,32,0.2206533975326098,0.11506608128547668
555,4,33,0.19916662459190076,0.11164022982120514
555,4,34,0.22061068163468286,0.11024585366249084
555,4,35,0.20285765941326434,0.10921682417392731
555,4,36,0.22212004145750633,0.10900755971670151
555,4,37,0.20315729597440133,0.10855112224817276
555,4,38,0.19188644278507966,0.10882674157619476
555,4,39,0.19725278077217248,0.10636918991804123
555,4,40,0.17974815231103164,0.10874079912900925
555,4,41,0.17788892468580833,0.10793362557888031
555,4,42,0.17708619913229576,0.108610138297081
555,4,43,0.1923352680527247,0.10918767750263214
555,4,44,0.17800957938799492,0.1096610501408577
555,4,45,0.16134803971418968,0.1067364290356636
555,4,46,0.16890486788291198,0.10418125241994858
555,4,47,0.17129089683294296,0.10154054313898087
555,4,48,0.16921416039650256,0.10078438371419907
555,4,49,0.14223293444285026,0.10220607370138168
555,4,50,0.16906924459796685,0.10199303179979324
555,4,51,0.16618744455851042,0.09997124969959259
555,4,52,0.1483560479604281,0.09794364124536514
555,4,53,0.14451083454948205,0.10219186544418335
555,4,54,0.14964051430041975,0.10541483014822006
555,4,55,0.15655896124931482,0.09861873835325241
555,4,56,0.14717065829497117,0.09634237736463547
555,4,57,0.14276981697632715,0.09935275465250015
555,4,58,0.12980843650606963,0.09893729537725449
555,4,59,0.14594507876497048,0.1055937260389328
555,4,60,0.145098419716725,0.0954524353146553
555,4,61,0.13927095412061766,0.09533777832984924
555,4,62,0.1269985500436563,0.09436570852994919
555,4,63,0.14943257661966178,0.09524452686309814
555,4,64,0.15893235286841026,0.09757119417190552
555,4,65,0.15093790223965278,0.09520949423313141
555,4,66,0.13564982236577913,0.09451833367347717
555,4,67,0.13199733312313372,0.0942651629447937
555,4,68,0.1283855581512818,0.09227827191352844
555,4,69,0.13692121150401923,0.09160370379686356
555,4,70,0.12972852988885,0.09181007742881775
555,4,71,0.11428747096887001,0.09356693923473358
555,4,72,0.1168151621062022,0.09307461231946945
555,4,73,0.11893773193542774,0.09448075294494629
555,4,74,0.12745845661713526,0.09907984733581543
555,4,75,0.13282973176011673,0.09386476874351501
555,4,76,0.1204258894117979,0.09049911051988602
555,4,77,0.1277334397801986,0.08984152972698212
555,4,78,0.11347622997485675,0.08988691121339798
555,4,79,0.1209650575541533,0.08865125477313995
555,4,80,0.11394635759867154,0.09146598726511002
555,4,81,0.11106672653785118,0.09265467524528503
555,4,82,0.12423330516769336,0.0891495868563652
555,4,83,0.12967994579902062,0.09024166315793991
555,4,84,0.11669929784077865,0.0891067162156105
555,4,85,0.12669994252232405,0.09235230088233948
555,4,86,0.11377292355665794,0.09181919693946838
555,4,87,0.11945931154948014,0.09341586381196976
555,4,88,0.11980724764557985,0.09190304577350616
555,4,89,0.1044526704801963,0.09509819746017456
555,4,90,0.1148075799529369,0.09312984347343445
555,4,91,0.12638852028892592,0.09400708228349686
555,4,92,0.10340176981229049,0.09198924154043198
555,4,93,0.10688093018073302,0.08874886482954025
555,4,94,0.10717199456233245,0.09008995443582535
555,4,95,0.10168687311502603,0.09040869027376175
555,4,96,0.11370552904330768,0.09231031686067581
555,4,97,0.09831693682533044,0.08819185942411423
555,4,98,0.09575488590277158,0.08855336904525757
555,4,99,0.11421457592111367,0.08465304970741272
555,4,100,0.09699444358165447,0.0878145694732666
555,4,101,0.11801315013032693,0.088904969394207
555,4,102,0.11306173239762966,0.08881045132875443
555,4,103,0.1089423533815604,0.08808151632547379
555,4,104,0.10905897703308326,0.08544770628213882
555,4,105,0.09971044585108757,0.08862809091806412
555,4,106,0.11464023647400048,0.08480588346719742
555,4,107,0.1062662865106876,0.08556172996759415
555,4,108,0.1091065088716837,0.0839538499712944
555,4,109,0.11113180105502789,0.08452282845973969
555,4,110,0.10456164209888531,0.08785389363765717
555,4,111,0.10289708410318081,0.08508381247520447
555,4,112,0.09860811554468595,0.08096008747816086
555,4,113,0.08502508212740605,0.08392708748579025
555,4,114,0.09615005667393024,0.08625475317239761
555,4,115,0.08529362483666493,0.08301043510437012
555,4,116,0.10353023902728008,0.08188401162624359
555,4,117,0.1131259839122112,0.08242928236722946
555,4,118,0.10137068709501854,0.08417636156082153
555,4,119,0.11791333498863074,0.08236944675445557
555,4,120,0.10478279682306144,0.0848264992237091
555,4,121,0.11222266520445164,0.08182664960622787
555,4,122,0.09384208229871896,0.08222752064466476
555,4,123,0.11578845748534569,0.08230631798505783
555,4,124,0.11053956672549248,0.0847109705209732
555,4,125,0.10504763745344602,0.08391488343477249
555,4,126,0.11388503244289985,0.08548483997583389
555,4,127,0.10979263914319184,0.08696958422660828
555,4,128,0.10377009041034259,0.08721930533647537
555,4,129,0.09123474760697438,0.08818240463733673
555,4,130,0.09585976228117943,0.08769819140434265
555,4,131,0.09254593373491214,0.08676309883594513
555,4,132,0.09860599241577662,0.08848916739225388
555,4,133,0.10521627504091996,0.08995763212442398
555,4,134,0.10363000430739842,0.08550310134887695
555,4,135,0.10462432268720406,0.08442468196153641
555,4,136,0.1032711138518957,0.08754540234804153
555,4,137,0.09835322459156697,0.08855466544628143
555,4,138,0.10448482833229579,0.08879716694355011
555,4,139,0.10099016416531342,0.08818597346544266
555,4,140,0.10712561985621086,0.08771553635597229
555,4,141,0.10619314817281869,0.08728890866041183
555,4,142,0.1038691894366191,0.08984031528234482
888,0,0,0.41165034816815305,0.446586012840271
888,0,1,0.4120226456568791,0.44272035360336304
888,0,2,0.38101405134567845,0.43727535009384155
888,0,3,0.37598176243213505,0.4316810667514801
888,0,4,0.39743615228396195,0.4251677393913269
888,0,5,0.4219029029974571,0.41763365268707275
888,0,6,0.38312126925358403,0.4087963402271271
888,0,7,0.38147638738155365,0.4004042148590088
888,0,8,0.40108628685657793,0.3900044560432434
888,0,9,0.421870252260795,0.3796512484550476
888,0,10,0.37595116862883937,0.3690185248851776
888,0,11,0.34947747450608474,0.35674983263015747
888,0,12,0.35052960423322826,0.3448706269264221
888,0,13,0.35691872582985806,0.3324184715747833
888,0,14,0.3776192550475781,0.3179490268230438
888,0,15,0.33458489981981426,0.30342039465904236
888,0,16,0.3534193222339337,0.2890569269657135
888,0,17,0.3057230137861692,0.2736866772174835
888,0,18,0.3292432702504672,0.25730350613594055
888,0,19,0.31960233128987825,0.2407628297805786
888,0,20,0.310267659334036,0.22641681134700775
888,0,21,0.30373715551999897,0.2134956270456314
888,0,22,0.31340366487319654,0.20242968201637268
888,0,23,0.2341876534315256,0.1957223117351532
888,0,24,0.2441700198329412,0.18929654359817505
888,0,25,0.24388074760253614,0.18118372559547424
888,0,26,0.2826895175071863,0.17451807856559753
888,0,27,0.2631471363397745,0.17160362005233765
888,0,28,0.2554786463196461,0.17148540914058685
888,0,29,0.24480710121301505,0.16830362379550934
888,0,30,0.23388608143879816,0.16868498921394348
888,0,31,0.21339049763404405,0.17749746143817902
888,0,32,0.2487138922397907,0.16637185215950012
888,0,33,0.2198780763607759,0.1581965833902359
888,0,34,0.20969716631449187,0.15673212707042694
888,0,35,0.23045445749392876,0.14995713531970978
888,0,36,0.22736311531983888,0.1500406563282013
888,0,37,0.17398118800841844,0.14773638546466827
888,0,38,0.18423391076234671,0.14478032290935516
888,0,39,0.2022815512923094,0.14322973787784576
888,0,40,0.18659799947188452,0.14223802089691162
888,0,41,0.1713089942932129,0.1395025998353958
888,0,42,0.18535672930570748,0.14162331819534302
888,0,43,0.17763186131532377,0.13837818801403046
888,0,44,0.1577354079255691,0.13920418918132782
888,0,45,0.1599041372537613,0.13290245831012726
888,0,46,0.15561017508690173,0.13459356129169464
888,0,47,0.15047954939878905,0.13287211954593658
888,0,48,0.16854301610818276,0.1259489506483078
888,0,49,0.15715704972927386,0.12859848141670227
888,0,50,0.15877211495087698,0.12472037971019745
888,0,51,0.1636064940920243,0.12522922456264496
888,0,52,0.15948630067018363,0.12120770663022995
888,0,53,0.14243146375967905,0.11991749703884125
888,0,54,0.15041664414680922,0.12071076780557632
888,0,55,0.18179463709776217,0.12355303764343262
888,0,56,0.15730111874066866,0.12303759157657623
888,0,57,0.14543147155871758,0.12674814462661743
888,0,58,0.13914455416110846,0.12609854340553284
888,0,59,0.12085137201043275,0.12190720438957214
888,0,60,0.12720931436006838,0.12322988361120224
888,0,61,0.13731162536602753,0.1169126108288765
888,0,62,0.12057356880261348,0.12447400391101837
888,0,63,0.1351368948817253,0.12109538167715073
888,0,64,0.14415021355335528,0.1244722381234169
888,0,65,0.15041104417580825,0.11853247135877609
888,0,66,0.13060742874558157,0.1213734969496727
888,0,67,0.12361357934199847,0.1169423833489418
888,0,68,0.13638029132898039,0.11690478771924973
888,0,69,0.13793471742134827,0.11527387797832489
888,0,70,0.1386022547689768,0.11746245622634888
888,0,71,0.1291385358915879,0.11381784826517105
888,0,72,0.1351699811907915,0.11228515207767487
888,0,73,0.14080406496158013,0.11359353363513947
888,0,74,0.11798127540029012,0.11176493018865585
888,0,75,0.11281846836209297,0.11152968555688858
888,0,76,0.11878832429647446,0.11042539030313492
888,0,77,0.1289381215778681,0.11170876026153564
888,0,78,0.11831381343878232,0.11088303476572037
888,0,79,0.13334968170294395,0.11172851175069809
888,0,80,0.13273409066291955,0.10886693000793457
888,0,81,0.12375009461091115,0.11249349266290665
888,0,82,0.11610900839933982,0.1147637814283371
888,0,83,0.1235097274184227,0.10847388207912445
888,0,84,0.12147295818879054,0.10843963921070099
888,0,85,0.11975264377318896,0.11278007924556732
888,0,86,0.1113212747642627,0.11029477417469025
888,0,87,0.12782702394402945,0.10670050978660583
888,0,88,0.1049894426877682,0.10561130195856094
888,0,89,0.10449003428220749,0.10884424299001694
888,0,90,0.10781786820063224,0.10808144509792328
888,0,91,0.10913379862904549,0.10674738138914108
888,0,92,0.10817784328873341,0.1074066162109375
888,0,93,0.10978752603897682,0.10501854121685028
888,0,94,0.12038428823535259,0.10630621761083603
888,0,95,0.12720570741937712,0.1096787378191948
888,0,96,0.10931985309490791,0.10561569035053253
888,0,97,0.1087283156812191,0.11530380696058273
888,0,98,0.11518299579620361,0.10995420813560486
888,0,99,0.12322734812131295,0.11038009077310562
888,0,100,0.10212047025561333,0.11208374798297882
888,0,101,0.1134405514368644,0.10370233654975891
888,0,102,0.11264849740725297,0.10703731328248978
888,0,103,0.110567173992212,0.1048864871263504
888,0,104,0.09015227682315387,0.10627393424510956
888,0,105,0.10672542395500037,0.10609633475542068
888,0,106,0.10883562180858392,0.10270359367132187
888,0,107,0.10187054654726616,0.10569601505994797
888,0,108,0.10341791006234977,0.10289453715085983
888,0,109,0.1179151156773934,0.10290902107954025
888,0,110,0.08899226870674354,0.09988460689783096
888,0,111,0.096277066721366,0.10272305458784103
888,0,112,0.11091142864181446,0.09963402897119522
888,0,113,0.08952703527533092,0.10057362169027328
888,0,114,0.10813992327222458,0.10309575498104095
888,0,115,0.09565687809999172,0.10372484475374222
888,0,116,0.13276149504459822,0.09779492765665054
888,0,117,0.0989370122551918,0.10118898004293442
888,0,118,0.0961310938000679,0.10572783648967743
888,0,119,0.10518053259987098,0.09938745200634003
888,0,120,0.11154213605018762,0.10492638498544693
888,0,121,0.09691143637666336,0.10282199829816818
888,0,122,0.10907086128225693,0.1057707890868187
888,0,123,0.0940365086381252,0.10544197261333466
888,0,124,0.09846147149801254,0.10470360517501831
888,0,125,0.10124751954124524,0.10185009986162186
888,0,126,0.09546590682405692,0.10147858411073685
888,0,127,0.09172980172129777,0.09948214143514633
888,0,128,0.10333305196120189,0.10053574293851852
888,0,129,0.09875205531716347,0.10468409210443497
888,0,130,0.0841679131755462,0.10081703960895538
888,0,131,0.09253858717588279,0.1037876307964325
888,0,132,0.0996167017863347,0.10154884308576584
888,0,133,0.09890151453705934,0.0990859642624855
888,0,134,0.10170811586655103,0.10376697033643723
888,0,135,0.10740504069970204,0.09573020040988922
888,0,136,0.10305921848003681,0.1003967821598053
888,0,137,0.08761516929819034,0.09820322692394257
888,0,138,0.09863671660423279,0.09753911197185516
888,0,139,0.09868889645888256,0.09410778433084488
888,0,140,0.10135385737969325,0.095633864402771
888,0,141,0.09741016620626816,0.09835539758205414
888,0,142,0.10012766862144837,0.09564626961946487
888,0,143,0.09643471842774978,0.09677713364362717
888,0,144,0.08581154277691475,0.09514464437961578
888,0,145,0.10215744404838635,0.09644608944654465
888,0,146,0.10156144144443366,0.0960829108953476
888,0,147,0.08749414435946025,0.0955977588891983
888,0,148,0.09807982525000206,0.09390446543693542
888,0,149,0.09303841854517277,0.09253954142332077
888,0,150,0.09556876552792695,0.09298218786716461
888,0,151,0.09634502891164559,0.0936671569943428
888,0,152,0.10423746619086999,0.09424397349357605
888,0,153,0.10844339401676105,0.09573259949684143
888,0,154,0.1097118891775608,0.09531770646572113
888,0,155,0.09160374362881367,0.09487198293209076
888,0,156,0.09491210086987568,0.09494319558143616
888,0,157,0.09637176918868835,0.0942559614777565
888,0,158,0.09638241191322987,0.09453853964805603
888,0,159,0.10167714609549595,0.09382902830839157
888,0,160,0.0876163926262122,0.0933542549610138
888,0,161,0.09356019617273258,0.09155099838972092
888,0,162,0.09875729622749183,0.09266429394483566
888,0,163,0.09285885181564552,0.0933488979935646
888,0,164,0.09016235258716804,0.09296414256095886
888,0,165,0.10097006880320035,0.09597282856702805
888,0,166,0.10215739647929485,0.09698564559221268
888,0,167,0.09426711299098454,0.09495304524898529
888,0,168,0.09929511380883363,0.09295829385519028
888,0,169,0.1086189322746717,0.09303465485572815
888,0,170,0.10510162436045133,0.09358031302690506
888,0,171,0.09874574840068817,0.09449488669633865
888,0,172,0.09238383145286487,0.0952831283211708
888,0,173,0.0881732520289146,0.09681746363639832
888,0,174,0.1031968226799598,0.09718894213438034
888,0,175,0.09492794911448772,0.09664791822433472
888,0,176,0.08031180042486924,0.09569445997476578
888,0,177,0.0901092468545987,0.09536313265562057
888,0,178,0.10007076051372749,0.0953596755862236
888,0,179,0.08980734073198758,0.09708558022975922
888,0,180,0.0930897186581905,0.09675324708223343
888,0,181,0.08564849197864532,0.09693662822246552
888,0,182,0.09326946792694238,0.0973956286907196
888,0,183,0.0938091421356568,0.09755246341228485
888,0,184,0.09260404711732498,0.09526707977056503
888,0,185,0.08541916769284469,0.09334654361009598
888,0,186,0.08868738321157602,0.09247662872076035
888,0,187,0.09950180552326716,0.09348968416452408
888,0,188,0.09350701593435727,0.09443224966526031
888,0,189,0.08944406761572911,0.09455591440200806
888,0,190,0.08240160833184536,0.09393731504678726
888,0,191,0.0876424266741826,0.09460873156785965
888,1,0,0.365615671643844,0.43984168767929077
888,1,1,0.39531410428193897,0.4343762993812561
888,1,2,0.3864138401471652,0.4268910586833954
888,1,3,0.39707254331845504,0.41786274313926697
888,1,4,0.4132487246623406,0.4079170525074005
888,1,5,0.4312622077189959,0.3967509865760803
888,1,6,0.3795106284893476,0.3847869038581848
888,1,7,0.38958705273958355,0.37203776836395264
888,1,8,0.39331894195996797,0.3590293228626251
888,1,9,0.3614817594106381,0.34472763538360596
888,1,10,0.38392403721809387,0.3294796645641327
888,1,11,0.37444532032196337,0.3127904534339905
888,1,12,0.28984593198849606,0.2968156635761261
888,1,13,0.34200065640302807,0.28233471512794495
888,1,14,0.3510111994468249,0.2668209671974182
888,1,15,0.2927160383417056,0.2510465681552887
888,1,16,0.33145773238860643,0.2366943508386612
888,1,17,0.2876321398294889,0.22308936715126038
888,1,18,0.28018551491774046,0.21079705655574799
888,1,19,0.28082442570191163,0.19928090274333954
888,1,20,0.27982057745640093,0.1880940943956375
888,1,21,0.27097688156824845,0.1781264841556549
888,1,22,0.232428823526089,0.17065203189849854
888,1,23,0.257074304498159,0.16646714508533478
888,1,24,0.2656409591436386,0.16305850446224213
888,1,25,0.2628710545026339,0.16173765063285828
888,1,26,0.20981455422364748,0.16249017417430878
888,1,27,0.23433406421771416,0.16364958882331848
888,1,28,0.2245184057033979,0.16488485038280487
888,1,29,0.22327928015818962,0.16885486245155334
888,1,30,0.19601739255281594,0.1706220954656601
888,1,31,0.17146861925721169,0.16393761336803436
888,1,32,0.19023708368723208,0.1615297496318817
888,1,33,0.22047169850422785,0.16125746071338654
888,1,34,0.1799415977528462,0.1583297997713089
888,1,35,0.1927082590185679,0.1590147465467453
888,1,36,0.1695022743481856,0.1626412719488144
888,1,37,0.18543976316085228,0.1642472743988037
888,1,38,0.1748956493460215,0.1672738641500473
888,1,39,0.19575273188260886,0.16199155151844025
888,1,40,0.17958231499561897,0.16305823624134064
888,1,41,0.1954797191115526,0.16500592231750488
888,1,42,0.17441712147914445,0.1616668403148651
888,1,43,0.16705985367298126,0.15588057041168213
888,1,44,0.16944128905351347,0.16081950068473816
888,1,45,0.17304566502571106,0.1666865199804306
888,1,46,0.16775846252074608,0.1753704994916916
888,1,47,0.15412858529732779,0.161190465092659
888,1,48,0.14445678832439277,0.14278578758239746
888,1,49,0.14109459805947083,0.14237500727176666
888,1,50,0.16029542168745628,0.13953188061714172
888,1,51,0.15202472244317716,0.1318483203649521
888,1,52,0.14207457808347848,0.1274755448102951
888,1,53,0.16024782680548155,0.12616963684558868
888,1,54,0.159531135398608,0.12381397187709808
888,1,55,0.14539222533886248,0.12757599353790283
888,1,56,0.14721825203070274,0.12082292139530182
888,1,57,0.14172703600846803,0.11311513930559158
888,1,58,0.12485888543037268,0.11437392234802246
888,1,59,0.16283448155109698,0.11267086863517761
888,1,60,0.1190247839460006,0.11451934278011322
888,1,61,0.14028514291231448,0.12269958853721619
888,1,62,0.13207016770656294,0.12602680921554565
888,1,63,0.13317455236728376,0.13523897528648376
888,1,64,0.13055547326803207,0.11821625381708145
888,1,65,0.14046499419670838,0.1157427653670311
888,1,66,0.13640543933098132,0.10661932080984116
888,1,67,0.13201549076117003,0.10444685816764832
888,1,68,0.1238190709398343,0.09804729372262955
888,1,69,0.13352888020185325,0.09794798493385315
888,1,70,0.13430693000555038,0.09959676116704941
888,1,71,0.11741153322733365,0.09812979400157928
888,1,72,0.11410182657150122,0.09987419843673706
888,1,73,0.10944271546143752,0.10753590613603592
888,1,74,0.12388879863115457,0.10163180530071259
888,1,75,0.11006172803732064,0.10244940966367722
888,1,76,0.11798065556929661,0.10546993464231491
888,1,77,0.11908976418467668,0.09657350182533264
888,1,78,0.12463806426295868,0.09756222367286682
888,1,79,0.11473820759699895,0.10018442571163177
888,1,80,0.11852002745637527,0.10011711716651917
888,1,81,0.10787923576740119,0.1076766774058342
888,1,82,0.1097318997176794,0.10990897566080093
888,1,83,0.10619516011614066,0.10054417699575424
888,1,84,0.13771129342225882,0.09875253587961197
888,1,85,0.1054946851844971,0.11155937612056732
888,1,86,0.1138646281682528,0.10679956525564194
888,1,87,0.10957585504421821,0.10345111787319183
888,1,88,0.12273815102302112,0.10296254605054855
888,1,89,0.10409490964733638,0.0974295362830162
888,1,90,0.1146310493350029,0.10763251781463623
888,1,91,0.11104620477327934,0.09751089662313461
888,1,92,0.10843899043706748,0.10183484107255936
888,1,93,0.12390637311797875,0.10295957326889038
888,1,94,0.10243590204761578,0.10171088576316833
888,1,95,0.10623528349858063,0.09913337230682373
888,1,96,0.10266593729074185,0.09146717190742493
888,1,97,0.10869740637449118,0.08957221359014511
888,1,98,0.11369348890506305,0.09231270849704742
888,1,99,0.10910498580107322,0.098305843770504
888,1,100,0.10999296032465421,0.10441635549068451
888,1,101,0.11286104126618458,0.0998656302690506
888,1,102,0.10755918260950309,0.09584216773509979
888,1,103,0.08752897381782532,0.0974702388048172
888,1,104,0.10114554774302703,0.1068238765001297
888,1,105,0.10645477788952681,0.10491720587015152
888,1,106,0.09938427003530356,0.09276272356510162
888,1,107,0.10672079313259858,0.0923953726887703
888,1,108,0.09423930799731842,0.10208316147327423
888,1,109,0.0961206231552821,0.09851616621017456
888,1,110,0.10173999518156052,0.09386641532182693
888,1,111,0.09469951603275079,0.09145274758338928
888,1,112,0.10924897887385808,0.08880877494812012
888,1,113,0.12051388564018103,0.08688963949680328
888,1,114,0.11093144577283126,0.09250399470329285
888,1,115,0.09542338578746869,0.09882752597332001
888,1,116,0.10673299947610268,0.09360884130001068
888,1,117,0.09117118985607074,0.09001849591732025
888,1,118,0.10402016570934883,0.0934523195028305
888,1,119,0.09943086596635672,0.08913549035787582
888,1,120,0.10878097094022311,0.0860525444149971
888,1,121,0.09618427575780795,0.09220276027917862
888,1,122,0.09792185975955082,0.09662505239248276
888,1,123,0.10438254131720616,0.09408975392580032
888,1,124,0.09833474113390996,0.08594470471143723
888,1,125,0.11094591709283683,0.08441412448883057
888,1,126,0.09495497982089336,0.09024669229984283
888,1,127,0.09486423117610124,0.09850014746189117
888,1,128,0.10584818399869479,0.09508626163005829
888,1,129,0.09983404095356281,0.08700864017009735
888,1,130,0.09299304193029037,0.08779239654541016
888,1,131,0.10978884450518168,0.08564655482769012
888,1,132,0.0850242912196196,0.08867669850587845
888,1,133,0.09777121073924579,0.09068494290113449
888,1,134,0.08256135823634955,0.08893949538469315
888,1,135,0.08630257988205323,0.09178955852985382
888,1,136,0.11152844761426632,0.09371953457593918
888,1,137,0.10807807170427762,0.09453373402357101
888,1,138,0.0976196897144501,0.09291734546422958
888,1,139,0.09058542263049346,0.09436573833227158
888,1,140,0.1049387979392822,0.09856459498405457
888,1,141,0.08589414478494571,0.09796018898487091
888,1,142,0.0999485248556504,0.09136807918548584
888,1,143,0.09083022234531549,0.0870477557182312
888,1,144,0.0954829053236888,0.08660870790481567
888,1,145,0.0925827338718451,0.08735740184783936
888,1,146,0.09669970921598948,0.09116491675376892
888,1,147,0.08434233141060059,0.09183324873447418
888,1,148,0.09307618295917144,0.0937734916806221
888,1,149,0.0966652651818899,0.09483809769153595
888,1,150,0.08934101892205384,0.09427520632743835
888,1,151,0.09368415979238656,0.09368927776813507
888,1,152,0.10337934700342324,0.09075132012367249
888,1,153,0.10879178861012825,0.08592889457941055
888,1,154,0.09932281306156746,0.08536985516548157
888,1,155,0.10098427534103394,0.08582542836666107
888,2,0,0.33591027328601253,0.4234156012535095
888,2,1,0.4079848803006686,0.4202015995979309
888,2,2,0.36441848484369427,0.41539332270622253
888,2,3,0.38141419222721684,0.4096378684043884
888,2,4,0.3510094709121264,0.4030296504497528
888,2,5,0.38115555391861844,0.3960759937763214
888,2,6,0.377988521869366,0.3879797160625458
888,2,7,0.35800196803533113,0.37941280007362366
888,2,8,0.317120414513808,0.3711516559123993
888,2,9,0.3504294076791176,0.36249837279319763
888,2,10,0.34185336186335635,0.3540869653224945
888,2,11,0.31459918274329257,0.3451242446899414
888,2,12,0.30446420266078067,0.334970623254776
888,2,13,0.3384613383274812,0.32453349232673645
888,2,14,0.3578591782313127,0.31416091322898865
888,2,15,0.34206590400292325,0.30375614762306213
888,2,16,0.3116056357438748,0.29346784949302673
888,2,17,0.32441096810194164,0.28206682205200195
888,2,18,0.30648874032955903,0.27108675241470337
888,2,19,0.3161078760257134,0.2605978846549988
888,2,20,0.27158120847665346,0.2509588599205017
888,2,21,0.281077415897296,0.24394004046916962
888,2,22,0.26369693932624966,0.2365184873342514
888,2,23,0.2552213462499472,0.23165470361709595
888,2,24,0.2814138669234056,0.22993077337741852
888,2,25,0.26124952275019425,0.22625374794006348
888,2,26,0.2687255866252459,0.2229595184326172
888,2,27,0.22420936135145333,0.21401071548461914
888,2,28,0.24484840952433073,0.2099386602640152
888,2,29,0.24435334022228533,0.2114250361919403
888,2,30,0.21767652722505423,0.20556752383708954
888,2,31,0.18676682389699495,0.20173421502113342
888,2,32,0.2160581911985691,0.19130006432533264
888,2,33,0.20817377131718856,0.19161812961101532
888,2,34,0.22021398750635293,0.18697375059127808
888,2,35,0.21211656756125963,0.18176095187664032
888,2,36,0.20846649775138268,0.17439307272434235
888,2,37,0.18710075662686274,0.17080126702785492
888,2,38,0.2179171099112584,0.16974127292633057
888,2,39,0.1835867206637676,0.16964085400104523
888,2,40,0.17887432815936896,0.16515372693538666
888,2,41,0.20844304045805565,0.16466327011585236
888,2,42,0.18903053208039358,0.15363968908786774
888,2,43,0.17934409013161293,0.1535959392786026
888,2,44,0.1815450552564401,0.15225917100906372
888,2,45,0.16044523624273446,0.15548905730247498
888,2,46,0.1875431491778447,0.15522894263267517
888,2,47,0.18118454630558306,0.15100616216659546
888,2,48,0.16695628257898185,0.1462034285068512
888,2,49,0.16299854276271966,0.15531517565250397
888,2,50,0.16148107384259885,0.14638963341712952
888,2,51,0.1699904169027622,0.14420713484287262
888,2,52,0.1676902398467064,0.14555341005325317
888,2,53,0.16490862805109757,0.14713120460510254
888,2,54,0.1565710770396086,0.14422450959682465
888,2,55,0.1526145780315766,0.13988395035266876
888,2,56,0.1583791604408851,0.14610426127910614
888,2,57,0.15204738195125872,0.13531272113323212
888,2,58,0.1614516514998216,0.13368532061576843
888,2,59,0.14265225197260195,0.13134510815143585
888,2,60,0.1401758546439501,0.1357516199350357
888,2,61,0.14863182260439947,0.12418564409017563
888,2,62,0.13018496793050033,0.12700305879116058
888,2,63,0.14760076225950167,0.1265338957309723
888,2,64,0.1294786213682248,0.12815973162651062
888,2,65,0.13016417450629747,0.11823226511478424
888,2,66,0.14552781788202432,0.12066200375556946
888,2,67,0.13350980671552512,0.11720950901508331
888,2,68,0.12772520230366632,0.1190885454416275
888,2,69,0.15430639741512445,0.11903504282236099
888,2,70,0.13303904521923798,0.1254633665084839
888,2,71,0.13409513636277273,0.12341662496328354
888,2,72,0.13565548280110726,0.12464117258787155
888,2,73,0.1338020580319258,0.12277259677648544
888,2,74,0.1451140006001179,0.1205272525548935
888,2,75,0.12140439336116497,0.1194392517209053
888,2,76,0.129350753644338,0.10967111587524414
888,2,77,0.12264301742498691,0.11331246793270111
888,2,78,0.13339042778198534,0.11875542253255844
888,2,79,0.12984438297840264,0.11816872656345367
888,2,80,0.13372334494040564,0.1151823177933693
888,2,81,0.13428866748626417,0.12454897165298462
888,2,82,0.1260975688122786,0.11677731573581696
888,2,83,0.11044696259957093,0.1199980303645134
888,2,84,0.11716342946657768,0.10934493690729141
888,2,85,0.11463652207301213,0.11124970018863678
888,2,86,0.13439417286561087,0.10690514743328094
888,2,87,0.13346905547838944,0.11468424648046494
888,2,88,0.12247089554484074,0.10932670533657074
888,2,89,0.12496625803984128,0.1072240024805069
888,2,90,0.1255215503848516,0.10855327546596527
888,2,91,0.12296690276035896,0.11154457926750183
888,2,92,0.11671649349423555,0.1115437000989914
888,2,93,0.12942095559376937,0.1057349368929863
888,2,94,0.12677437869402078,0.10293158143758774
888,2,95,0.10948966156977874,0.11834853142499924
888,2,96,0.12270852235647348,0.11143650859594345
888,2,97,0.1263842829144918,0.1150154173374176
888,2,98,0.11945740821269843,0.11167727410793304
888,2,99,0.12114886910869525,0.1158442273736
888,2,100,0.11250670569447371,0.1076708734035492
888,2,101,0.12657681451394007,0.11395268142223358
888,2,102,0.11877074293219127,0.11179456114768982
888,2,103,0.12093990525374046,0.12199386954307556
888,2,104,0.12949250695797113,0.12303987890481949
888,2,105,0.10837342418157138,0.1164107397198677
888,2,106,0.11627538559528497,0.11044809222221375
888,2,107,0.10967434570193291,0.1132650226354599
888,2,108,0.10663337575701567,0.11290089040994644
888,2,109,0.11782836283628757,0.10896962136030197
888,2,110,0.10677103583629315,0.10936955362558365
888,2,111,0.11240610107779503,0.10935007035732269
888,2,112,0.11945487702122101,0.10928645730018616
888,2,113,0.10490722438463798,0.10720963776111603
888,2,114,0.11584725288244394,0.10600768774747849
888,2,115,0.11153170466423035,0.11121418327093124
888,2,116,0.12271026751169792,0.10836534202098846
888,2,117,0.12050951759402569,0.1076374426484108
888,2,118,0.12450771377636836,0.11275756359100342
888,2,119,0.11174257328877082,0.10895901918411255
888,2,120,0.1138692578444114,0.1130424216389656
888,2,121,0.11578532165059677,0.10807688534259796
888,2,122,0.1152388691329039,0.10673428326845169
888,2,123,0.10681369556830479,0.10899647325277328
888,2,124,0.11300827075655644,0.10693544894456863
888,2,125,0.10998825270396012,0.11072830855846405
888,2,126,0.10965476643580657,0.11056561768054962
888,2,127,0.10015232517169072,0.11776028573513031
888,2,128,0.09026579902722286,0.11024647206068039
888,2,129,0.11430112616373943,0.11053525656461716
888,2,130,0.11758530913637234,0.11273293197154999
888,2,131,0.10741839901759075,0.10812710970640182
888,2,132,0.11019528170044605,0.10684259980916977
888,2,133,0.09597726682057747,0.10992404073476791
888,2,134,0.10885392960447532,0.1031213328242302
888,2,135,0.11024826621780029,0.1087019145488739
888,2,136,0.09952730169663063,0.11275376379489899
888,2,137,0.0973569773710691,0.10780572146177292
888,2,138,0.10010806614389786,0.10151547193527222
888,2,139,0.10830901161982463,0.10766838490962982
888,2,140,0.1091010794043541,0.10254127532243729
888,2,141,0.10373591545682687,0.10555477440357208
888,2,142,0.09819831040043098,0.10349621623754501
888,2,143,0.11717768901815781,0.10114772617816925
888,2,144,0.10204573749349667,0.10389707237482071
888,2,145,0.10669239381184945,0.10543975234031677
888,2,146,0.11138497952085274,0.10209352523088455
888,2,147,0.11380150713599645,0.10974154621362686
888,2,148,0.10355701268865512,0.10156572610139847
888,2,149,0.10750690790323111,0.10144329816102982
888,2,150,0.11207822251778382,0.10548151284456253
888,2,151,0.10331549409490365,0.10624474287033081
888,2,152,0.10096273857813615,0.10453967750072479
888,2,153,0.09905159616699585,0.10346034169197083
888,2,154,0.10096030997542235,0.10455799847841263
888,2,155,0.0973906176021466,0.1053309440612793
888,2,156,0.10601673332544473,0.10614190995693207
888,2,157,0.10504084739547509,0.10526935011148453
888,2,158,0.09743001799170788,0.10522569715976715
888,2,159,0.1002377369082891,0.10221228748559952
888,2,160,0.11207263859418723,0.10029535740613937
888,2,161,0.08736732974648476,0.10478249192237854
888,2,162,0.0947696348795524,0.10321522504091263
888,2,163,0.1127912072608104,0.1003110334277153
888,2,164,0.11235096133672275,0.10477827489376068
888,2,165,0.09321769326925278,0.10869155824184418
888,2,166,0.09012171110281578,0.10632587969303131
888,2,167,0.12317061710816163,0.10578089952468872
888,2,168,0.1063604701596957,0.10184967517852783
888,2,169,0.10702695038456184,0.10424188524484634
888,2,170,0.09273316682531284,0.10517077147960663
888,2,171,0.09186633618978354,0.10604332387447357
888,2,172,0.09748802162133731,0.10626278072595596
888,2,173,0.09042962783804306,0.10538233816623688
888,2,174,0.11446993969953977,0.10487106442451477
888,2,175,0.10883429273962975,0.10464490205049515
888,2,176,0.10136880639653939,0.10726097971200943
888,2,177,0.09464210601380238,0.10438121110200882
888,2,178,0.09862282528327061,0.10456960648298264
888,2,179,0.09223177771155651,0.10590086132287979
888,2,180,0.09564236264962417,0.1061699315905571
888,2,181,0.09622228030975048,0.10437500476837158
888,2,182,0.10488276298229511,0.10486504435539246
888,2,183,0.09401210512106235,0.10593964904546738
888,2,184,0.09413821909290093,0.10492098331451416
888,2,185,0.10358730603296024,0.10335428267717361
888,2,186,0.09786022898669426,0.10226039588451385
888,2,187,0.08610557019710541,0.10311725735664368
888,2,188,0.0958471057506708,0.10373669117689133
888,2,189,0.12439830629871441,0.10359635949134827
888,2,190,0.0925941988825798,0.10358323156833649
888,3,0,0.40573543310165405,0.4376303255558014
888,3,1,0.4369505219734632,0.4346557557582855
888,3,2,0.4139573619915889,0.43064767122268677
888,3,3,0.42835357785224915,0.426438570022583
888,3,4,0.40848259742443377,0.421760231256485
888,3,5,0.36801596329762387,0.416465699672699
888,3,6,0.3952874048398091,0.4110223650932312
888,3,7,0.37722172760046446,0.4059843420982361
888,3,8,0.3313239434590706,0.4002668261528015
888,3,9,0.39039067121652454,0.3943980634212494
888,3,10,0.36877806140826297,0.3892988860607147
888,3,11,0.3465879181256661,0.3830360174179077
888,3,12,0.36715381191327023,0.3765692710876465
888,3,13,0.3962320037759267,0.37015965580940247
888,3,14,0.34272704216150135,0.3639887571334839
888,3,15,0.36891573896774876,0.35740160942077637
888,3,16,0.3124877202969331,0.3506099283695221
888,3,17,0.34815140870901257,0.34385234117507935
888,3,18,0.3392262252477499,0.33572953939437866
888,3,19,0.2928520028407757,0.3254293203353882
888,3,20,0.3163827439913383,0.31302469968795776
888,3,21,0.3383970833741702,0.2982786297798157
888,3,22,0.3062118200155405,0.2802228629589081
888,3,23,0.31048991817694443,0.25712618231773376
888,3,24,0.29504493452035463,0.23310279846191406
888,3,25,0.31664018676831174,0.21476352214813232
888,3,26,0.28199056020149815,0.2015402615070343
888,3,27,0.25233685397184813,0.19436228275299072
888,3,28,0.25287279200095397,0.19016782939434052
888,3,29,0.20286928461148188,0.19622144103050232
888,3,30,0.21402732454813445,0.20095790922641754
888,3,31,0.20673994891918623,0.189956396818161
888,3,32,0.21574541811759657,0.19015268981456757
888,3,33,0.18344692312754118,0.18510963022708893
888,3,34,0.19575058038418108,0.18382121622562408
888,3,35,0.2028534521277134,0.17115779221057892
888,3,36,0.19836792865624794,0.1651979237794876
888,3,37,0.18339019669936255,0.16387313604354858
888,3,38,0.18855288510139173,0.15871424973011017
888,3,39,0.15872979106811377,0.16512469947338104
888,3,40,0.1793386242710627,0.1721583753824234
888,3,41,0.17030811309814453,0.16374297440052032
888,3,42,0.1697395879488725,0.15957778692245483
888,3,43,0.17032754650482765,0.15404772758483887
888,3,44,0.18109220667527273,0.14702537655830383
888,3,45,0.15856990504723328,0.15346454083919525
888,3,46,0.15601244167639658,0.1472489833831787
888,3,47,0.15841636462853506,0.14423881471157074
888,3,48,0.1448823087490522,0.1410522162914276
888,3,49,0.1488486218910951,0.13611310720443726
888,3,50,0.14275939647968,0.1421203464269638
888,3,51,0.14325030491902277,0.13529102504253387
888,3,52,0.1414963138791231,0.14242234826087952
888,3,53,0.1301076480975518,0.1377982199192047
888,3,54,0.1421223385975911,0.1352064609527588
888,3,55,0.12697030088076225,0.14278779923915863
888,3,56,0.1128115628201228,0.13762223720550537
888,3,57,0.11572815162631181,0.1441849321126938
888,3,58,0.14380235626147345,0.1440589725971222
888,3,59,0.13175171499068922,0.1383027881383896
888,3,60,0.11620337745318046,0.13877151906490326
888,3,61,0.11749246429938537,0.1365479826927185
888,3,62,0.12952717966758287,0.13984018564224243
888,3,63,0.12735704275277945,0.1349291205406189
888,3,64,0.1272119232095205,0.13685138523578644
888,3,65,0.11485716127432309,0.1378251016139984
888,3,66,0.12039303493041259,0.1384921371936798
888,3,67,0.11305118208894363,0.1364648938179016
888,3,68,0.12351274576324683,0.1355203092098236
888,3,69,0.12554551661014557,0.1405656933784485
888,3,70,0.11281852166240032,0.13911402225494385
888,3,71,0.11353785687914261,0.13301131129264832
888,3,72,0.1351120380254892,0.1353641301393509
888,3,73,0.11061670459233798,0.13555866479873657
888,3,74,0.09809964494063304,0.1327313482761383
888,3,75,0.11933627466742809,0.1335572600364685
888,3,76,0.13227925420953676,0.1300748735666275
888,3,77,0.10764321656181262,0.13412044942378998
888,3,78,0.10856856033205986,0.13528011739253998
888,3,79,0.11776499564831074,0.13621880114078522
888,3,80,0.12351545949394886,0.13390861451625824
888,3,81,0.0953381654734795,0.13583849370479584
888,3,82,0.10088109425627269,0.1317504346370697
888,3,83,0.10555043587317833,0.13836905360221863
888,3,84,0.12322497539795361,0.132253035902977
888,3,85,0.1023705627482671,0.13528409600257874
888,3,86,0.10561694405399837,0.13029322028160095
888,3,87,0.09921154050299755,0.12763608992099762
888,3,88,0.11805994149584037,0.12804481387138367
888,3,89,0.08699092584160659,0.13001275062561035
888,3,90,0.106099727921761,0.12582358717918396
888,3,91,0.09956671870671786,0.1225593164563179
888,3,92,0.10546893454515018,0.12646512687206268
888,3,93,0.08417158975050999,0.12623286247253418
888,3,94,0.08830374651230298,0.12672166526317596
888,3,95,0.11196744441986084,0.12645018100738525
888,3,96,0.11294393527966279,0.1236373707652092
888,3,97,0.10301479697227478,0.12630249559879303
888,3,98,0.09241956758957642,0.12498264759778976
888,3,99,0.11094719228836206,0.1264762580394745
888,3,100,0.08635195215734151,0.12868483364582062
888,3,101,0.0890348691206712,0.1301136165857315
888,3,102,0.09547178561870868,0.12886419892311096
888,3,103,0.0871605107990595,0.12933935225009918
888,3,104,0.09999936589827904,0.13134661316871643
888,3,105,0.09578968183352397,0.13339486718177795
888,3,106,0.09494373445900586,0.12996351718902588
888,3,107,0.10433854248661262,0.1335170716047287
888,3,108,0.09116557011237511,0.13011205196380615
888,3,109,0.09427058725402905,0.13066816329956055
888,3,110,0.08363946985739928,0.13021543622016907
888,3,111,0.08991009140243897,0.12496056407690048
888,3,112,0.09680849686264992,0.12725025415420532
888,3,113,0.09244512336758468,0.1306111067533493
888,3,114,0.10124819267254609,0.1256486475467682
888,3,115,0.09856573635568985,0.13094866275787354
888,3,116,0.0917848486166734,0.1261949986219406
888,3,117,0.09616283642557952,0.12563446164131165
888,3,118,0.08408129731049904,0.12550511956214905
888,3,119,0.10366245703055309,0.12815694510936737
888,3,120,0.09270250052213669,0.12252804636955261
888,3,121,0.10431799665093422,0.12369109690189362
888,3,122,0.08522527636243747,0.12644046545028687
888,3,123,0.08859212639240119,0.1308753937482834
888,3,124,0.0819129949578872,0.12898249924182892
888,3,125,0.09370038687036587,0.12465115636587143
888,3,126,0.08459785838539784,0.12196549773216248
888,3,127,0.09649293382580464,0.12176568806171417
888,3,128,0.09046172064084274,0.12287603318691254
888,3,129,0.08700104430317879,0.1253260225057602
888,3,130,0.09851196436927868,0.12704089283943176
888,3,131,0.08366235288289878,0.12877878546714783
888,3,132,0.09595018396010765,0.12849882245063782
888,3,133,0.08135398104786873,0.12502360343933105
888,3,134,0.09603132594090241,0.12377747893333435
888,3,135,0.08266508378661595,0.12219241261482239
888,3,136,0.09850390398731598,0.12283341586589813
888,3,137,0.0882882707967208,0.12385400384664536
888,3,138,0.09302621191510788,0.1264025717973709
888,3,139,0.08416175011258858,0.12501251697540283
888,3,140,0.08117118707069984,0.12599697709083557
888,3,141,0.08775065610041985,0.12315704673528671
888,3,142,0.09801405209761399,0.1257852017879486
888,3,143,0.0899128274848828,0.12464102357625961
888,3,144,0.08487595187929961,0.12303454428911209
888,3,145,0.09803197332299672,0.12310639023780823
888,3,146,0.09005633770273282,0.12568117678165436
888,3,147,0.08808647268093549,0.12195766717195511
888,3,148,0.09674641174765733,0.1223846971988678
888,3,149,0.09453366295649455,0.12041198462247849
888,3,150,0.08390015392349316,0.11948061734437943
888,3,151,0.09552080327501664,0.12121859192848206
888,3,152,0.1031850129365921,0.11895696818828583
888,3,153,0.09489164386804287,0.1195693090558052
888,3,154,0.09285878132169063,0.11781468987464905
888,3,155,0.07711276555290589,0.11851751804351807
888,3,156,0.09462329344107555,0.11794548481702805
888,3,157,0.08381240241802655,0.11740829050540924
888,3,158,0.07157496936046161,0.11755719035863876
888,3,159,0.07974807574198796,0.11829472333192825
888,3,160,0.08787316427781032,0.11830563843250275
888,3,161,0.0797729417681694,0.11822634935379028
888,3,162,0.0811063340650155,0.11809604614973068
888,3,163,0.09068710930072345,0.11752854287624359
888,3,164,0.08678964382180801,0.11704614758491516
888,3,165,0.09063439730268258,0.11641622334718704
888,3,166,0.08247531520632598,0.11607944965362549
888,3,167,0.0951517654153017,0.1152675524353981
888,3,168,0.0782154265504617,0.11434419453144073
888,3,169,0.0886907265163385,0.11455288529396057
888,3,170,0.09045761766342017,0.1153905913233757
888,3,171,0.09487667192633335,0.11496689915657043
888,3,172,0.08815334164179288,0.1146659329533577
888,3,173,0.08344052072900993,0.11526861786842346
888,3,174,0.07569656807642716,0.1159922257065773
888,3,175,0.08474444483335201,0.1167232021689415
888,3,176,0.07474321814683768,0.11680068075656891
888,3,177,0.07960836732616791,0.11644227057695389
888,3,178,0.08192438173752564,0.11599060893058777
888,3,179,0.08283072480788597,0.11528069525957108
888,3,180,0.08027001470327377,0.11483599990606308
888,3,181,0.06990865646646573,0.11456014961004257
888,3,182,0.08501118134993774,0.11434841901063919
888,3,183,0.08133017672942235,0.11317703127861023
888,3,184,0.07882966674291171,0.11326713114976883
888,3,185,0.08573036526258175,0.11389538645744324
888,3,186,0.08280760794878006,0.11449036747217178
888,3,187,0.08478393606268443,0.11412625014781952
888,3,188,0.07980131071347457,0.11387839913368225
888,3,189,0.08550021109672692,0.11389266699552536
888,3,190,0.09767601381127651,0.1136213093996048
888,3,191,0.08355651681239788,0.11323801428079605
888,3,192,0.08333757147192955,0.11275584250688553
888,3,193,0.07393499979606041,0.11327172070741653
888,3,194,0.0759702124274694,0.11408514529466629
888,3,195,0.07741755390396485,0.11420142650604248
888,3,196,0.08355069676270852,0.11428935825824738
888,3,197,0.07465989085344168,0.11389482021331787
888,3,198,0.07346017945271271,0.11362875998020172
888,3,199,0.0738317109644413,0.11342738568782806
888,3,200,0.08354903786228253,0.11335830390453339
888,3,201,0.08166237275760907,0.1136343851685524
888,3,202,0.08076910645915912,0.11414682865142822
888,3,203,0.09208444993083294,0.11446480453014374
888,3,204,0.09440622450067447,0.11439776420593262
888,3,205,0.08392646851447913,0.11466812342405319
888,3,206,0.08731696697381827,0.11477819085121155
888,3,207,0.07373780069442895,0.11448122560977936
888,3,208,0.08380708413628432,0.11419408023357391
888,3,209,0.08220031427649352,0.11389892548322678
888,3,210,0.07552458002017094,0.11403585970401764
888,3,211,0.08619835571600841,0.11399160325527191
888,3,212,0.08154448179098275,0.11382900178432465
888,3,213,0.08013835176825523,0.11363792419433594
888,3,214,0.07855124026536942,0.11369840055704117
888,3,215,0.07529685445702992,0.11361782252788544
888,3,216,0.09415988738720234,0.1136832982301712
888,3,217,0.08506373975139397,0.11377757787704468
888,3,218,0.08405558363749431,0.11378677189350128
888,3,219,0.08993939367624429,0.11382760107517242
888,3,220,0.07789913478952187,0.11384022235870361
888,3,221,0.0810969602316618,0.1138310357928276
888,3,222,0.08007523847314027,0.11378277838230133
888,4,0,0.37941985176159787,0.3824501931667328
888,4,1,0.3746062242067777,0.37942934036254883
888,4,2,0.445791258261754,0.3754543364048004
888,4,3,0.35513792817409223,0.3709118664264679
888,4,4,0.3771336777852132,0.36563700437545776
888,4,5,0.38134614206277406,0.35901814699172974
888,4,6,0.39105204206246597,0.3516975939273834
888,4,7,0.37300015871341413,0.3438740670681
888,4,8,0.3896501362323761,0.335379958152771
888,4,9,0.37751149558104,0.3263525664806366
888,4,10,0.37810037342401653,0.3165261447429657
888,4,11,0.35983079041425997,0.30717402696609497
888,4,12,0.3415272648517902,0.2968480885028839
888,4,13,0.3250064207957341,0.28538811206817627
888,4,14,0.31426510444054234,0.272197961807251
888,4,15,0.3388870828426801,0.2601109743118286
888,4,16,0.3303089084533545,0.24658846855163574
888,4,17,0.33042143743771774,0.2337283045053482
888,4,18,0.2793830931186676,0.22125060856342316
888,4,19,0.3003889236312646,0.20917464792728424
888,4,20,0.26850541681051254,0.19741441309452057
888,4,21,0.29885577582395995,0.18763823807239532
888,4,22,0.2739209716136639,0.18169070780277252
888,4,23,0.2779036072584299,0.17986182868480682
888,4,24,0.26012775187308973,0.17669886350631714
888,4,25,0.2239850667806772,0.1724613606929779
888,4,26,0.26077567499417525,0.1718933880329132
888,4,27,0.24160516491303077,0.16958720982074738
888,4,28,0.21662602917506144,0.1663741171360016
888,4,29,0.22932915790722921,0.1679719090461731
888,4,30,0.21697883307933807,0.1675446331501007
888,4,31,0.22013851942924353,0.1693105697631836
888,4,32,0.19757668788616473,0.16536027193069458
888,4,33,0.19891918565218264,0.16303125023841858
888,4,34,0.21505466447426722,0.15414221584796906
888,4,35,0.18590761090700442,0.14969787001609802
888,4,36,0.18077735430919206,0.14551426470279694
888,4,37,0.22843669928037202,0.14299583435058594
888,4,38,0.18461484633959258,0.15062545239925385
888,4,39,0.16568256799991316,0.14664995670318604
888,4,40,0.17536320995825988,0.13621355593204498
888,4,41,0.1843373282597615,0.1305254101753235
888,4,42,0.20288525120570108,0.12679079174995422
888,4,43,0.16705278823008904,0.1250217705965042
888,4,44,0.14600502499021017,0.12254277616739273
888,4,45,0.17364107473538473,0.12048011273145676
888,4,46,0.16944737961659065,0.12246880680322647
888,4,47,0.15675958933738562,0.11804954707622528
888,4,48,0.15677117556333542,0.1190154179930687
888,4,49,0.15880736937889686,0.1176018938422203
888,4,50,0.15707765748867622,0.11843610554933548
888,4,51,0.15989396549188173,0.11532944440841675
888,4,52,0.15992173667137438,0.11463387310504913
888,4,53,0.14697948957865054,0.11022234708070755
888,4,54,0.1493943121570807,0.10923493653535843
888,4,55,0.13907907502009317,0.1054757684469223
888,4,56,0.15773489727423742,0.10501796007156372
888,4,57,0.16019865068105552,0.10711579024791718
888,4,58,0.15476866582265267,0.10768894106149673
888,4,59,0.15421272069215775,0.11254021525382996
888,4,60,0.16594265974484956,0.11288675665855408
888,4,61,0.1363752902700351,0.11321049183607101
888,4,62,0.1463418539900046,0.11100944131612778
888,4,63,0.13419717664902026,0.11142513155937195
888,4,64,0.12811974092171743,0.11232167482376099
888,4,65,0.14138230566795057,0.10957416146993637
888,4,66,0.13012471967018568,0.10822101682424545
888,4,67,0.12809040626654258,0.10613129287958145
888,4,68,0.1194450454070018,0.10522106289863586
888,4,69,0.12911714928654525,0.10519234091043472
888,4,70,0.12941332046802229,0.1086922213435173
888,4,71,0.11999920125191028,0.10980810970067978
888,4,72,0.1336426345201639,0.10825998336076736
888,4,73,0.12003161299687165,0.10667678713798523
888,4,74,0.11661504667538863,0.10562953352928162
888,4,75,0.13666067874202362,0.10625535994768143
888,4,76,0.1273092684837488,0.10797861963510513
888,4,77,0.1315479284295669,0.10652206093072891
888,4,78,0.11305526959208342,0.1079474538564682
888,4,79,0.12651996371837762,0.10913348942995071
888,4,80,0.1258698312135843,0.10223201662302017
888,4,81,0.11805290786119607,0.10472682118415833
888,4,82,0.13695209817244455,0.10442380607128143
888,4,83,0.12395881517575337,0.10471197217702866
888,4,84,0.1046927897975995,0.10444387048482895
888,4,85,0.130573607981205,0.10088465362787247
888,4,86,0.10361459564704162,0.10276959091424942
888,4,87,0.12657016171858862,0.10286103934049606
888,4,88,0.10996515303850174,0.10511504858732224
888,4,89,0.10989250099429718,0.11194350570440292
888,4,90,0.11249689643199627,0.11322779208421707
888,4,91,0.11378280417277263,0.10568197071552277
888,4,92,0.11592402882300891,0.10458073019981384
888,4,93,0.11685611823430428,0.10087355971336365
888,4,94,0.1011197971036801,0.09825735539197922
888,4,95,0.11039845301554753,0.10094455629587173
888,4,96,0.1101819291137732,0.10304349660873413
888,4,97,0.11472492378491622,0.09880068153142929
888,4,98,0.11355963893807851,0.09783313423395157
888,4,99,0.1242498394388419,0.09489095211029053
888,4,100,0.10751559155491683,0.09564231336116791
888,4,101,0.11171133271776713,0.09764757007360458
888,4,102,0.10752694423382099,0.09452125430107117
888,4,103,0.09989369947176713,0.09459652006626129
888,4,104,0.10788247075218421,0.0967475175857544
888,4,105,0.1212803853245882,0.09687718003988266
888,4,106,0.10336594713421968,0.0965953841805458
888,4,107,0.09703009059795967,0.09535691142082214
888,4,108,0.10384739133027884,0.09579088538885117
888,4,109,0.10198824995985398,0.09875306487083435
888,4,110,0.10016900043074901,0.1001351848244667
888,4,111,0.10102608656653991,0.09758812934160233
888,4,112,0.10608445537778047,0.10192208737134933
888,4,113,0.1049425839804686,0.10063575208187103
888,4,114,0.10711647369540654,0.09536591917276382
888,4,115,0.09866218469463862,0.09409710764884949
888,4,116,0.09693079441785812,0.09549855440855026
888,4,117,0.1012446335875071,0.09781061112880707
888,4,118,0.1165906864290054,0.09731137007474899
888,4,119,0.1015184550331189,0.09760137647390366
888,4,120,0.10314342608818641,0.1051706001162529
888,4,121,0.10053187494094555,0.1033649742603302
888,4,122,0.11068973031181556,0.09482694417238235
888,4,123,0.09799263139183705,0.09682396799325943
888,4,124,0.11950466724542472,0.09487657248973846
888,4,125,0.10978516076619808,0.09540756791830063
888,4,126,0.1020143275650648,0.09934409707784653
888,4,127,0.1042346556026202,0.09749075025320053
888,4,128,0.10345985568486728,0.09620848298072815
888,4,129,0.08739023598340842,0.09688909351825714
888,4,130,0.09198271769743699,0.0982338935136795
888,4,131,0.09674555263840236,0.09726359695196152
888,4,132,0.09592211762299904,0.09737047553062439
888,4,133,0.09245924536998455,0.10037063807249069
888,4,134,0.09433695129477061,0.09808417409658432
888,4,135,0.10883718313506016,0.09903141856193542
888,4,136,0.11612772139219138,0.10179595649242401
888,4,137,0.08858687688524906,0.10232174396514893
888,4,138,0.10500157825075664,0.10533086210489273
888,4,139,0.08788283799703304,0.1031901091337204
888,4,140,0.1032942934678151,0.10291988402605057
888,4,141,0.10150337448486915,0.10384628176689148
888,4,142,0.09696170229178208,0.10146810114383698
888,4,143,0.09878227917047647,0.10241948068141937
888,4,144,0.11070622933598664,0.1013864055275917
888,4,145,0.08577069410910973,0.10183209925889969
31337,0,0,0.4210501267359807,0.45585867762565613
31337,0,1,0.37428967081583464,0.45184236764907837
31337,0,2,0.39581760936058485,0.4463358521461487
31337,0,3,0.37098217468995315,0.4399380385875702
31337,0,4,0.397945095713322,0.4319736361503601
31337,0,5,0.36024865622703844,0.42307642102241516
31337,0,6,0.39066916131056273,0.412992000579834
31337,0,7,0.3720304862811015,0.40249863266944885
31337,0,8,0.33562540778746974,0.391304075717926
31337,0,9,0.36143285838457256,0.3786507248878479
31337,0,10,0.36452615375702196,0.364915668964386
31337,0,11,0.36590163524334246,0.3498018980026245
31337,0,12,0.3691337865132552,0.3348754048347473
31337,0,13,0.326503937634138,0.3188132345676422
31337,0,14,0.37388536448662096,0.30167776346206665
31337,0,15,0.32264679211836594,0.2851567566394806
31337,0,16,0.30602833514030164,0.26653438806533813
31337,0,17,0.3168165179399344,0.2478899359703064
31337,0,18,0.27258530201820225,0.22938774526119232
31337,0,19,0.27071760021723235,0.21626202762126923
31337,0,20,0.29374905274464536,0.19993773102760315
31337,0,21,0.25486449897289276,0.1869814544916153
31337,0,22,0.22660680917593148,0.17844726145267487
31337,0,23,0.25598868326498914,0.16953861713409424
31337,0,24,0.26192868787508744,0.16207130253314972
31337,0,25,0.22572259604930878,0.15710583329200745
31337,0,26,0.2319311310465519,0.15574561059474945
31337,0,27,0.2238408883030598,0.15677626430988312
31337,0,28,0.22356152133299753,0.15330305695533752
31337,0,29,0.21024185304458326,0.15353842079639435
31337,0,30,0.19669240426558715,0.1536070853471756
31337,0,31,0.19825227042803398,0.1496724635362625
31337,0,32,0.21734691640505424,0.14858853816986084
31337,0,33,0.1979834488951243,0.1474873572587967
31337,0,34,0.21947098466066214,0.14474347233772278
31337,0,35,0.21115050407556388,0.14614750444889069
31337,0,36,0.20450627345305222,0.14992615580558777
31337,0,37,0.18902151802411446,0.15194325149059296
31337,0,38,0.17715368878382903,0.1482803225517273
31337,0,39,0.1856205898981828,0.14916382730007172
31337,0,40,0.17688662100296754,0.1486683338880539
31337,0,41,0.18624129776771253,0.1455390453338623
31337,0,42,0.17896987727055183,0.14458449184894562
31337,0,43,0.17520156158850744,0.1431286484003067
31337,0,44,0.1703778333388842,0.13197895884513855
31337,0,45,0.17646807776047632,0.12940353155136108
31337,0,46,0.16885443318348664,0.13350164890289307
31337,0,47,0.13308625782911593,0.12983590364456177
31337,0,48,0.16281312704086304,0.12307651340961456
31337,0,49,0.16193322951977068,0.11721305549144745
31337,0,50,0.14520986664753693,0.12058282643556595
31337,0,51,0.12525535260255521,0.12303613871335983
31337,0,52,0.17244700628977555,0.11746484786272049
31337,0,53,0.17317877881802046,0.1086408868432045
31337,0,54,0.18434009299828455,0.10162752121686935
31337,0,55,0.1536641504902106,0.10692509263753891
31337,0,56,0.1512973583661593,0.10335208475589752
31337,0,57,0.13953214425307053,0.09883400797843933
31337,0,58,0.15277445660187647,0.09511382132768631
31337,0,59,0.14467634891088194,0.09256066381931305
31337,0,60,0.14262336492538452,0.09710275381803513
31337,0,61,0.13129202734965545,0.08784259855747223
31337,0,62,0.1375101741689902,0.09391158819198608
31337,0,63,0.1370812224654051,0.09511996060609818
31337,0,64,0.13360040749494845,0.08881747722625732
31337,0,65,0.124388709377784,0.08801353722810745
31337,0,66,0.14471087318200332,0.08587304502725601
31337,0,67,0.1387554596249874,0.08807860314846039
31337,0,68,0.12928735522123483,0.08754363656044006
31337,0,69,0.13445492088794708,0.08736774325370789
31337,0,70,0.12583353313115928,0.08412652462720871
31337,0,71,0.1508504312772017,0.08853907138109207
31337,0,72,0.1419926451948973,0.08588073402643204
31337,0,73,0.12020922222962746,0.08195726573467255
31337,0,74,0.14173856348945543,0.08241289854049683
31337,0,75,0.12046065095525521,0.08461496978998184
31337,0,76,0.12709668622567102,0.07868439704179764
31337,0,77,0.1585435695373095,0.08010511845350266
31337,0,78,0.1257005803860151,0.07839637994766235
31337,0,79,0.10914139306316009,0.07723940163850784
31337,0,80,0.1345761510042044,0.07768039405345917
31337,0,81,0.11020379628126438,0.07810258120298386
31337,0,82,0.12898229291805854,0.08192446827888489
31337,0,83,0.13911026028486398,0.07660870999097824
31337,0,84,0.1028844341635704,0.07757440209388733
31337,0,85,0.1212036580993579,0.07409238070249557
31337,0,86,0.11645876415646993,0.07375762611627579
31337,0,87,0.12002233186593422,0.06999959796667099
31337,0,88,0.12031942777908765,0.06840744614601135
31337,0,89,0.13199639606934327,0.06625600159168243
31337,0,90,0.12304334743664815,0.07041201740503311
31337,0,91,0.1264079837844922,0.07033512741327286
31337,0,92,0.13961410980958205,0.06899841874837875
31337,0,93,0.12041810670724282,0.07394580543041229
31337,0,94,0.1142340491597469,0.07232091575860977
31337,0,95,0.11151047910635288,0.07420767098665237
31337,0,96,0.10470819244017968,0.07132146507501602
31337,0,97,0.11721998453140259,0.06860315799713135
31337,0,98,0.10562104473893459,0.07739768177270889
31337,0,99,0.12431205035402225,0.07455342262983322
31337,0,100,0.10351734665723947,0.08296709507703781
31337,0,101,0.11773929171837293,0.07161103934049606
31337,0,102,0.1008864793066795,0.07221370935440063
31337,0,103,0.11631783298574962,0.07336528599262238
31337,0,104,0.10100245934266311,0.07079098373651505
31337,0,105,0.11993718663087258,0.06824562698602676
31337,0,106,0.10992539702699734,0.0692131370306015
31337,0,107,0.09717522418269744,0.06869930028915405
31337,0,108,0.11817386001348495,0.07048962265253067
31337,0,109,0.12355307661570035,0.06980365514755249
31337,0,110,0.11547512073929493,0.07474260032176971
31337,0,111,0.12869100272655487,0.07813948392868042
31337,0,112,0.1116632899412742,0.07836233824491501
31337,0,113,0.11127632053998801,0.07783311605453491
31337,0,114,0.12041876866267277,0.07440194487571716
31337,0,115,0.10837059066845821,0.07458361983299255
31337,0,116,0.11928885143536788,0.06954476982355118
31337,0,117,0.11876043906578651,0.06908226758241653
31337,0,118,0.11570999943293057,0.0692475289106369
31337,0,119,0.1139234364605867,0.0666034147143364
31337,0,120,0.11897912019720444,0.06559963524341583
31337,0,121,0.12597413189136064,0.06616780906915665
31337,0,122,0.10138134772960956,0.06378326565027237
31337,0,123,0.11041331405823047,0.06431422382593155
31337,0,124,0.10948063948979744,0.06638482958078384
31337,0,125,0.10462030281241123,0.06483282148838043
31337,0,126,0.12074206110376579,0.06412487477064133
31337,0,127,0.11604701698972629,0.061724912375211716
31337,0,128,0.12631404371215746,0.061785466969013214
31337,0,129,0.10482337841620812,0.0603470541536808
31337,0,130,0.11598440775504479,0.06668244302272797
31337,0,131,0.10746344494131896,0.06092846393585205
31337,0,132,0.10576044968687572,0.06117633730173111
31337,0,133,0.10683105513453484,0.06248860061168671
31337,0,134,0.10742733971430705,0.060916103422641754
31337,0,135,0.10842377549180618,0.06231564283370972
31337,0,136,0.10187666490674019,0.06131519749760628
31337,0,137,0.1009631884785799,0.0600992850959301
31337,0,138,0.10706249337929946,0.059552863240242004
31337,0,139,0.09667755147585502,0.05920131132006645
31337,0,140,0.09742611904556935,0.05795000493526459
31337,0,141,0.11784291668580128,0.055988360196352005
31337,0,142,0.11687197450261849,0.05791241675615311
31337,0,143,0.10392323079017493,0.060736000537872314
31337,0,144,0.10433905471402866,0.058619093149900436
31337,0,145,0.10004295580662213,0.05718693509697914
31337,0,146,0.10471029550983356,0.05498061701655388
31337,0,147,0.11647348220531757,0.05371415615081787
31337,0,148,0.09507823391602589,0.056732650846242905
31337,0,149,0.09790569457870263,0.05693289637565613
31337,0,150,0.09209627744096976,0.05870097875595093
31337,0,151,0.10179292181363472,0.060045529156923294
31337,0,152,0.10793378576636314,0.060074176639318466
31337,0,153,0.10101536604074332,0.059368912130594254
31337,0,154,0.10432472739082116,0.060422345995903015
31337,0,155,0.11725866565337548,0.06095660850405693
31337,0,156,0.09815632408628097,0.06286610662937164
31337,0,157,0.10055380543837181,0.06255634129047394
31337,0,158,0.09631107575618304,0.06099829077720642
31337,0,159,0.09434832174044389,0.06141331046819687
31337,0,160,0.09475634046472035,0.06101550906896591
31337,0,161,0.111449373456148,0.059435147792100906
31337,0,162,0.10112748724909928,0.05950286611914635
31337,0,163,0.08833079498547775,0.06102738901972771
31337,0,164,0.09753171297220084,0.06038672849535942
31337,0,165,0.0962270125746727,0.058011192828416824
31337,0,166,0.10072421368498069,0.05852367728948593
31337,0,167,0.10162904715308776,0.05872104689478874
31337,0,168,0.09429142051018201,0.05824512243270874
31337,0,169,0.08992486962905297,0.05733310803771019
31337,0,170,0.09465939093094605,0.056678399443626404
31337,0,171,0.1000892359476823,0.0570220984518528
31337,0,172,0.09655758108084019,0.05836068093776703
31337,0,173,0.10206258296966553,0.06022031232714653
31337,0,174,0.09632123462282695,0.05801652744412422
31337,0,175,0.10116257776434605,0.057170603424310684
31337,0,176,0.09788050387914364,0.058172278106212616
31337,0,177,0.1023464690034206,0.05885613337159157
31337,1,0,0.44589927334051865,0.3828768730163574
31337,1,1,0.4273398656111497,0.37918102741241455
31337,1,2,0.4249308200982901,0.3740229904651642
31337,1,3,0.43886739015579224,0.3671524226665497
31337,1,4,0.4249150317448836,0.35906100273132324
31337,1,5,0.39490832732273984,0.34994325041770935
31337,1,6,0.4036134103169808,0.341269850730896
31337,1,7,0.38995513721154285,0.33257320523262024
31337,1,8,0.3912469045473979,0.323978990316391
31337,1,9,0.314629295697579,0.31477779150009155
31337,1,10,0.3842262224509166,0.3062800467014313
31337,1,11,0.36678117513656616,0.2960939407348633
31337,1,12,0.3682805322683774,0.2845015227794647
31337,1,13,0.30518475805337614,0.2727579176425934
31337,1,14,0.3492238154778114,0.26298654079437256
31337,1,15,0.32957079777350795,0.25132328271865845
31337,1,16,0.3118597028347162,0.23883859813213348
31337,1,17,0.3224953286922895,0.22806116938591003
31337,1,18,0.29479855127059496,0.21591134369373322
31337,1,19,0.32124026348957646,0.20507903397083282
31337,1,20,0.3240465854222958,0.19569489359855652
31337,1,21,0.32168354094028473,0.1861180067062378
31337,1,22,0.2761280204241092,0.18071965873241425
31337,1,23,0.28947292612149167,0.17410390079021454
31337,1,24,0.2900781092735437,0.16923435032367706
31337,1,25,0.26475272614222306,0.16326768696308136
31337,1,26,0.2589928118082193,0.1609642058610916
31337,1,27,0.23673235911589402,0.16141250729560852
31337,1,28,0.23525971747361696,0.1609036922454834
31337,1,29,0.23868751525878906,0.16101105511188507
31337,1,30,0.24165447915975863,0.15978802740573883
31337,1,31,0.19638090981886938,0.15513743460178375
31337,1,32,0.25882983666199905,0.15263475477695465
31337,1,33,0.21063227493029374,0.15181635320186615
31337,1,34,0.22945433511183813,0.14417524635791779
31337,1,35,0.20208750092066252,0.1483505815267563
31337,1,36,0.21884539838020617,0.1507200002670288
31337,1,37,0.20771916325275713,0.13975487649440765
31337,1,38,0.19458852364466742,0.13309668004512787
31337,1,39,0.2142133409014115,0.12937499582767487
31337,1,40,0.20236803132754105,0.12008906900882721
31337,1,41,0.1829211224730198,0.12144134193658829
31337,1,42,0.17943535573207414,0.12874963879585266
31337,1,43,0.20728276612666938,0.1347915679216385
31337,1,44,0.16166450885625985,0.12508581578731537
31337,1,45,0.18290282900516802,0.11829844862222672
31337,1,46,0.17865359668548292,0.11875564604997635
31337,1,47,0.2053308615890833,0.11730044335126877
31337,1,48,0.1575961044201484,0.11466372013092041
31337,1,49,0.16846119440518892,0.1095724105834961
31337,1,50,0.14973658609848756,0.1073942556977272
31337,1,51,0.16777431850249952,0.11276621371507645
31337,1,52,0.1719448589361631,0.1110038086771965
31337,1,53,0.16102402141461006,0.11119570583105087
31337,1,54,0.16503862520823112,0.11002477258443832
31337,1,55,0.15404225026185697,0.10839571803808212
31337,1,56,0.16332837824638075,0.10724373161792755
31337,1,57,0.15565828807078874,0.10572889447212219
31337,1,58,0.15705413199388063,0.10314259678125381
31337,1,59,0.14061798957677987,0.09812451153993607
31337,1,60,0.15456882233803088,0.10228441655635834
31337,1,61,0.15339651302649424,0.11383422464132309
31337,1,62,0.12980316751278365,0.09999370574951172
31337,1,63,0.14742604757730776,0.10111633688211441
31337,1,64,0.14619636764893165,0.09842900186777115
31337,1,65,0.1391556950715872,0.10173537582159042
31337,1,66,0.15253439431007093,0.09800869971513748
31337,1,67,0.13478301064326212,0.0931178480386734
31337,1,68,0.14138455001207498,0.0993715301156044
31337,1,69,0.12967630017262238,0.10013533383607864
31337,1,70,0.1309093815776018,0.09957259148359299
31337,1,71,0.14464123661701495,0.0987577959895134
31337,1,72,0.12870446707193667,0.09975115954875946
31337,1,73,0.13567726772565109,0.1027383804321289
31337,1,74,0.14459016202734068,0.1010577529668808
31337,1,75,0.13691340788052633,0.09848595410585403
31337,1,76,0.12351453906068435,0.09564872831106186
31337,1,77,0.14595896979937187,0.09965270757675171
31337,1,78,0.12056004284666134,0.10550525039434433
31337,1,79,0.11488852535302822,0.1025429368019104
31337,1,80,0.1281621837272094,0.0994587391614914
31337,1,81,0.12119262092388593,0.09832260012626648
31337,1,82,0.13632300037604111,0.09534112364053726
31337,1,83,0.1288591462832231,0.10150522738695145
31337,1,84,0.13685781680620634,0.09535592794418335
31337,1,85,0.12099448304909927,0.09845400601625443
31337,1,86,0.11581732963140194,0.09577883034944534
31337,1,87,0.1271085959787552,0.10073287039995193
31337,1,88,0.11739849241880271,0.10758375376462936
31337,1,89,0.13111497576420122,0.10014723241329193
31337,1,90,0.10738576260896829,0.10337348282337189
31337,1,91,0.12751164344640878,0.09772752225399017
31337,1,92,0.13182315344993883,0.0985928475856781
31337,1,93,0.12171869409772065,0.09611956775188446
31337,1,94,0.11551113827870442,0.10119833797216415
31337,1,95,0.1233717853633257,0.09663905203342438
31337,1,96,0.11795909989338654,0.09413197636604309
31337,1,97,0.11116101420842685,0.0954459011554718
31337,1,98,0.12047191909872569,0.09581740200519562
31337,1,99,0.11788032547785686,0.09541595727205276
31337,1,100,0.11344540720948806,0.09656232595443726
31337,1,101,0.12425577554565209,0.09643483906984329
31337,1,102,0.10069985630420539,0.09611053764820099
31337,1,103,0.11157544272450301,0.09514587372541428
31337,1,104,0.11391480238391803,0.09577181935310364
31337,1,105,0.12609434299744093,0.09142424911260605
31337,1,106,0.10753239748569635,0.09068766236305237
31337,1,107,0.11393596776402913,0.08860082924365997
31337,1,108,0.11732427288706486,0.09121008217334747
31337,1,109,0.12118177832319187,0.09342583268880844
31337,1,110,0.10394568913258039,0.09182967245578766
31337,1,111,0.11720213379997474,0.09430036693811417
31337,1,112,0.11037828028202057,0.09275445342063904
31337,1,113,0.1113191436116512,0.0963577926158905
31337,1,114,0.11264078949506466,0.09254105389118195
31337,1,115,0.09847712516784668,0.09403034299612045
31337,1,116,0.11267799712144412,0.09396841377019882
31337,1,117,0.13092629726116473,0.09369532763957977
31337,1,118,0.11255201124227963,0.09373530745506287
31337,1,119,0.09670720650599553,0.09363090246915817
31337,1,120,0.10229175537824631,0.09037581831216812
31337,1,121,0.10212790880065697,0.09773734956979752
31337,1,122,0.10719782056716773,0.09103023260831833
31337,1,123,0.10835817341621105,0.0917455330491066
31337,1,124,0.11016622013770618,0.09756163507699966
31337,1,125,0.10060043776264557,0.09587512910366058
31337,1,126,0.1027082371023985,0.09905475378036499
31337,1,127,0.10954615158530381,0.09681195020675659
31337,1,128,0.10765430904351748,0.09418100863695145
31337,1,129,0.09023459227039264,0.09569300711154938
31337,1,130,0.10947954826630078,0.09655863791704178
31337,1,131,0.10503632174088405,0.09869875758886337
31337,1,132,0.1102877356685125,0.09146988391876221
31337,1,133,0.1002807468175888,0.09296935051679611
31337,1,134,0.10657851971112765,0.09315059334039688
31337,1,135,0.10584610872543775,0.09377606213092804
31337,1,136,0.11909923129356824,0.0919242575764656
31337,1,137,0.09047920314165261,0.09408921748399734
31337,1,138,0.12389265459317428,0.09410293400287628
31337,1,139,0.09779134421394421,0.0945742055773735
31337,1,140,0.09985522008859195,0.0932932123541832
31337,1,141,0.11493062428556956,0.09633814543485641
31337,2,0,0.41322823900442857,0.3735966980457306
31337,2,1,0.4289856392603654,0.36994898319244385
31337,2,2,0.42721946422870344,0.36463552713394165
31337,2,3,0.3670401699267901,0.3588806092739105
31337,2,4,0.40983931032510906,0.352469801902771
31337,2,5,0.38280340799918544,0.34539103507995605
31337,2,6,0.38323259009764743,0.3384341597557068
31337,2,7,0.40950332352748287,0.33233001828193665
31337,2,8,0.3602052927017212,0.32664042711257935
31337,2,9,0.3865933017088817,0.3209947943687439
31337,2,10,0.38916738904439485,0.31562569737434387
31337,2,11,0.35245779844430775,0.31028419733047485
31337,2,12,0.33176990197255063,0.30471280217170715
31337,2,13,0.36051928538542527,0.29846274852752686
31337,2,14,0.3467980588857944,0.29149842262268066
31337,2,15,0.3554404630110814,0.2840747833251953
31337,2,16,0.3358114201288957,0.27628087997436523
31337,2,17,0.31941971755944765,0.2679556906223297
31337,2,18,0.33699865066088164,0.25723692774772644
31337,2,19,0.3313311911546267,0.2449876219034195
31337,2,20,0.34856276099498457,0.2326509952545166
31337,2,21,0.3050211404378598,0.218592569231987
31337,2,22,0.3169363049360422,0.20272907614707947
31337,2,23,0.26537413551257205,0.18483051657676697
31337,2,24,0.2894306010924853,0.16740959882736206
31337,2,25,0.2911412062553259,0.1524120569229126
31337,2,26,0.26411833614110947,0.15202969312667847
31337,2,27,0.23139951148858437,0.15473347902297974
31337,2,28,0.22868408606602594,0.16256125271320343
31337,2,29,0.22015964870269483,0.17171163856983185
31337,2,30,0.21554905061538404,0.1657148152589798
31337,2,31,0.2131022810935974,0.15723997354507446
31337,2,32,0.21133730503228995,0.1505349576473236
31337,2,33,0.2067210519543061,0.15646667778491974
31337,2,34,0.20760619869598976,0.168533056974411
31337,2,35,0.22289272856253844,0.17533442378044128
31337,2,36,0.20752563155614412,0.14523322880268097
31337,2,37,0.18940109587632692,0.13156212866306305
31337,2,38,0.16683923453092575,0.1406860053539276
31337,2,39,0.17220933334185526,0.13823167979717255
31337,2,40,0.16741225123405457,0.1397199183702469
31337,2,41,0.1845513049226541,0.13721279799938202
31337,2,42,0.19037137925624847,0.1244175136089325
31337,2,43,0.16740695043252066,0.12281634658575058
31337,2,44,0.167468001636175,0.11928503215312958
31337,2,45,0.15505511657549784,0.1170089989900589
31337,2,46,0.1496643406840471,0.11847597360610962
31337,2,47,0.14501665016779533,0.11621412634849548
31337,2,48,0.14794829631080994,0.1056838184595108
31337,2,49,0.15058572418414629,0.11271464079618454
31337,2,50,0.15473724041993803,0.10726357251405716
31337,2,51,0.14725608951770341,0.10682745277881622
31337,2,52,0.14334882509249908,0.09971272945404053
31337,2,53,0.1446258299625837,0.10543372482061386
31337,2,54,0.15993426167047942,0.09316780418157578
31337,2,55,0.12701006004443535,0.09315444529056549
31337,2,56,0.13534312236767548,0.08818534761667252
31337,2,57,0.1276242956519127,0.09267627447843552
31337,2,58,0.1128857723222329,0.09421250969171524
31337,2,59,0.13950310532863325,0.10126370936632156
31337,2,60,0.13533808233646247,0.096867635846138
31337,2,61,0.14542502909898758,0.09819244593381882
31337,2,62,0.1389441295312001,0.09528263658285141
31337,2,63,0.12612149434594008,0.09095453470945358
31337,2,64,0.11392609431193425,0.09881475567817688
31337,2,65,0.1422940859427819,0.09344397485256195
31337,2,66,0.13565741937894088,0.09234407544136047
31337,2,67,0.13314475004489607,0.09197087585926056
31337,2,68,0.14003722713543817,0.08899445086717606
31337,2,69,0.12784551771787497,0.09266741573810577
31337,2,70,0.13161689816759184,0.08770910650491714
31337,2,71,0.13803861290216446,0.08619588613510132
31337,2,72,0.12539814412593842,0.08566386252641678
31337,2,73,0.1167345866560936,0.08517184108495712
31337,2,74,0.11204851590670072,0.08213194459676743
31337,2,75,0.11285890868076912,0.08360964804887772
31337,2,76,0.11805296116150342,0.08641523867845535
31337,2,77,0.10212610232142302,0.08519493043422699
31337,2,78,0.12924213650134894,0.08301084488630295
31337,2,79,0.1203913061091533,0.08279196172952652
31337,2,80,0.12229406575743969,0.08127180486917496
31337,2,81,0.10888272609848243,0.07806544750928879
31337,2,82,0.10717097669839859,0.07889959216117859
31337,2,83,0.10580763220787048,0.07918953150510788
31337,2,84,0.11568238185002254,0.07970184087753296
31337,2,85,0.11727689149288031,0.08454525470733643
31337,2,86,0.09923346999746102,0.07656656950712204
31337,2,87,0.103067569148082,0.0754377469420433
31337,2,88,0.10609171109703872,0.07901474833488464
31337,2,89,0.1010063153046828,0.073822982609272
31337,2,90,0.11086560212648831,0.07695713639259338
31337,2,91,0.1199500563626106,0.08181552588939667
31337,2,92,0.11105588135810998,0.07336965948343277
31337,2,93,0.11708374579365437,0.06965062022209167
31337,2,94,0.11187549393910629,0.07357703149318695
31337,2,95,0.10035955132200168,0.07348186522722244
31337,2,96,0.10197007484160937,0.06992417573928833
31337,2,97,0.11602020034423241,0.068906269967556
31337,2,98,0.1025972394989087,0.07749038189649582
31337,2,99,0.11027135585363095,0.07851510494947433
31337,2,100,0.09889344613139446,0.0751984715461731
31337,2,101,0.11178262130572246,0.0738551989197731
31337,2,102,0.093160318927123,0.07224612683057785
31337,2,103,0.09362161388764015,0.07179712504148483
31337,2,104,0.1003336705840551,0.0782276839017868
31337,2,105,0.10500467482667702,0.07307325303554535
31337,2,106,0.11303560808300972,0.0752338096499443
31337,2,107,0.10482896921726373,0.07298237830400467
31337,2,108,0.10800318305309002,0.07077569514513016
31337,2,109,0.10842186155227515,0.07014542073011398
31337,2,110,0.10391864409813514,0.0729963630437851
31337,2,111,0.10975571463887508,0.07235061377286911
31337,2,112,0.1139972573862626,0.06890768557786942
31337,2,113,0.11231081474285859,0.07519853115081787
31337,2,114,0.11066405904980806,0.06856461614370346
31337,2,115,0.09824249979395133,0.07538852840662003
31337,2,116,0.09343528002500534,0.07192746549844742
31337,2,117,0.10204468524226776,0.07379661500453949
31337,2,118,0.10437991154881623,0.07300418615341187
31337,2,119,0.09727499748651798,0.07297682017087936
31337,2,120,0.10292751542650737,0.07566192746162415
31337,2,121,0.0906903726550249,0.07210417091846466
31337,2,122,0.08856743574142456,0.07892805337905884
31337,2,123,0.08716026235085267,0.07494819164276123
31337,2,124,0.0984741088289481,0.07218276709318161
31337,2,125,0.09288404538081242,0.07102908194065094
31337,2,126,0.10561174670091042,0.07673680037260056
31337,2,127,0.08414627353732403,0.07425270229578018
31337,2,128,0.10209696453351241,0.0739913210272789
31337,2,129,0.10511955991387367,0.07449888437986374
31337,2,130,0.09911521294942269,0.0736699104309082
31337,2,131,0.09887636854098393,0.06866654008626938
31337,2,132,0.09354472618836623,0.06422441452741623
31337,2,133,0.08881766721606255,0.07069550454616547
31337,2,134,0.09218452584285003,0.07875798642635345
31337,2,135,0.0982858011355767,0.07662385702133179
31337,2,136,0.09778688618770012,0.07362549751996994
31337,2,137,0.0851376626927119,0.07302431762218475
31337,2,138,0.09743872514137855,0.07283106446266174
31337,2,139,0.09555733146575782,0.07548222690820694
31337,2,140,0.0909203366877941,0.06666125357151031
31337,2,141,0.10689828057701771,0.06759477406740189
31337,2,142,0.09191055796467341,0.06719166040420532
31337,2,143,0.09999808984307143,0.07290083914995193
31337,2,144,0.1030963845551014,0.07236941903829575
31337,2,145,0.0916101921063203,0.07263476401567459
31337,2,146,0.10537833949694267,0.0720701515674591
31337,2,147,0.0976051100744651,0.07500268518924713
31337,2,148,0.09181208851245734,0.07443483173847198
31337,2,149,0.09409370101415195,0.07163437455892563
31337,2,150,0.09630217517797764,0.0701146349310875
31337,2,151,0.10150415536302787,0.0711391493678093
31337,2,152,0.09848912232197247,0.06850991398096085
31337,2,153,0.07830944628669666,0.07183358073234558
31337,2,154,0.0898607659798402,0.07296770066022873
31337,2,155,0.08606456936551975,0.07171808928251266
31337,2,156,0.08099130469445999,0.0685899406671524
31337,2,157,0.09648513679320996,0.06750887632369995
31337,2,158,0.10013831263551345,0.06559804081916809
31337,2,159,0.0850177424458357,0.06689782440662384
31337,2,160,0.09208943379613069,0.06327757239341736
31337,2,161,0.10819234498418294,0.0649188756942749
31337,2,162,0.09984158523953877,0.06707324087619781
31337,2,163,0.08172350348188327,0.0702948197722435
31337,2,164,0.10251576224198708,0.06531643867492676
31337,2,165,0.08789762396078843,0.06624546647071838
31337,2,166,0.08211374368805152,0.06611792743206024
31337,2,167,0.08577776929506889,0.06708794087171555
31337,2,168,0.0865698207456332,0.06938564032316208
31337,2,169,0.08629175103627719,0.06745819747447968
31337,2,170,0.08995112862724525,0.07103138417005539
31337,2,171,0.08299555400243172,0.07139404118061066
31337,2,172,0.09078055390944847,0.07143958657979965
31337,2,173,0.0935010861318845,0.06914667040109634
31337,2,174,0.08217818175370876,0.06598394364118576
31337,2,175,0.10491435373058686,0.06701430678367615
31337,2,176,0.08879737670605,0.0686761811375618
31337,2,177,0.09529291236629853,0.06958809494972229
31337,2,178,0.09470493375108792,0.06902670115232468
31337,2,179,0.09670403083929649,0.06975553184747696
31337,2,180,0.0881383828818798,0.07088683545589447
31337,2,181,0.08223515663009423,0.07160238176584244
31337,2,182,0.08543407257932883,0.07252413034439087
31337,2,183,0.08941305342775124,0.0727941021323204
31337,2,184,0.09908958409841244,0.07176267355680466
31337,2,185,0.08995313311998661,0.0706368014216423
31337,2,186,0.09234269192585579,0.0692303255200386
31337,2,187,0.09236772358417511,0.06673454493284225
31337,2,188,0.08667827168336281,0.06697539985179901
31337,2,189,0.10134921967983246,0.06654265522956848
31337,2,190,0.0907593833712431,0.06695129722356796
31337,3,0,0.3633909890284905,0.3595120906829834
31337,3,1,0.3981308868298164,0.3556993007659912
31337,3,2,0.3476420079286282,0.35033416748046875
31337,3,3,0.36231197875279647,0.3440854549407959
31337,3,4,0.4366491803756127,0.33689481019973755
31337,3,5,0.40734952688217163,0.32968857884407043
31337,3,6,0.3687291042162822,0.3210338354110718
31337,3,7,0.3957456613962467,0.3112095594406128
31337,3,8,0.398819910792204,0.3003142178058624
31337,3,9,0.411376300912637,0.29004374146461487
31337,3,10,0.3851269712814918,0.27894365787506104
31337,3,11,0.3986693047560178,0.26938939094543457
31337,3,12,0.3524209765287546,0.25754210352897644
31337,3,13,0.32675486229933226,0.24619056284427643
31337,3,14,0.3465393976523326,0.23431625962257385
31337,3,15,0.3795763196853491,0.22414135932922363
31337,3,16,0.3091755612538411,0.2145402431488037
31337,3,17,0.3256156352850107,0.2043953686952591
31337,3,18,0.31336918702492345,0.19542112946510315
31337,3,19,0.2858044459269597,0.18847797811031342
31337,3,20,0.33142397151543546,0.1816379725933075
31337,3,21,0.2721152317065459,0.17765580117702484
31337,3,22,0.2713167644464053,0.17437532544136047
31337,3,23,0.22812804923607752,0.1735183447599411
31337,3,24,0.2547706411435054,0.17360085248947144
31337,3,25,0.2534280682985599,0.17276880145072937
31337,3,26,0.21942966603315794,0.16927902400493622
31337,3,27,0.2651273963543085,0.16934789717197418
31337,3,28,0.2261416751604814,0.16966211795806885
31337,3,29,0.22782311359277138,0.17278897762298584
31337,3,30,0.22073082052744353,0.16758450865745544
31337,3,31,0.21856462840850538,0.1577625572681427
31337,3,32,0.23315560129972604,0.15219075977802277
31337,3,33,0.20824894996789786,0.1446845531463623
31337,3,34,0.19618808707365623,0.1438712775707245
31337,3,35,0.20774121009386504,0.14614848792552948
31337,3,36,0.2158363129083927,0.14180906116962433
31337,3,37,0.18372357464753664,0.1447545439004898
31337,3,38,0.17964886587399703,0.14427703619003296
31337,3,39,0.18292357944525206,0.1389988511800766
31337,3,40,0.17103937497505775,0.1362181305885315
31337,3,41,0.16905772915253273,0.14040306210517883
31337,3,42,0.1806361898779869,0.1395723819732666
31337,3,43,0.1693587601184845,0.13453757762908936
31337,3,44,0.17154329327436593,0.13512006402015686
31337,3,45,0.16054435991323912,0.13251036405563354
31337,3,46,0.16638794312110314,0.12309245765209198
31337,3,47,0.13702581478999212,0.1278165727853775
31337,3,48,0.15532405903706184,0.13161173462867737
31337,3,49,0.1245862549314132,0.1273120492696762
31337,3,50,0.15232699994857496,0.12870833277702332
31337,3,51,0.13971100461024505,0.1274913251399994
31337,3,52,0.11391613976313518,0.12778423726558685
31337,3,53,0.16493753916942155,0.1278972327709198
31337,3,54,0.13489444410571685,0.12891225516796112
31337,3,55,0.14918586898308533,0.11835113912820816
31337,3,56,0.12784907279106286,0.11410260200500488
31337,3,57,0.13881819007488397,0.1142539530992508
31337,3,58,0.12969825617395914,0.11451598256826401
31337,3,59,0.15230898100596207,0.11031536012887955
31337,3,60,0.13166504869094262,0.1099381297826767
31337,3,61,0.12766098231077194,0.11210249364376068
31337,3,62,0.13822233161100975,0.11077369004487991
31337,3,63,0.1176962348131033,0.11528364568948746
31337,3,64,0.1320463470541514,0.11145534366369247
31337,3,65,0.14088747908289617,0.11196611821651459
31337,3,66,0.13412067179496473,0.11123435199260712
31337,3,67,0.12437378185299727,0.10980313271284103
31337,3,68,0.1320996141204467,0.11002761870622635
31337,3,69,0.14610451861069754,0.10983088612556458
31337,3,70,0.12155221689205903,0.10773753374814987
31337,3,71,0.12036979485016602,0.10725031048059464
31337,3,72,0.1169927274951568,0.10851442813873291
31337,3,73,0.1277826073078009,0.11057575792074203
31337,3,74,0.1258857766023049,0.11365042626857758
31337,3,75,0.10836294121467151,0.11232959479093552
31337,3,76,0.11667218632422961,0.11036065965890884
31337,3,77,0.09129398774642211,0.11271173506975174
31337,3,78,0.12498414974946243,0.10816420614719391
31337,3,79,0.11535668201171435,0.10694799572229385
31337,3,80,0.12197850214747283,0.10418940335512161
31337,3,81,0.11446013874732532,0.10335637629032135
31337,3,82,0.10590439490400828,0.10473857074975967
31337,3,83,0.10406095248002273,0.10275738686323166
31337,3,84,0.09977658924001914,0.10100146383047104
31337,3,85,0.10129911509843972,0.10104331374168396
31337,3,86,0.11798178461881784,0.09893393516540527
31337,3,87,0.11012214049696922,0.10021647810935974
31337,3,88,0.10640888546521847,0.1017773225903511
31337,3,89,0.11020788206503941,0.10409754514694214
31337,3,90,0.1264772266149521,0.09988324344158173
31337,3,91,0.10082342762213486,0.10253436863422394
31337,3,92,0.11050035575261483,0.09934426844120026
31337,3,93,0.09501060786155555,0.09581495076417923
31337,3,94,0.10948099052676788,0.09396564960479736
31337,3,95,0.10432553291320801,0.09786451607942581
31337,3,96,0.10615569754288746,0.1013004258275032
31337,3,97,0.09634922530788642,0.09939620643854141
31337,3,98,0.10436845026337184,0.10037021338939667
31337,3,99,0.09861885412381245,0.10547379404306412
31337,3,100,0.10033738455520226,0.10207807272672653
31337,3,101,0.10617331071541859,0.10268791764974594
31337,3,102,0.10767755112968959,0.10272231698036194
31337,3,103,0.10053891172775856,0.10364647209644318
31337,3,104,0.09890399987881,0.09910745918750763
31337,3,105,0.10420145495579793,0.09682142734527588
31337,3,106,0.10058862572679153,0.10016386955976486
31337,3,107,0.10779557549036466,0.09947504848241806
31337,3,108,0.10674569841760856,0.09850950539112091
31337,3,109,0.11330045157900223,0.09547445923089981
31337,3,110,0.09917776057353386,0.09910163283348083
31337,3,111,0.10389079726659335,0.09766975790262222
31337,3,112,0.09566323974957833,0.09662599861621857
31337,3,113,0.09632779113375224,0.0977998673915863
31337,3,114,0.09774510476451653,0.09785394370555878
31337,3,115,0.08856505986589652,0.09569504112005234
31337,3,116,0.11011164176922578,0.0950852483510971
31337,3,117,0.09057257525049724,0.09626813232898712
31337,3,118,0.09507807630759019,0.09799715876579285
31337,3,119,0.08692731708288193,0.09808558225631714
31337,3,120,0.1009413178723592,0.09901101142168045
31337,3,121,0.091778508745707,0.09962352365255356
31337,3,122,0.10420498395195374,0.09663757681846619
31337,3,123,0.09818827590117088,0.09630390256643295
31337,3,124,0.09323858784941527,0.09767372161149979
31337,3,125,0.0974596171424939,0.09659790247678757
31337,3,126,0.09565447729367477,0.09812334179878235
31337,3,127,0.09073416602153045,0.09777373820543289
31337,3,128,0.10367569613915223,0.09585912525653839
31337,3,129,0.09176370558830407,0.09705305099487305
31337,3,130,0.09719351822367081,0.09751735627651215
31337,3,131,0.09229138493537903,0.10250668972730637
31337,3,132,0.08409070882659692,0.09496239572763443
31337,3,133,0.08666872290464547,0.09472842514514923
31337,3,134,0.09302491121567212,0.0982552021741867
31337,3,135,0.08888415017953286,0.09632617980241776
31337,3,136,0.09509372138060056,0.09786742925643921
31337,3,137,0.07991469135651222,0.09681815654039383
31337,3,138,0.09024016473155755,0.09688131511211395
31337,3,139,0.10376847134186672,0.09955655783414841
31337,3,140,0.09879145599328555,0.09954673796892166
31337,3,141,0.09385241453464215,0.0983414351940155
31337,4,0,0.4301050053193019,0.4222221076488495
31337,4,1,0.449300874884312,0.4179454743862152
31337,4,2,0.4512014744373468,0.4120590090751648
31337,4,3,0.43026262292495143,0.40533575415611267
31337,4,4,0.37132273041285,0.3977852463722229
31337,4,5,0.4243084421524635,0.3892923593521118
31337,4,6,0.4096179719154651,0.3804154098033905
31337,4,7,0.3728981018066406,0.37111586332321167
31337,4,8,0.36429064205059636,0.3623013198375702
31337,4,9,0.3683403203120598,0.35289478302001953
31337,4,10,0.39179430214258343,0.3428766131401062
31337,4,11,0.34302920733506864,0.33325299620628357
31337,4,12,0.3702637627720833,0.32312336564064026
31337,4,13,0.33538667399149674,0.31293708086013794
31337,4,14,0.37666375132707447,0.3023034334182739
31337,4,15,0.3092598536839852,0.29041895270347595
31337,4,16,0.35213351937440723,0.2778966724872589
31337,4,17,0.3384373726753088,0.2627331018447876
31337,4,18,0.31110999561273134,0.24456703662872314
31337,4,19,0.32575651888663953,0.22896946966648102
31337,4,20,0.3128386575442094,0.2129194587469101
31337,4,21,0.27019007160113406,0.1966487318277359
31337,4,22,0.29275258343953353,0.1860121190547943
31337,4,23,0.25363935186312747,0.17736054956912994
31337,4,24,0.24496780393215326,0.17282259464263916
31337,4,25,0.23184144726166359,0.1722613126039505
31337,4,26,0.23397100659517142,0.1739848107099533
31337,4,27,0.21556814186848128,0.1763903796672821
31337,4,28,0.23854990876637971,0.17815566062927246
31337,4,29,0.22213212228738344,0.17687058448791504
31337,4,30,0.2060026520719895,0.1700834184885025
31337,4,31,0.2051776424050331,0.1692216396331787
31337,4,32,0.21339490092717683,0.16690795123577118
31337,4,33,0.20089889833560357,0.1589452177286148
31337,4,34,0.18529777916578147,0.15750913321971893
31337,4,35,0.2017378451732489,0.15626026690006256
31337,4,36,0.16488666431261942,0.16204848885536194
31337,4,37,0.16247917539798296,0.15897290408611298
31337,4,38,0.1616712504854569,0.15123900771141052
31337,4,39,0.18948009667488244,0.14362818002700806
31337,4,40,0.16743178894886604,0.14859794080257416
31337,4,41,0.16513211050858864,0.1437443643808365
31337,4,42,0.16979778901888773,0.14550602436065674
31337,4,43,0.1388976465050991,0.1368284374475479
31337,4,44,0.17505266288152108,0.14008447527885437
31337,4,45,0.15810392453120306,0.14226704835891724
31337,4,46,0.16728227069744697,0.1361638754606247
31337,4,47,0.1674850955605507,0.13117752969264984
31337,4,48,0.15020518004894257,0.13978470861911774
31337,4,49,0.15463904234079215,0.13415145874023438
31337,4,50,0.14378242538525507,0.1289265900850296
31337,4,51,0.13526291887347514,0.1251639723777771
31337,4,52,0.13822269439697266,0.1312091052532196
31337,4,53,0.13342231684006178,0.12400583922863007
31337,4,54,0.1358288128215533,0.1268993318080902
31337,4,55,0.1323809027671814,0.12046485394239426
31337,4,56,0.15458876696916726,0.12402543425559998
31337,4,57,0.12694527896550986,0.11877141892910004
31337,4,58,0.141657836162127,0.11980670690536499
31337,4,59,0.12801122980622145,0.11655363440513611
31337,4,60,0.117702505336358,0.11593921482563019
31337,4,61,0.1370136600274306,0.11545562744140625
31337,4,62,0.1295918575846232,0.12725862860679626
31337,4,63,0.12456852426895729,0.11989360302686691
31337,4,64,0.1338883821780865,0.11621031910181046
31337,4,65,0.1267656907439232,0.11513859033584595
31337,4,66,0.13110830176335114,0.11665946245193481
31337,4,67,0.11612257361412048,0.11150915175676346
31337,4,68,0.133004022618899,0.11959346383810043
31337,4,69,0.12644088382904345,0.1173166036605835
31337,4,70,0.11932571834096542,0.11659319698810577
31337,4,71,0.12325318100360724,0.11210571229457855
31337,4,72,0.12257392532550372,0.1116410419344902
31337,4,73,0.1216218643463575,0.10754254460334778
31337,4,74,0.1223223226574751,0.11249418556690216
31337,4,75,0.10912480721106896,0.11433478444814682
31337,4,76,0.11817956887758695,0.11128338426351547
31337,4,77,0.11580483386149773,0.10871347784996033
31337,4,78,0.1151838875733889,0.11661524325609207
31337,4,79,0.12347732369716351,0.1143614798784256
31337,4,80,0.11010494598975548,0.11467141658067703
31337,4,81,0.12055999441788746,0.11349467188119888
31337,4,82,0.10726353124930309,0.11178931593894958
31337,4,83,0.12102007006223385,0.11234734207391739
31337,4,84,0.12167263460847047,0.11577114462852478
31337,4,85,0.11460081115365028,0.11143684387207031
31337,4,86,0.10771840782119678,0.11054307967424393
31337,4,87,0.11765130953146861,0.11400564014911652
31337,4,88,0.10667843027756764,0.11347270011901855
31337,4,89,0.11015216089211978,0.1194465309381485
31337,4,90,0.12845826177642897,0.10832627862691879
31337,4,91,0.11661636198942478,0.11098641157150269
31337,4,92,0.11181747856048438,0.11378330737352371
31337,4,93,0.09853715234651016,0.11796248704195023
31337,4,94,0.11805593279691842,0.11828384548425674
31337,4,95,0.11213453457905696,0.11117511242628098
31337,4,96,0.09298548876092984,0.11043885350227356
31337,4,97,0.10479614453820082,0.11092012375593185
31337,4,98,0.11181921354280068,0.11326874792575836
31337,4,99,0.11180072850905932,0.11536211520433426
31337,4,100,0.11904628689472492,0.11414775997400284
31337,4,101,0.11963012012151572,0.11372417956590652
31337,4,102,0.10389119845170242,0.11459224671125412
31337,4,103,0.09886589187842149,0.11078029870986938
31337,4,104,0.11669038637326314,0.1133754551410675
31337,4,105,0.09559463623624581,0.11222987622022629
31337,4,106,0.09273285791277885,0.11915379017591476
31337,4,107,0.09995281209166233,0.11262454092502594
31337,4,108,0.09949753634058513,0.11201243102550507
31337,4,109,0.10941089775699836,0.11874420195817947
31337,4,110,0.11768494030603996,0.11329676955938339
31337,4,111,0.09278581348749307,0.11753639578819275
31337,4,112,0.10818892316176341,0.11671999096870422
31337,4,113,0.1057875849879705,0.11823977530002594
31337,4,114,0.10374148505238387,0.12036389857530594
31337,4,115,0.10248714112318479,0.11873047798871994
31337,4,116,0.08472875075844619,0.12175672501325607
31337,4,117,0.1034933145229633,0.1117364689707756
31337,4,118,0.09814579928150544,0.11516013741493225
31337,4,119,0.10777146684435698,0.11835985630750656
31337,4,120,0.09300598645439515,0.1218944638967514
31337,4,121,0.10587614344862792,0.11663845926523209
31337,4,122,0.0960467506486636,0.12108159065246582
31337,4,123,0.0860961784537022,0.11758187413215637
31337,4,124,0.10054243155396901,0.12292648106813431
31337,4,125,0.10312925623013423,0.11659691482782364
31337,4,126,0.0954851284623146,0.1175442561507225
31337,4,127,0.09634578772462331,0.11727390438318253
31337,4,128,0.09505984359062634,0.1166163980960846
31337,4,129,0.09002478564014801,0.12043123692274094
31337,4,130,0.09217235531944495,0.1180034875869751
31337,4,131,0.09275706771474618,0.11343012005090714
31337,4,132,0.08791730237694886,0.11583244055509567
31337,4,133,0.09190596898014729,0.11647861450910568
31337,4,134,0.10219715449672478,0.11541424691677094
31337,4,135,0.09913722311074917,0.1157798245549202
31337,4,136,0.08678781814300097,0.11874952912330627
31337,4,137,0.08997828054886597,0.1191343367099762
31337,4,138,0.09120630358274166,0.11943835765123367
31337,4,139,0.08517037905179538,0.11700418591499329
31337,4,140,0.09162097051739693,0.11892355233430862
31337,4,141,0.08482045479691945,0.11855456978082657
